LEVEL_CD_NAME,STATE,COUNTY,COMMUNITY,YEAR,TIME_TYPE,VAR_CAT,VAR,VAR_NAME,VALUE
Municipality,MA,Franklin,Ashfield,2022,5-Year-Estimates,Demographics,Population Total,CEN_POP,"1,838.00"
Municipality,MA,Franklin,Ashfield,2022,5-Year-Estimates,Demographics,White Population,CEN_WHITE,"1,710.00"
Municipality,MA,Franklin,Ashfield,2022,5-Year-Estimates,Demographics,Hispanic or Latino Population (of any race),CEN_HISPANIC,14
Municipality,MA,Franklin,Ashfield,2022,5-Year-Estimates,Demographics,Black Population,CEN_BLACK,1
Municipality,MA,Franklin,Ashfield,2022,5-Year-Estimates,Demographics,Other Races Population,CEN_OTHRACE,1
Municipality,MA,Franklin,Ashfield,2022,5-Year-Estimates,Demographics,Asian Population,CEN_ASIAN,16
Municipality,MA,Franklin,Ashfield,2022,5-Year-Estimates,Demographics,Age-3 to 4 Years Old,3_4_YEARS,6
Municipality,MA,Franklin,Ashfield,2022,5-Year-Estimates,Demographics,Age-5 Years Old,5_YEARS,11
Municipality,MA,Franklin,Ashfield,2022,5-Year-Estimates,Demographics,Age-6 to 8 Years Old,6_8_YEARS,47
Municipality,MA,Franklin,Ashfield,2022,5-Year-Estimates,Demographics,Age-9 to 11 Years Old,9_11_YEARS,46
Municipality,MA,Franklin,Ashfield,2022,5-Year-Estimates,Demographics,Age-12 to 14 Years Old,12_14_YEARS,14
Municipality,MA,Franklin,Ashfield,2022,5-Year-Estimates,Demographics,Age-15 to 17 Years Old,15_17_YEARS,35
Municipality,MA,Franklin,Ashfield,2022,5-Year-Estimates,Demographics,Age-18 to 19 Years Old,18_19_YEARS,35
Municipality,MA,Franklin,Ashfield,2022,5-Year-Estimates,Demographics,Age-20 to 24 Years Old,20_24_YEARS,45
Municipality,MA,Franklin,Ashfield,2022,5-Year-Estimates,Demographics,Age-25 to 29 Years Old,25_29_YEARS,57
Municipality,MA,Franklin,Ashfield,2022,5-Year-Estimates,Demographics,Age-30 to 34 Years Old,30_34_YEARS,97
Municipality,MA,Franklin,Ashfield,2022,5-Year-Estimates,Demographics,Age-35 to 39 Years Old,35_39_YEARS,47
Municipality,MA,Franklin,Ashfield,2022,5-Year-Estimates,Demographics,Age-40 to 44 Years Old,40_44_YEARS,49
Municipality,MA,Franklin,Ashfield,2022,5-Year-Estimates,Demographics,Age-45 to 49 Years Old,45_49_YEARS,175
Municipality,MA,Franklin,Ashfield,2022,5-Year-Estimates,Demographics,Age-50 to 54 Years Old,50_54_YEARS,138
Municipality,MA,Franklin,Ashfield,2022,5-Year-Estimates,Demographics,Age-55 to 59 Years Old,55_59_YEARS,165
Municipality,MA,Franklin,Ashfield,2022,5-Year-Estimates,Demographics,Age-60 to 64 Years Old,60_64_YEARS,280
Municipality,MA,Franklin,Ashfield,2022,5-Year-Estimates,Demographics,Age-65 to 69 Years Old,65_69_YEARS,238
Municipality,MA,Franklin,Ashfield,2022,5-Year-Estimates,Demographics,Age-70 to 74 Years Old,70_74_YEARS,173
Municipality,MA,Franklin,Ashfield,2022,5-Year-Estimates,Demographics,Age-75 to 79 Years Old,75_79_YEARS,101
Municipality,MA,Franklin,Ashfield,2022,5-Year-Estimates,Demographics,Age-80 to 84 Years Old,80_84_YEARS,22
Municipality,MA,Franklin,Ashfield,2022,5-Year-Estimates,Demographics,Age-85 & older,85+_YEARS,25
Municipality,MA,Franklin,Ashfield,2022,5-Year-Estimates,Demographics,Age-Under 3 Years Old,UNDER_3_YEARS,32
Municipality,MA,Franklin,Ashfield,2022,5-Year-Estimates,Demographics,Households-Married Couples,CEN_MARRHOU,426
Municipality,MA,Franklin,Ashfield,2022,5-Year-Estimates,Demographics,Households-Single Parent,CEN_SINGPARHOU,7
Municipality,MA,Franklin,Ashfield,2022,5-Year-Estimates,Demographics,Households-Total,CEN_HOUSEHOLDS,895
Municipality,MA,Franklin,Ashfield,2022,5-Year-Estimates,Demographics,Net Domestic Migration,CEN_NET_DOM_MIGR,0
Municipality,MA,Franklin,Ashfield,2022,5-Year-Estimates,Demographics,Percent Elderly with Car Access,CAR_AGE_HOUSEHOLDER,0.88
Municipality,MA,Franklin,Ashfield,2022,5-Year-Estimates,Demographics,Percent Grandparents Who Are Primary Caregiver,GRAND_CAREGIVER,1
Municipality,MA,Franklin,Ashfield,2022,5-Year-Estimates,Demographics,Percent of Elderly Below Poverty Line,ELDERLY_POV,0.08
Municipality,MA,Franklin,Ashfield,2022,5-Year-Estimates,Demographics,Percent of Elderly who Live Alone,ELDERLY_LIVEALONE,0.26
Municipality,MA,Franklin,Ashfield,2022,5-Year-Estimates,Demographics,Percent of Population Who are Not White,MINORITY_PERCENT,0.07
Municipality,MA,Franklin,Ashfield,2022,5-Year-Estimates,Demographics,Population 5+,CEN_POP_O4,"1,800.00"
Municipality,MA,Franklin,Ashfield,2022,5-Year-Estimates,Demographics,Population 25+,CEN_POP_O24,"1,567.00"
Municipality,MA,Franklin,Ashfield,2022,5-Year-Estimates,Demographics,Population 65+,CEN_POP_O64,559
Municipality,MA,Franklin,Ashfield,2022,5-Year-Estimates,Demographics,Population Living in Rural Areas,CEN_RURALPOP,0
Municipality,MA,Franklin,Ashfield,2022,5-Year-Estimates,Demographics,Population living in the same county as five years ago,CEN_SAMECOUNTY,0
Municipality,MA,Franklin,Ashfield,2022,5-Year-Estimates,Demographics,Population living in the same house as five years ago,CEN_SAMEHOUSE,0
Municipality,MA,Franklin,Ashfield,2022,5-Year-Estimates,Demographics,Population Living in Urban Areas,CEN_URBANPOP,0
Municipality,MA,Franklin,Ashfield,2022,5-Year-Estimates,Demographics,Population Under 18,CEN_POP_U18,191
Municipality,MA,Franklin,Ashfield,2022,5-Year-Estimates,Demographics,Population-Foreign Born,CEN_FORBORN,102
Municipality,MA,Franklin,Ashfield,2022,5-Year-Estimates,Demographics,Single Parent Families,CEN_SINGPAR_CHILD,0
Municipality,MA,Franklin,Ashfield,2022,5-Year-Estimates,Demographics,Speak an Asian Language at Home,CEN_ASIANLANG,6
Municipality,MA,Franklin,Ashfield,2022,5-Year-Estimates,Demographics,Speak Only English at Home,CEN_ENGLISH,"1,771.00"
Municipality,MA,Franklin,Ashfield,2022,5-Year-Estimates,Demographics,Speak Other Language at Home,CEN_OTHLANG,0
Municipality,MA,Franklin,Ashfield,2022,5-Year-Estimates,Demographics,Speak Spanish at Home,CEN_SPANISH,5
Municipality,MA,Franklin,Ashfield,2022,5-Year-Estimates,Demographics,"Two or More Races, Not Hispanic or Latino",CEN_TWO_MORE_NOT_HISP,104
Municipality,MA,Franklin,Ashfield,2022,5-Year-Estimates,Economic,"% Households with Income between $10,000 to $14,999",CEN_PERC_HHINC_10000-14999,0.06
Municipality,MA,Franklin,Ashfield,2022,5-Year-Estimates,Economic,"% Households with Income between $15,000 to $24,999",CEN_PERC_HHINC_15000-24999,0.09
Municipality,MA,Franklin,Ashfield,2022,5-Year-Estimates,Economic,"%  Households with Income between $25,000 to $34,999",CEN_PERC_HHINC_25000-34999,0.05
Municipality,MA,Franklin,Ashfield,2022,5-Year-Estimates,Economic,"%  Households with Income between $35,000 to $49,999",CEN_PERC_HHINC_35000-49999,0.08
Municipality,MA,Franklin,Ashfield,2022,5-Year-Estimates,Economic,"% of  Households with Income between $50,000 to $74,999",CEN_PERC_HHINC_50000-74999,0.15
Municipality,MA,Franklin,Ashfield,2022,5-Year-Estimates,Economic,"% of  Households with Income between $75,000 to $99,999",CEN_PERC_HHINC_75000-99999,0.16
Municipality,MA,Franklin,Ashfield,2022,5-Year-Estimates,Economic,"% of  Households with Income between $100,000 to $149,999",CEN_PERC_HHINC_100000-149999,0.24
Municipality,MA,Franklin,Ashfield,2022,5-Year-Estimates,Economic,"%  of Households with Income between $150,000 to $199,999",CEN_PERC_HHINC_150000-199999,0.04
Municipality,MA,Franklin,Ashfield,2022,5-Year-Estimates,Economic,"% of  Households with Income between $200,000 or more",CEN_PERC_HHINC_200000_PLUS,0.1
Municipality,MA,Franklin,Ashfield,2022,5-Year-Estimates,Economic,"% of Households with Income Less than $10,000",CEN_PERC_HHINC_0-9999,0.04
Municipality,MA,Franklin,Ashfield,2022,5-Year-Estimates,Economic,Child Poverty Rate,CEN_CHILD_POV,0.03
Municipality,MA,Franklin,Ashfield,2022,5-Year-Estimates,Economic,Employment by sex - Female Total,EMP_FEMALE,820
Municipality,MA,Franklin,Ashfield,2022,5-Year-Estimates,Economic,Employment by sex - Male Total,EMP_MALE,"1,100.00"
Municipality,MA,Franklin,Ashfield,2022,5-Year-Estimates,Economic,Employment by sex and below the poverty line - Total,UNEMP_TOT_POV,84
Municipality,MA,Franklin,Ashfield,2022,5-Year-Estimates,Economic,Employment by sex and below the poverty line - Total Percentage,UNEMP_TOT_POV_PERC,0.89
Municipality,MA,Franklin,Ashfield,2022,5-Year-Estimates,Economic,Employment by sex and in poverty - Female,EMP_FEMALE_POV,60
Municipality,MA,Franklin,Ashfield,2022,5-Year-Estimates,Economic,Employment by sex and in poverty - Male,EMP_MALE_POV,70
Municipality,MA,Franklin,Ashfield,2022,5-Year-Estimates,Economic,Employment by sex and in poverty - Total,EMP_TOT_POV,130
Municipality,MA,Franklin,Ashfield,2022,5-Year-Estimates,Economic,Employment by sex and in poverty - Total Percentage,EMP_TOT_POV_PERC,0.14
Municipality,MA,Franklin,Ashfield,2022,5-Year-Estimates,Economic,Family Economic Self Sufficiency,CEN_FAMECON_SELF,0
Municipality,MA,Franklin,Ashfield,2022,5-Year-Estimates,Economic,Gini Coefficient (Income Inequality),CEN_INCOME_INEQ,0.44
Municipality,MA,Franklin,Ashfield,2022,5-Year-Estimates,Economic,"Households with Income between $10,000 to $14,999",CEN_HHINC_10000-14999,51
Municipality,MA,Franklin,Ashfield,2022,5-Year-Estimates,Economic,"Households with Income between $15,000 to $24,999",CEN_HHINC_15000-24999,80
Municipality,MA,Franklin,Ashfield,2022,5-Year-Estimates,Economic,"Households with Income between $25,000 to $34,999",CEN_HHINC_25000-34999,43
Municipality,MA,Franklin,Ashfield,2022,5-Year-Estimates,Economic,"Households with Income between $35,000 to $49,999",CEN_HHINC_35000-49999,73
Municipality,MA,Franklin,Ashfield,2022,5-Year-Estimates,Economic,"Households with Income between $50,000 to $74,999",CEN_HHINC_50000-74999,138
Municipality,MA,Franklin,Ashfield,2022,5-Year-Estimates,Economic,"Households with Income between $75,000 to $99,999",CEN_HHINC_75000-99999,142
Municipality,MA,Franklin,Ashfield,2022,5-Year-Estimates,Economic,"Households with Income between $100,000 to $149,999",CEN_HHINC_100000-149999,212
Municipality,MA,Franklin,Ashfield,2022,5-Year-Estimates,Economic,"Households with Income between $150,000 to $199,999",CEN_HHINC_150000-199999,36
Municipality,MA,Franklin,Ashfield,2022,5-Year-Estimates,Economic,"Households with Income between $200,000 or more",CEN_HHINC_200000_PLUS,89
Municipality,MA,Franklin,Ashfield,2022,5-Year-Estimates,Economic,"Households with Income Less than $10,000",CEN_HHINC_0-9999,31
Municipality,MA,Franklin,Ashfield,2022,5-Year-Estimates,Economic,Households with Retirement Income,CEN_RETINC,302
Municipality,MA,Franklin,Ashfield,2022,5-Year-Estimates,Economic,Households with Social Security Income,CEN_SOCSECINC,405
Municipality,MA,Franklin,Ashfield,2022,5-Year-Estimates,Economic,Income Under 200% of Poverty Line,CENPOV200,0.21
Municipality,MA,Franklin,Ashfield,2022,5-Year-Estimates,Economic,Median Family Income,CEN_MEDFAMINC,"85,009.00"
Municipality,MA,Franklin,Ashfield,2022,5-Year-Estimates,Economic,Median Household Income,CEN_MEDHHINC,"79,648.00"
Municipality,MA,Franklin,Ashfield,2022,5-Year-Estimates,Economic,Per Capita Income,CEN_PERCAPINC,"47,350.00"
Municipality,MA,Franklin,Ashfield,2022,5-Year-Estimates,Economic,Percent of Employed Population in Poverty - Female,EMP_FEMALE_POV_PERC,0.15
Municipality,MA,Franklin,Ashfield,2022,5-Year-Estimates,Economic,Percent of Employed Population in Poverty - Male,EMP_MALE_POV_PERC,0.13
Municipality,MA,Franklin,Ashfield,2022,5-Year-Estimates,Economic,Percent of Families in Poverty,CEN_FAM_POV,0.07
Municipality,MA,Franklin,Ashfield,2022,5-Year-Estimates,Economic,Percent of Unemployed Population in Poverty - Female,UNEMP_FEMALE_POV_PERC,0.81
Municipality,MA,Franklin,Ashfield,2022,5-Year-Estimates,Economic,Percent of Unemployed Population in Poverty - Male,UNEMP_MALE_POV_PERC,1.2
Municipality,MA,Franklin,Ashfield,2022,5-Year-Estimates,Economic,Population Living below Poverty,CEN_POOR,107
Municipality,MA,Franklin,Ashfield,2022,5-Year-Estimates,Economic,Poverty Rate,CEN_POVRATE,0.1
Municipality,MA,Franklin,Ashfield,2022,5-Year-Estimates,Economic,Poverty Rate of Foreign Born,CEN_POV_FOR_BORN,0
Municipality,MA,Franklin,Ashfield,2022,5-Year-Estimates,Economic,Poverty Rate of Foreign Born Naturalized Citizens,CEN_POV_FOR_BORN_NAT,0
Municipality,MA,Franklin,Ashfield,2022,5-Year-Estimates,Economic,Poverty Rate of Foreign Born Non-Citizens,CEN_POV_FOR_BORN_NON_CIT,0
Municipality,MA,Franklin,Ashfield,2022,5-Year-Estimates,Economic,Poverty Status Determined Population,CEN_POVTOTALPOP,"1,831.00"
Municipality,MA,Franklin,Ashfield,2022,5-Year-Estimates,Economic,Self Employment Income-Household,CEN_SELFEMPINC,244
Municipality,MA,Franklin,Ashfield,2022,5-Year-Estimates,Economic,Total population counted for unemployment by sex - Female,UNEMP_FEMALE,148
Municipality,MA,Franklin,Ashfield,2022,5-Year-Estimates,Economic,Total population counted for unemployment by sex - Male,UNEMP_MALE,40
Municipality,MA,Franklin,Ashfield,2022,5-Year-Estimates,Economic,Unemployment by sex and below the poverty line - Female,UNEMP_FEMALE_POV,60
Municipality,MA,Franklin,Ashfield,2022,5-Year-Estimates,Economic,Unemployment by sex and below the poverty line - Male,UNEMP_MALE_POV,24
Municipality,MA,Franklin,Bernardston,2022,5-Year-Estimates,Demographics,Population Total,CEN_POP,"2,036.00"
Municipality,MA,Franklin,Bernardston,2022,5-Year-Estimates,Demographics,White Population,CEN_WHITE,"1,914.00"
Municipality,MA,Franklin,Bernardston,2022,5-Year-Estimates,Demographics,Hispanic or Latino Population (of any race),CEN_HISPANIC,34
Municipality,MA,Franklin,Bernardston,2022,5-Year-Estimates,Demographics,Black Population,CEN_BLACK,2
Municipality,MA,Franklin,Bernardston,2022,5-Year-Estimates,Demographics,Other Races Population,CEN_OTHRACE,14
Municipality,MA,Franklin,Bernardston,2022,5-Year-Estimates,Demographics,Asian Population,CEN_ASIAN,21
Municipality,MA,Franklin,Bernardston,2022,5-Year-Estimates,Demographics,Age-3 to 4 Years Old,3_4_YEARS,56
Municipality,MA,Franklin,Bernardston,2022,5-Year-Estimates,Demographics,Age-5 Years Old,5_YEARS,3
Municipality,MA,Franklin,Bernardston,2022,5-Year-Estimates,Demographics,Age-6 to 8 Years Old,6_8_YEARS,39
Municipality,MA,Franklin,Bernardston,2022,5-Year-Estimates,Demographics,Age-9 to 11 Years Old,9_11_YEARS,90
Municipality,MA,Franklin,Bernardston,2022,5-Year-Estimates,Demographics,Age-12 to 14 Years Old,12_14_YEARS,82
Municipality,MA,Franklin,Bernardston,2022,5-Year-Estimates,Demographics,Age-15 to 17 Years Old,15_17_YEARS,76
Municipality,MA,Franklin,Bernardston,2022,5-Year-Estimates,Demographics,Age-18 to 19 Years Old,18_19_YEARS,16
Municipality,MA,Franklin,Bernardston,2022,5-Year-Estimates,Demographics,Age-20 to 24 Years Old,20_24_YEARS,49
Municipality,MA,Franklin,Bernardston,2022,5-Year-Estimates,Demographics,Age-25 to 29 Years Old,25_29_YEARS,198
Municipality,MA,Franklin,Bernardston,2022,5-Year-Estimates,Demographics,Age-30 to 34 Years Old,30_34_YEARS,126
Municipality,MA,Franklin,Bernardston,2022,5-Year-Estimates,Demographics,Age-35 to 39 Years Old,35_39_YEARS,67
Municipality,MA,Franklin,Bernardston,2022,5-Year-Estimates,Demographics,Age-40 to 44 Years Old,40_44_YEARS,81
Municipality,MA,Franklin,Bernardston,2022,5-Year-Estimates,Demographics,Age-45 to 49 Years Old,45_49_YEARS,121
Municipality,MA,Franklin,Bernardston,2022,5-Year-Estimates,Demographics,Age-50 to 54 Years Old,50_54_YEARS,187
Municipality,MA,Franklin,Bernardston,2022,5-Year-Estimates,Demographics,Age-55 to 59 Years Old,55_59_YEARS,216
Municipality,MA,Franklin,Bernardston,2022,5-Year-Estimates,Demographics,Age-60 to 64 Years Old,60_64_YEARS,216
Municipality,MA,Franklin,Bernardston,2022,5-Year-Estimates,Demographics,Age-65 to 69 Years Old,65_69_YEARS,140
Municipality,MA,Franklin,Bernardston,2022,5-Year-Estimates,Demographics,Age-70 to 74 Years Old,70_74_YEARS,128
Municipality,MA,Franklin,Bernardston,2022,5-Year-Estimates,Demographics,Age-75 to 79 Years Old,75_79_YEARS,80
Municipality,MA,Franklin,Bernardston,2022,5-Year-Estimates,Demographics,Age-80 to 84 Years Old,80_84_YEARS,7
Municipality,MA,Franklin,Bernardston,2022,5-Year-Estimates,Demographics,Age-85 & older,85+_YEARS,32
Municipality,MA,Franklin,Bernardston,2022,5-Year-Estimates,Demographics,Age-Under 3 Years Old,UNDER_3_YEARS,26
Municipality,MA,Franklin,Bernardston,2022,5-Year-Estimates,Demographics,Households-Married Couples,CEN_MARRHOU,494
Municipality,MA,Franklin,Bernardston,2022,5-Year-Estimates,Demographics,Households-Single Parent,CEN_SINGPARHOU,45
Municipality,MA,Franklin,Bernardston,2022,5-Year-Estimates,Demographics,Households-Total,CEN_HOUSEHOLDS,867
Municipality,MA,Franklin,Bernardston,2022,5-Year-Estimates,Demographics,Net Domestic Migration,CEN_NET_DOM_MIGR,0
Municipality,MA,Franklin,Bernardston,2022,5-Year-Estimates,Demographics,Percent Elderly with Car Access,CAR_AGE_HOUSEHOLDER,0.98
Municipality,MA,Franklin,Bernardston,2022,5-Year-Estimates,Demographics,Percent Grandparents Who Are Primary Caregiver,GRAND_CAREGIVER,0.8
Municipality,MA,Franklin,Bernardston,2022,5-Year-Estimates,Demographics,Percent of Elderly Below Poverty Line,ELDERLY_POV,0.02
Municipality,MA,Franklin,Bernardston,2022,5-Year-Estimates,Demographics,Percent of Elderly who Live Alone,ELDERLY_LIVEALONE,0.22
Municipality,MA,Franklin,Bernardston,2022,5-Year-Estimates,Demographics,Percent of Population Who are Not White,MINORITY_PERCENT,0.06
Municipality,MA,Franklin,Bernardston,2022,5-Year-Estimates,Demographics,Population 5+,CEN_POP_O4,"1,954.00"
Municipality,MA,Franklin,Bernardston,2022,5-Year-Estimates,Demographics,Population 25+,CEN_POP_O24,"1,599.00"
Municipality,MA,Franklin,Bernardston,2022,5-Year-Estimates,Demographics,Population 65+,CEN_POP_O64,387
Municipality,MA,Franklin,Bernardston,2022,5-Year-Estimates,Demographics,Population Living in Rural Areas,CEN_RURALPOP,0
Municipality,MA,Franklin,Bernardston,2022,5-Year-Estimates,Demographics,Population living in the same county as five years ago,CEN_SAMECOUNTY,0
Municipality,MA,Franklin,Bernardston,2022,5-Year-Estimates,Demographics,Population living in the same house as five years ago,CEN_SAMEHOUSE,0
Municipality,MA,Franklin,Bernardston,2022,5-Year-Estimates,Demographics,Population Living in Urban Areas,CEN_URBANPOP,0
Municipality,MA,Franklin,Bernardston,2022,5-Year-Estimates,Demographics,Population Under 18,CEN_POP_U18,372
Municipality,MA,Franklin,Bernardston,2022,5-Year-Estimates,Demographics,Population-Foreign Born,CEN_FORBORN,65
Municipality,MA,Franklin,Bernardston,2022,5-Year-Estimates,Demographics,Single Parent Families,CEN_SINGPAR_CHILD,0
Municipality,MA,Franklin,Bernardston,2022,5-Year-Estimates,Demographics,Speak an Asian Language at Home,CEN_ASIANLANG,0
Municipality,MA,Franklin,Bernardston,2022,5-Year-Estimates,Demographics,Speak Only English at Home,CEN_ENGLISH,"1,916.00"
Municipality,MA,Franklin,Bernardston,2022,5-Year-Estimates,Demographics,Speak Other Language at Home,CEN_OTHLANG,0
Municipality,MA,Franklin,Bernardston,2022,5-Year-Estimates,Demographics,Speak Spanish at Home,CEN_SPANISH,6
Municipality,MA,Franklin,Bernardston,2022,5-Year-Estimates,Demographics,"Two or More Races, Not Hispanic or Latino",CEN_TWO_MORE_NOT_HISP,84
Municipality,MA,Franklin,Bernardston,2022,5-Year-Estimates,Economic,"% Households with Income between $10,000 to $14,999",CEN_PERC_HHINC_10000-14999,0.01
Municipality,MA,Franklin,Bernardston,2022,5-Year-Estimates,Economic,"% Households with Income between $15,000 to $24,999",CEN_PERC_HHINC_15000-24999,0.04
Municipality,MA,Franklin,Bernardston,2022,5-Year-Estimates,Economic,"%  Households with Income between $25,000 to $34,999",CEN_PERC_HHINC_25000-34999,0.06
Municipality,MA,Franklin,Bernardston,2022,5-Year-Estimates,Economic,"%  Households with Income between $35,000 to $49,999",CEN_PERC_HHINC_35000-49999,0.18
Municipality,MA,Franklin,Bernardston,2022,5-Year-Estimates,Economic,"% of  Households with Income between $50,000 to $74,999",CEN_PERC_HHINC_50000-74999,0.18
Municipality,MA,Franklin,Bernardston,2022,5-Year-Estimates,Economic,"% of  Households with Income between $75,000 to $99,999",CEN_PERC_HHINC_75000-99999,0.15
Municipality,MA,Franklin,Bernardston,2022,5-Year-Estimates,Economic,"% of  Households with Income between $100,000 to $149,999",CEN_PERC_HHINC_100000-149999,0.18
Municipality,MA,Franklin,Bernardston,2022,5-Year-Estimates,Economic,"%  of Households with Income between $150,000 to $199,999",CEN_PERC_HHINC_150000-199999,0.07
Municipality,MA,Franklin,Bernardston,2022,5-Year-Estimates,Economic,"% of  Households with Income between $200,000 or more",CEN_PERC_HHINC_200000_PLUS,0.12
Municipality,MA,Franklin,Bernardston,2022,5-Year-Estimates,Economic,"% of Households with Income Less than $10,000",CEN_PERC_HHINC_0-9999,0.02
Municipality,MA,Franklin,Bernardston,2022,5-Year-Estimates,Economic,Child Poverty Rate,CEN_CHILD_POV,0.01
Municipality,MA,Franklin,Bernardston,2022,5-Year-Estimates,Economic,Employment by sex - Female Total,EMP_FEMALE,"1,070.00"
Municipality,MA,Franklin,Bernardston,2022,5-Year-Estimates,Economic,Employment by sex - Male Total,EMP_MALE,"1,142.00"
Municipality,MA,Franklin,Bernardston,2022,5-Year-Estimates,Economic,Employment by sex and below the poverty line - Total,UNEMP_TOT_POV,8
Municipality,MA,Franklin,Bernardston,2022,5-Year-Estimates,Economic,Employment by sex and below the poverty line - Total Percentage,UNEMP_TOT_POV_PERC,0.26
Municipality,MA,Franklin,Bernardston,2022,5-Year-Estimates,Economic,Employment by sex and in poverty - Female,EMP_FEMALE_POV,26
Municipality,MA,Franklin,Bernardston,2022,5-Year-Estimates,Economic,Employment by sex and in poverty - Male,EMP_MALE_POV,28
Municipality,MA,Franklin,Bernardston,2022,5-Year-Estimates,Economic,Employment by sex and in poverty - Total,EMP_TOT_POV,54
Municipality,MA,Franklin,Bernardston,2022,5-Year-Estimates,Economic,Employment by sex and in poverty - Total Percentage,EMP_TOT_POV_PERC,0.05
Municipality,MA,Franklin,Bernardston,2022,5-Year-Estimates,Economic,Family Economic Self Sufficiency,CEN_FAMECON_SELF,0
Municipality,MA,Franklin,Bernardston,2022,5-Year-Estimates,Economic,Gini Coefficient (Income Inequality),CEN_INCOME_INEQ,0.39
Municipality,MA,Franklin,Bernardston,2022,5-Year-Estimates,Economic,"Households with Income between $10,000 to $14,999",CEN_HHINC_10000-14999,5
Municipality,MA,Franklin,Bernardston,2022,5-Year-Estimates,Economic,"Households with Income between $15,000 to $24,999",CEN_HHINC_15000-24999,31
Municipality,MA,Franklin,Bernardston,2022,5-Year-Estimates,Economic,"Households with Income between $25,000 to $34,999",CEN_HHINC_25000-34999,53
Municipality,MA,Franklin,Bernardston,2022,5-Year-Estimates,Economic,"Households with Income between $35,000 to $49,999",CEN_HHINC_35000-49999,157
Municipality,MA,Franklin,Bernardston,2022,5-Year-Estimates,Economic,"Households with Income between $50,000 to $74,999",CEN_HHINC_50000-74999,154
Municipality,MA,Franklin,Bernardston,2022,5-Year-Estimates,Economic,"Households with Income between $75,000 to $99,999",CEN_HHINC_75000-99999,133
Municipality,MA,Franklin,Bernardston,2022,5-Year-Estimates,Economic,"Households with Income between $100,000 to $149,999",CEN_HHINC_100000-149999,157
Municipality,MA,Franklin,Bernardston,2022,5-Year-Estimates,Economic,"Households with Income between $150,000 to $199,999",CEN_HHINC_150000-199999,59
Municipality,MA,Franklin,Bernardston,2022,5-Year-Estimates,Economic,"Households with Income between $200,000 or more",CEN_HHINC_200000_PLUS,100
Municipality,MA,Franklin,Bernardston,2022,5-Year-Estimates,Economic,"Households with Income Less than $10,000",CEN_HHINC_0-9999,18
Municipality,MA,Franklin,Bernardston,2022,5-Year-Estimates,Economic,Households with Retirement Income,CEN_RETINC,273
Municipality,MA,Franklin,Bernardston,2022,5-Year-Estimates,Economic,Households with Social Security Income,CEN_SOCSECINC,323
Municipality,MA,Franklin,Bernardston,2022,5-Year-Estimates,Economic,Income Under 200% of Poverty Line,CENPOV200,0.22
Municipality,MA,Franklin,Bernardston,2022,5-Year-Estimates,Economic,Median Family Income,CEN_MEDFAMINC,"108,214.00"
Municipality,MA,Franklin,Bernardston,2022,5-Year-Estimates,Economic,Median Household Income,CEN_MEDHHINC,"76,761.00"
Municipality,MA,Franklin,Bernardston,2022,5-Year-Estimates,Economic,Per Capita Income,CEN_PERCAPINC,"41,341.00"
Municipality,MA,Franklin,Bernardston,2022,5-Year-Estimates,Economic,Percent of Employed Population in Poverty - Female,EMP_FEMALE_POV_PERC,0.05
Municipality,MA,Franklin,Bernardston,2022,5-Year-Estimates,Economic,Percent of Employed Population in Poverty - Male,EMP_MALE_POV_PERC,0.05
Municipality,MA,Franklin,Bernardston,2022,5-Year-Estimates,Economic,Percent of Families in Poverty,CEN_FAM_POV,0.03
Municipality,MA,Franklin,Bernardston,2022,5-Year-Estimates,Economic,Percent of Unemployed Population in Poverty - Female,UNEMP_FEMALE_POV_PERC,0.57
Municipality,MA,Franklin,Bernardston,2022,5-Year-Estimates,Economic,Percent of Unemployed Population in Poverty - Male,UNEMP_MALE_POV_PERC,0
Municipality,MA,Franklin,Bernardston,2022,5-Year-Estimates,Economic,Population Living below Poverty,CEN_POOR,31
Municipality,MA,Franklin,Bernardston,2022,5-Year-Estimates,Economic,Poverty Rate,CEN_POVRATE,0.03
Municipality,MA,Franklin,Bernardston,2022,5-Year-Estimates,Economic,Poverty Rate of Foreign Born,CEN_POV_FOR_BORN,0
Municipality,MA,Franklin,Bernardston,2022,5-Year-Estimates,Economic,Poverty Rate of Foreign Born Naturalized Citizens,CEN_POV_FOR_BORN_NAT,0
Municipality,MA,Franklin,Bernardston,2022,5-Year-Estimates,Economic,Poverty Rate of Foreign Born Non-Citizens,CEN_POV_FOR_BORN_NON_CIT,0
Municipality,MA,Franklin,Bernardston,2022,5-Year-Estimates,Economic,Poverty Status Determined Population,CEN_POVTOTALPOP,"2,032.00"
Municipality,MA,Franklin,Bernardston,2022,5-Year-Estimates,Economic,Self Employment Income-Household,CEN_SELFEMPINC,164
Municipality,MA,Franklin,Bernardston,2022,5-Year-Estimates,Economic,Total population counted for unemployment by sex - Female,UNEMP_FEMALE,28
Municipality,MA,Franklin,Bernardston,2022,5-Year-Estimates,Economic,Total population counted for unemployment by sex - Male,UNEMP_MALE,34
Municipality,MA,Franklin,Bernardston,2022,5-Year-Estimates,Economic,Unemployment by sex and below the poverty line - Female,UNEMP_FEMALE_POV,8
Municipality,MA,Franklin,Bernardston,2022,5-Year-Estimates,Economic,Unemployment by sex and below the poverty line - Male,UNEMP_MALE_POV,0
Municipality,MA,Franklin,Buckland,2022,5-Year-Estimates,Demographics,Population Total,CEN_POP,"2,004.00"
Municipality,MA,Franklin,Buckland,2022,5-Year-Estimates,Demographics,White Population,CEN_WHITE,"1,779.00"
Municipality,MA,Franklin,Buckland,2022,5-Year-Estimates,Demographics,Hispanic or Latino Population (of any race),CEN_HISPANIC,120
Municipality,MA,Franklin,Buckland,2022,5-Year-Estimates,Demographics,Black Population,CEN_BLACK,1
Municipality,MA,Franklin,Buckland,2022,5-Year-Estimates,Demographics,Other Races Population,CEN_OTHRACE,54
Municipality,MA,Franklin,Buckland,2022,5-Year-Estimates,Demographics,Asian Population,CEN_ASIAN,38
Municipality,MA,Franklin,Buckland,2022,5-Year-Estimates,Demographics,Age-3 to 4 Years Old,3_4_YEARS,27
Municipality,MA,Franklin,Buckland,2022,5-Year-Estimates,Demographics,Age-5 Years Old,5_YEARS,36
Municipality,MA,Franklin,Buckland,2022,5-Year-Estimates,Demographics,Age-6 to 8 Years Old,6_8_YEARS,99
Municipality,MA,Franklin,Buckland,2022,5-Year-Estimates,Demographics,Age-9 to 11 Years Old,9_11_YEARS,96
Municipality,MA,Franklin,Buckland,2022,5-Year-Estimates,Demographics,Age-12 to 14 Years Old,12_14_YEARS,24
Municipality,MA,Franklin,Buckland,2022,5-Year-Estimates,Demographics,Age-15 to 17 Years Old,15_17_YEARS,31
Municipality,MA,Franklin,Buckland,2022,5-Year-Estimates,Demographics,Age-18 to 19 Years Old,18_19_YEARS,19
Municipality,MA,Franklin,Buckland,2022,5-Year-Estimates,Demographics,Age-20 to 24 Years Old,20_24_YEARS,114
Municipality,MA,Franklin,Buckland,2022,5-Year-Estimates,Demographics,Age-25 to 29 Years Old,25_29_YEARS,58
Municipality,MA,Franklin,Buckland,2022,5-Year-Estimates,Demographics,Age-30 to 34 Years Old,30_34_YEARS,161
Municipality,MA,Franklin,Buckland,2022,5-Year-Estimates,Demographics,Age-35 to 39 Years Old,35_39_YEARS,163
Municipality,MA,Franklin,Buckland,2022,5-Year-Estimates,Demographics,Age-40 to 44 Years Old,40_44_YEARS,116
Municipality,MA,Franklin,Buckland,2022,5-Year-Estimates,Demographics,Age-45 to 49 Years Old,45_49_YEARS,114
Municipality,MA,Franklin,Buckland,2022,5-Year-Estimates,Demographics,Age-50 to 54 Years Old,50_54_YEARS,120
Municipality,MA,Franklin,Buckland,2022,5-Year-Estimates,Demographics,Age-55 to 59 Years Old,55_59_YEARS,131
Municipality,MA,Franklin,Buckland,2022,5-Year-Estimates,Demographics,Age-60 to 64 Years Old,60_64_YEARS,193
Municipality,MA,Franklin,Buckland,2022,5-Year-Estimates,Demographics,Age-65 to 69 Years Old,65_69_YEARS,137
Municipality,MA,Franklin,Buckland,2022,5-Year-Estimates,Demographics,Age-70 to 74 Years Old,70_74_YEARS,165
Municipality,MA,Franklin,Buckland,2022,5-Year-Estimates,Demographics,Age-75 to 79 Years Old,75_79_YEARS,85
Municipality,MA,Franklin,Buckland,2022,5-Year-Estimates,Demographics,Age-80 to 84 Years Old,80_84_YEARS,42
Municipality,MA,Franklin,Buckland,2022,5-Year-Estimates,Demographics,Age-85 & older,85+_YEARS,25
Municipality,MA,Franklin,Buckland,2022,5-Year-Estimates,Demographics,Age-Under 3 Years Old,UNDER_3_YEARS,48
Municipality,MA,Franklin,Buckland,2022,5-Year-Estimates,Demographics,Households-Married Couples,CEN_MARRHOU,391
Municipality,MA,Franklin,Buckland,2022,5-Year-Estimates,Demographics,Households-Single Parent,CEN_SINGPARHOU,95
Municipality,MA,Franklin,Buckland,2022,5-Year-Estimates,Demographics,Households-Total,CEN_HOUSEHOLDS,871
Municipality,MA,Franklin,Buckland,2022,5-Year-Estimates,Demographics,Net Domestic Migration,CEN_NET_DOM_MIGR,0
Municipality,MA,Franklin,Buckland,2022,5-Year-Estimates,Demographics,Percent Elderly with Car Access,CAR_AGE_HOUSEHOLDER,0.91
Municipality,MA,Franklin,Buckland,2022,5-Year-Estimates,Demographics,Percent Grandparents Who Are Primary Caregiver,GRAND_CAREGIVER,0
Municipality,MA,Franklin,Buckland,2022,5-Year-Estimates,Demographics,Percent of Elderly Below Poverty Line,ELDERLY_POV,0.07
Municipality,MA,Franklin,Buckland,2022,5-Year-Estimates,Demographics,Percent of Elderly who Live Alone,ELDERLY_LIVEALONE,0.23
Municipality,MA,Franklin,Buckland,2022,5-Year-Estimates,Demographics,Percent of Population Who are Not White,MINORITY_PERCENT,0.11
Municipality,MA,Franklin,Buckland,2022,5-Year-Estimates,Demographics,Population 5+,CEN_POP_O4,"1,929.00"
Municipality,MA,Franklin,Buckland,2022,5-Year-Estimates,Demographics,Population 25+,CEN_POP_O24,"1,510.00"
Municipality,MA,Franklin,Buckland,2022,5-Year-Estimates,Demographics,Population 65+,CEN_POP_O64,454
Municipality,MA,Franklin,Buckland,2022,5-Year-Estimates,Demographics,Population Living in Rural Areas,CEN_RURALPOP,0
Municipality,MA,Franklin,Buckland,2022,5-Year-Estimates,Demographics,Population living in the same county as five years ago,CEN_SAMECOUNTY,0
Municipality,MA,Franklin,Buckland,2022,5-Year-Estimates,Demographics,Population living in the same house as five years ago,CEN_SAMEHOUSE,0
Municipality,MA,Franklin,Buckland,2022,5-Year-Estimates,Demographics,Population Living in Urban Areas,CEN_URBANPOP,0
Municipality,MA,Franklin,Buckland,2022,5-Year-Estimates,Demographics,Population Under 18,CEN_POP_U18,361
Municipality,MA,Franklin,Buckland,2022,5-Year-Estimates,Demographics,Population-Foreign Born,CEN_FORBORN,93
Municipality,MA,Franklin,Buckland,2022,5-Year-Estimates,Demographics,Single Parent Families,CEN_SINGPAR_CHILD,0
Municipality,MA,Franklin,Buckland,2022,5-Year-Estimates,Demographics,Speak an Asian Language at Home,CEN_ASIANLANG,30
Municipality,MA,Franklin,Buckland,2022,5-Year-Estimates,Demographics,Speak Only English at Home,CEN_ENGLISH,"1,841.00"
Municipality,MA,Franklin,Buckland,2022,5-Year-Estimates,Demographics,Speak Other Language at Home,CEN_OTHLANG,29
Municipality,MA,Franklin,Buckland,2022,5-Year-Estimates,Demographics,Speak Spanish at Home,CEN_SPANISH,12
Municipality,MA,Franklin,Buckland,2022,5-Year-Estimates,Demographics,"Two or More Races, Not Hispanic or Latino",CEN_TWO_MORE_NOT_HISP,132
Municipality,MA,Franklin,Buckland,2022,5-Year-Estimates,Economic,"% Households with Income between $10,000 to $14,999",CEN_PERC_HHINC_10000-14999,0.08
Municipality,MA,Franklin,Buckland,2022,5-Year-Estimates,Economic,"% Households with Income between $15,000 to $24,999",CEN_PERC_HHINC_15000-24999,0.04
Municipality,MA,Franklin,Buckland,2022,5-Year-Estimates,Economic,"%  Households with Income between $25,000 to $34,999",CEN_PERC_HHINC_25000-34999,0.05
Municipality,MA,Franklin,Buckland,2022,5-Year-Estimates,Economic,"%  Households with Income between $35,000 to $49,999",CEN_PERC_HHINC_35000-49999,0.12
Municipality,MA,Franklin,Buckland,2022,5-Year-Estimates,Economic,"% of  Households with Income between $50,000 to $74,999",CEN_PERC_HHINC_50000-74999,0.16
Municipality,MA,Franklin,Buckland,2022,5-Year-Estimates,Economic,"% of  Households with Income between $75,000 to $99,999",CEN_PERC_HHINC_75000-99999,0.21
Municipality,MA,Franklin,Buckland,2022,5-Year-Estimates,Economic,"% of  Households with Income between $100,000 to $149,999",CEN_PERC_HHINC_100000-149999,0.19
Municipality,MA,Franklin,Buckland,2022,5-Year-Estimates,Economic,"%  of Households with Income between $150,000 to $199,999",CEN_PERC_HHINC_150000-199999,0.07
Municipality,MA,Franklin,Buckland,2022,5-Year-Estimates,Economic,"% of  Households with Income between $200,000 or more",CEN_PERC_HHINC_200000_PLUS,0.03
Municipality,MA,Franklin,Buckland,2022,5-Year-Estimates,Economic,"% of Households with Income Less than $10,000",CEN_PERC_HHINC_0-9999,0.04
Municipality,MA,Franklin,Buckland,2022,5-Year-Estimates,Economic,Child Poverty Rate,CEN_CHILD_POV,0.12
Municipality,MA,Franklin,Buckland,2022,5-Year-Estimates,Economic,Employment by sex - Female Total,EMP_FEMALE,886
Municipality,MA,Franklin,Buckland,2022,5-Year-Estimates,Economic,Employment by sex - Male Total,EMP_MALE,"1,008.00"
Municipality,MA,Franklin,Buckland,2022,5-Year-Estimates,Economic,Employment by sex and below the poverty line - Total,UNEMP_TOT_POV,38
Municipality,MA,Franklin,Buckland,2022,5-Year-Estimates,Economic,Employment by sex and below the poverty line - Total Percentage,UNEMP_TOT_POV_PERC,0.78
Municipality,MA,Franklin,Buckland,2022,5-Year-Estimates,Economic,Employment by sex and in poverty - Female,EMP_FEMALE_POV,42
Municipality,MA,Franklin,Buckland,2022,5-Year-Estimates,Economic,Employment by sex and in poverty - Male,EMP_MALE_POV,198
Municipality,MA,Franklin,Buckland,2022,5-Year-Estimates,Economic,Employment by sex and in poverty - Total,EMP_TOT_POV,240
Municipality,MA,Franklin,Buckland,2022,5-Year-Estimates,Economic,Employment by sex and in poverty - Total Percentage,EMP_TOT_POV_PERC,0.25
Municipality,MA,Franklin,Buckland,2022,5-Year-Estimates,Economic,Family Economic Self Sufficiency,CEN_FAMECON_SELF,0
Municipality,MA,Franklin,Buckland,2022,5-Year-Estimates,Economic,Gini Coefficient (Income Inequality),CEN_INCOME_INEQ,0.37
Municipality,MA,Franklin,Buckland,2022,5-Year-Estimates,Economic,"Households with Income between $10,000 to $14,999",CEN_HHINC_10000-14999,67
Municipality,MA,Franklin,Buckland,2022,5-Year-Estimates,Economic,"Households with Income between $15,000 to $24,999",CEN_HHINC_15000-24999,38
Municipality,MA,Franklin,Buckland,2022,5-Year-Estimates,Economic,"Households with Income between $25,000 to $34,999",CEN_HHINC_25000-34999,47
Municipality,MA,Franklin,Buckland,2022,5-Year-Estimates,Economic,"Households with Income between $35,000 to $49,999",CEN_HHINC_35000-49999,106
Municipality,MA,Franklin,Buckland,2022,5-Year-Estimates,Economic,"Households with Income between $50,000 to $74,999",CEN_HHINC_50000-74999,140
Municipality,MA,Franklin,Buckland,2022,5-Year-Estimates,Economic,"Households with Income between $75,000 to $99,999",CEN_HHINC_75000-99999,184
Municipality,MA,Franklin,Buckland,2022,5-Year-Estimates,Economic,"Households with Income between $100,000 to $149,999",CEN_HHINC_100000-149999,167
Municipality,MA,Franklin,Buckland,2022,5-Year-Estimates,Economic,"Households with Income between $150,000 to $199,999",CEN_HHINC_150000-199999,58
Municipality,MA,Franklin,Buckland,2022,5-Year-Estimates,Economic,"Households with Income between $200,000 or more",CEN_HHINC_200000_PLUS,30
Municipality,MA,Franklin,Buckland,2022,5-Year-Estimates,Economic,"Households with Income Less than $10,000",CEN_HHINC_0-9999,34
Municipality,MA,Franklin,Buckland,2022,5-Year-Estimates,Economic,Households with Retirement Income,CEN_RETINC,294
Municipality,MA,Franklin,Buckland,2022,5-Year-Estimates,Economic,Households with Social Security Income,CEN_SOCSECINC,286
Municipality,MA,Franklin,Buckland,2022,5-Year-Estimates,Economic,Income Under 200% of Poverty Line,CENPOV200,0.23
Municipality,MA,Franklin,Buckland,2022,5-Year-Estimates,Economic,Median Family Income,CEN_MEDFAMINC,"79,063.00"
Municipality,MA,Franklin,Buckland,2022,5-Year-Estimates,Economic,Median Household Income,CEN_MEDHHINC,"77,188.00"
Municipality,MA,Franklin,Buckland,2022,5-Year-Estimates,Economic,Per Capita Income,CEN_PERCAPINC,"35,400.00"
Municipality,MA,Franklin,Buckland,2022,5-Year-Estimates,Economic,Percent of Employed Population in Poverty - Female,EMP_FEMALE_POV_PERC,0.09
Municipality,MA,Franklin,Buckland,2022,5-Year-Estimates,Economic,Percent of Employed Population in Poverty - Male,EMP_MALE_POV_PERC,0.39
Municipality,MA,Franklin,Buckland,2022,5-Year-Estimates,Economic,Percent of Families in Poverty,CEN_FAM_POV,0.09
Municipality,MA,Franklin,Buckland,2022,5-Year-Estimates,Economic,Percent of Unemployed Population in Poverty - Female,UNEMP_FEMALE_POV_PERC,0
Municipality,MA,Franklin,Buckland,2022,5-Year-Estimates,Economic,Percent of Unemployed Population in Poverty - Male,UNEMP_MALE_POV_PERC,1.81
Municipality,MA,Franklin,Buckland,2022,5-Year-Estimates,Economic,Population Living below Poverty,CEN_POOR,139
Municipality,MA,Franklin,Buckland,2022,5-Year-Estimates,Economic,Poverty Rate,CEN_POVRATE,0.14
Municipality,MA,Franklin,Buckland,2022,5-Year-Estimates,Economic,Poverty Rate of Foreign Born,CEN_POV_FOR_BORN,0
Municipality,MA,Franklin,Buckland,2022,5-Year-Estimates,Economic,Poverty Rate of Foreign Born Naturalized Citizens,CEN_POV_FOR_BORN_NAT,0
Municipality,MA,Franklin,Buckland,2022,5-Year-Estimates,Economic,Poverty Rate of Foreign Born Non-Citizens,CEN_POV_FOR_BORN_NON_CIT,0
Municipality,MA,Franklin,Buckland,2022,5-Year-Estimates,Economic,Poverty Status Determined Population,CEN_POVTOTALPOP,"2,004.00"
Municipality,MA,Franklin,Buckland,2022,5-Year-Estimates,Economic,Self Employment Income-Household,CEN_SELFEMPINC,192
Municipality,MA,Franklin,Buckland,2022,5-Year-Estimates,Economic,Total population counted for unemployment by sex - Female,UNEMP_FEMALE,56
Municipality,MA,Franklin,Buckland,2022,5-Year-Estimates,Economic,Total population counted for unemployment by sex - Male,UNEMP_MALE,42
Municipality,MA,Franklin,Buckland,2022,5-Year-Estimates,Economic,Unemployment by sex and below the poverty line - Female,UNEMP_FEMALE_POV,0
Municipality,MA,Franklin,Buckland,2022,5-Year-Estimates,Economic,Unemployment by sex and below the poverty line - Male,UNEMP_MALE_POV,38
Municipality,MA,Franklin,Charlemont,2022,5-Year-Estimates,Demographics,Population Total,CEN_POP,"1,064.00"
Municipality,MA,Franklin,Charlemont,2022,5-Year-Estimates,Demographics,White Population,CEN_WHITE,999
Municipality,MA,Franklin,Charlemont,2022,5-Year-Estimates,Demographics,Hispanic or Latino Population (of any race),CEN_HISPANIC,19
Municipality,MA,Franklin,Charlemont,2022,5-Year-Estimates,Demographics,Black Population,CEN_BLACK,0
Municipality,MA,Franklin,Charlemont,2022,5-Year-Estimates,Demographics,Other Races Population,CEN_OTHRACE,0
Municipality,MA,Franklin,Charlemont,2022,5-Year-Estimates,Demographics,Asian Population,CEN_ASIAN,16
Municipality,MA,Franklin,Charlemont,2022,5-Year-Estimates,Demographics,Age-3 to 4 Years Old,3_4_YEARS,3
Municipality,MA,Franklin,Charlemont,2022,5-Year-Estimates,Demographics,Age-5 Years Old,5_YEARS,11
Municipality,MA,Franklin,Charlemont,2022,5-Year-Estimates,Demographics,Age-6 to 8 Years Old,6_8_YEARS,30
Municipality,MA,Franklin,Charlemont,2022,5-Year-Estimates,Demographics,Age-9 to 11 Years Old,9_11_YEARS,13
Municipality,MA,Franklin,Charlemont,2022,5-Year-Estimates,Demographics,Age-12 to 14 Years Old,12_14_YEARS,13
Municipality,MA,Franklin,Charlemont,2022,5-Year-Estimates,Demographics,Age-15 to 17 Years Old,15_17_YEARS,24
Municipality,MA,Franklin,Charlemont,2022,5-Year-Estimates,Demographics,Age-18 to 19 Years Old,18_19_YEARS,15
Municipality,MA,Franklin,Charlemont,2022,5-Year-Estimates,Demographics,Age-20 to 24 Years Old,20_24_YEARS,26
Municipality,MA,Franklin,Charlemont,2022,5-Year-Estimates,Demographics,Age-25 to 29 Years Old,25_29_YEARS,43
Municipality,MA,Franklin,Charlemont,2022,5-Year-Estimates,Demographics,Age-30 to 34 Years Old,30_34_YEARS,47
Municipality,MA,Franklin,Charlemont,2022,5-Year-Estimates,Demographics,Age-35 to 39 Years Old,35_39_YEARS,56
Municipality,MA,Franklin,Charlemont,2022,5-Year-Estimates,Demographics,Age-40 to 44 Years Old,40_44_YEARS,57
Municipality,MA,Franklin,Charlemont,2022,5-Year-Estimates,Demographics,Age-45 to 49 Years Old,45_49_YEARS,63
Municipality,MA,Franklin,Charlemont,2022,5-Year-Estimates,Demographics,Age-50 to 54 Years Old,50_54_YEARS,99
Municipality,MA,Franklin,Charlemont,2022,5-Year-Estimates,Demographics,Age-55 to 59 Years Old,55_59_YEARS,54
Municipality,MA,Franklin,Charlemont,2022,5-Year-Estimates,Demographics,Age-60 to 64 Years Old,60_64_YEARS,112
Municipality,MA,Franklin,Charlemont,2022,5-Year-Estimates,Demographics,Age-65 to 69 Years Old,65_69_YEARS,120
Municipality,MA,Franklin,Charlemont,2022,5-Year-Estimates,Demographics,Age-70 to 74 Years Old,70_74_YEARS,109
Municipality,MA,Franklin,Charlemont,2022,5-Year-Estimates,Demographics,Age-75 to 79 Years Old,75_79_YEARS,63
Municipality,MA,Franklin,Charlemont,2022,5-Year-Estimates,Demographics,Age-80 to 84 Years Old,80_84_YEARS,14
Municipality,MA,Franklin,Charlemont,2022,5-Year-Estimates,Demographics,Age-85 & older,85+_YEARS,74
Municipality,MA,Franklin,Charlemont,2022,5-Year-Estimates,Demographics,Age-Under 3 Years Old,UNDER_3_YEARS,18
Municipality,MA,Franklin,Charlemont,2022,5-Year-Estimates,Demographics,Households-Married Couples,CEN_MARRHOU,258
Municipality,MA,Franklin,Charlemont,2022,5-Year-Estimates,Demographics,Households-Single Parent,CEN_SINGPARHOU,14
Municipality,MA,Franklin,Charlemont,2022,5-Year-Estimates,Demographics,Households-Total,CEN_HOUSEHOLDS,540
Municipality,MA,Franklin,Charlemont,2022,5-Year-Estimates,Demographics,Net Domestic Migration,CEN_NET_DOM_MIGR,0
Municipality,MA,Franklin,Charlemont,2022,5-Year-Estimates,Demographics,Percent Elderly with Car Access,CAR_AGE_HOUSEHOLDER,0.98
Municipality,MA,Franklin,Charlemont,2022,5-Year-Estimates,Demographics,Percent Grandparents Who Are Primary Caregiver,GRAND_CAREGIVER,0.6
Municipality,MA,Franklin,Charlemont,2022,5-Year-Estimates,Demographics,Percent of Elderly Below Poverty Line,ELDERLY_POV,0.09
Municipality,MA,Franklin,Charlemont,2022,5-Year-Estimates,Demographics,Percent of Elderly who Live Alone,ELDERLY_LIVEALONE,0.41
Municipality,MA,Franklin,Charlemont,2022,5-Year-Estimates,Demographics,Percent of Population Who are Not White,MINORITY_PERCENT,0.06
Municipality,MA,Franklin,Charlemont,2022,5-Year-Estimates,Demographics,Population 5+,CEN_POP_O4,"1,043.00"
Municipality,MA,Franklin,Charlemont,2022,5-Year-Estimates,Demographics,Population 25+,CEN_POP_O24,911
Municipality,MA,Franklin,Charlemont,2022,5-Year-Estimates,Demographics,Population 65+,CEN_POP_O64,380
Municipality,MA,Franklin,Charlemont,2022,5-Year-Estimates,Demographics,Population Living in Rural Areas,CEN_RURALPOP,0
Municipality,MA,Franklin,Charlemont,2022,5-Year-Estimates,Demographics,Population living in the same county as five years ago,CEN_SAMECOUNTY,0
Municipality,MA,Franklin,Charlemont,2022,5-Year-Estimates,Demographics,Population living in the same house as five years ago,CEN_SAMEHOUSE,0
Municipality,MA,Franklin,Charlemont,2022,5-Year-Estimates,Demographics,Population Living in Urban Areas,CEN_URBANPOP,0
Municipality,MA,Franklin,Charlemont,2022,5-Year-Estimates,Demographics,Population Under 18,CEN_POP_U18,112
Municipality,MA,Franklin,Charlemont,2022,5-Year-Estimates,Demographics,Population-Foreign Born,CEN_FORBORN,43
Municipality,MA,Franklin,Charlemont,2022,5-Year-Estimates,Demographics,Single Parent Families,CEN_SINGPAR_CHILD,0
Municipality,MA,Franklin,Charlemont,2022,5-Year-Estimates,Demographics,Speak an Asian Language at Home,CEN_ASIANLANG,16
Municipality,MA,Franklin,Charlemont,2022,5-Year-Estimates,Demographics,Speak Only English at Home,CEN_ENGLISH,987
Municipality,MA,Franklin,Charlemont,2022,5-Year-Estimates,Demographics,Speak Other Language at Home,CEN_OTHLANG,0
Municipality,MA,Franklin,Charlemont,2022,5-Year-Estimates,Demographics,Speak Spanish at Home,CEN_SPANISH,3
Municipality,MA,Franklin,Charlemont,2022,5-Year-Estimates,Demographics,"Two or More Races, Not Hispanic or Latino",CEN_TWO_MORE_NOT_HISP,49
Municipality,MA,Franklin,Charlemont,2022,5-Year-Estimates,Economic,"% Households with Income between $10,000 to $14,999",CEN_PERC_HHINC_10000-14999,0.06
Municipality,MA,Franklin,Charlemont,2022,5-Year-Estimates,Economic,"% Households with Income between $15,000 to $24,999",CEN_PERC_HHINC_15000-24999,0.08
Municipality,MA,Franklin,Charlemont,2022,5-Year-Estimates,Economic,"%  Households with Income between $25,000 to $34,999",CEN_PERC_HHINC_25000-34999,0.07
Municipality,MA,Franklin,Charlemont,2022,5-Year-Estimates,Economic,"%  Households with Income between $35,000 to $49,999",CEN_PERC_HHINC_35000-49999,0.25
Municipality,MA,Franklin,Charlemont,2022,5-Year-Estimates,Economic,"% of  Households with Income between $50,000 to $74,999",CEN_PERC_HHINC_50000-74999,0.2
Municipality,MA,Franklin,Charlemont,2022,5-Year-Estimates,Economic,"% of  Households with Income between $75,000 to $99,999",CEN_PERC_HHINC_75000-99999,0.08
Municipality,MA,Franklin,Charlemont,2022,5-Year-Estimates,Economic,"% of  Households with Income between $100,000 to $149,999",CEN_PERC_HHINC_100000-149999,0.16
Municipality,MA,Franklin,Charlemont,2022,5-Year-Estimates,Economic,"%  of Households with Income between $150,000 to $199,999",CEN_PERC_HHINC_150000-199999,0.04
Municipality,MA,Franklin,Charlemont,2022,5-Year-Estimates,Economic,"% of  Households with Income between $200,000 or more",CEN_PERC_HHINC_200000_PLUS,0.06
Municipality,MA,Franklin,Charlemont,2022,5-Year-Estimates,Economic,"% of Households with Income Less than $10,000",CEN_PERC_HHINC_0-9999,0.01
Municipality,MA,Franklin,Charlemont,2022,5-Year-Estimates,Economic,Child Poverty Rate,CEN_CHILD_POV,0.3
Municipality,MA,Franklin,Charlemont,2022,5-Year-Estimates,Economic,Employment by sex - Female Total,EMP_FEMALE,458
Municipality,MA,Franklin,Charlemont,2022,5-Year-Estimates,Economic,Employment by sex - Male Total,EMP_MALE,466
Municipality,MA,Franklin,Charlemont,2022,5-Year-Estimates,Economic,Employment by sex and below the poverty line - Total,UNEMP_TOT_POV,18
Municipality,MA,Franklin,Charlemont,2022,5-Year-Estimates,Economic,Employment by sex and below the poverty line - Total Percentage,UNEMP_TOT_POV_PERC,0.45
Municipality,MA,Franklin,Charlemont,2022,5-Year-Estimates,Economic,Employment by sex and in poverty - Female,EMP_FEMALE_POV,42
Municipality,MA,Franklin,Charlemont,2022,5-Year-Estimates,Economic,Employment by sex and in poverty - Male,EMP_MALE_POV,22
Municipality,MA,Franklin,Charlemont,2022,5-Year-Estimates,Economic,Employment by sex and in poverty - Total,EMP_TOT_POV,64
Municipality,MA,Franklin,Charlemont,2022,5-Year-Estimates,Economic,Employment by sex and in poverty - Total Percentage,EMP_TOT_POV_PERC,0.14
Municipality,MA,Franklin,Charlemont,2022,5-Year-Estimates,Economic,Family Economic Self Sufficiency,CEN_FAMECON_SELF,0
Municipality,MA,Franklin,Charlemont,2022,5-Year-Estimates,Economic,Gini Coefficient (Income Inequality),CEN_INCOME_INEQ,0.46
Municipality,MA,Franklin,Charlemont,2022,5-Year-Estimates,Economic,"Households with Income between $10,000 to $14,999",CEN_HHINC_10000-14999,32
Municipality,MA,Franklin,Charlemont,2022,5-Year-Estimates,Economic,"Households with Income between $15,000 to $24,999",CEN_HHINC_15000-24999,45
Municipality,MA,Franklin,Charlemont,2022,5-Year-Estimates,Economic,"Households with Income between $25,000 to $34,999",CEN_HHINC_25000-34999,35
Municipality,MA,Franklin,Charlemont,2022,5-Year-Estimates,Economic,"Households with Income between $35,000 to $49,999",CEN_HHINC_35000-49999,134
Municipality,MA,Franklin,Charlemont,2022,5-Year-Estimates,Economic,"Households with Income between $50,000 to $74,999",CEN_HHINC_50000-74999,108
Municipality,MA,Franklin,Charlemont,2022,5-Year-Estimates,Economic,"Households with Income between $75,000 to $99,999",CEN_HHINC_75000-99999,43
Municipality,MA,Franklin,Charlemont,2022,5-Year-Estimates,Economic,"Households with Income between $100,000 to $149,999",CEN_HHINC_100000-149999,85
Municipality,MA,Franklin,Charlemont,2022,5-Year-Estimates,Economic,"Households with Income between $150,000 to $199,999",CEN_HHINC_150000-199999,19
Municipality,MA,Franklin,Charlemont,2022,5-Year-Estimates,Economic,"Households with Income between $200,000 or more",CEN_HHINC_200000_PLUS,33
Municipality,MA,Franklin,Charlemont,2022,5-Year-Estimates,Economic,"Households with Income Less than $10,000",CEN_HHINC_0-9999,6
Municipality,MA,Franklin,Charlemont,2022,5-Year-Estimates,Economic,Households with Retirement Income,CEN_RETINC,218
Municipality,MA,Franklin,Charlemont,2022,5-Year-Estimates,Economic,Households with Social Security Income,CEN_SOCSECINC,278
Municipality,MA,Franklin,Charlemont,2022,5-Year-Estimates,Economic,Income Under 200% of Poverty Line,CENPOV200,0.22
Municipality,MA,Franklin,Charlemont,2022,5-Year-Estimates,Economic,Median Family Income,CEN_MEDFAMINC,"86,250.00"
Municipality,MA,Franklin,Charlemont,2022,5-Year-Estimates,Economic,Median Household Income,CEN_MEDHHINC,"55,603.00"
Municipality,MA,Franklin,Charlemont,2022,5-Year-Estimates,Economic,Per Capita Income,CEN_PERCAPINC,"41,788.00"
Municipality,MA,Franklin,Charlemont,2022,5-Year-Estimates,Economic,Percent of Employed Population in Poverty - Female,EMP_FEMALE_POV_PERC,0.18
Municipality,MA,Franklin,Charlemont,2022,5-Year-Estimates,Economic,Percent of Employed Population in Poverty - Male,EMP_MALE_POV_PERC,0.09
Municipality,MA,Franklin,Charlemont,2022,5-Year-Estimates,Economic,Percent of Families in Poverty,CEN_FAM_POV,0.1
Municipality,MA,Franklin,Charlemont,2022,5-Year-Estimates,Economic,Percent of Unemployed Population in Poverty - Female,UNEMP_FEMALE_POV_PERC,0.38
Municipality,MA,Franklin,Charlemont,2022,5-Year-Estimates,Economic,Percent of Unemployed Population in Poverty - Male,UNEMP_MALE_POV_PERC,0.53
Municipality,MA,Franklin,Charlemont,2022,5-Year-Estimates,Economic,Population Living below Poverty,CEN_POOR,41
Municipality,MA,Franklin,Charlemont,2022,5-Year-Estimates,Economic,Poverty Rate,CEN_POVRATE,0.08
Municipality,MA,Franklin,Charlemont,2022,5-Year-Estimates,Economic,Poverty Rate of Foreign Born,CEN_POV_FOR_BORN,0.01
Municipality,MA,Franklin,Charlemont,2022,5-Year-Estimates,Economic,Poverty Rate of Foreign Born Naturalized Citizens,CEN_POV_FOR_BORN_NAT,0
Municipality,MA,Franklin,Charlemont,2022,5-Year-Estimates,Economic,Poverty Rate of Foreign Born Non-Citizens,CEN_POV_FOR_BORN_NON_CIT,0
Municipality,MA,Franklin,Charlemont,2022,5-Year-Estimates,Economic,Poverty Status Determined Population,CEN_POVTOTALPOP,"1,062.00"
Municipality,MA,Franklin,Charlemont,2022,5-Year-Estimates,Economic,Self Employment Income-Household,CEN_SELFEMPINC,59
Municipality,MA,Franklin,Charlemont,2022,5-Year-Estimates,Economic,Total population counted for unemployment by sex - Female,UNEMP_FEMALE,42
Municipality,MA,Franklin,Charlemont,2022,5-Year-Estimates,Economic,Total population counted for unemployment by sex - Male,UNEMP_MALE,38
Municipality,MA,Franklin,Charlemont,2022,5-Year-Estimates,Economic,Unemployment by sex and below the poverty line - Female,UNEMP_FEMALE_POV,8
Municipality,MA,Franklin,Charlemont,2022,5-Year-Estimates,Economic,Unemployment by sex and below the poverty line - Male,UNEMP_MALE_POV,10
Municipality,MA,Franklin,Colrain,2022,5-Year-Estimates,Demographics,Population Total,CEN_POP,"1,740.00"
Municipality,MA,Franklin,Colrain,2022,5-Year-Estimates,Demographics,White Population,CEN_WHITE,"1,668.00"
Municipality,MA,Franklin,Colrain,2022,5-Year-Estimates,Demographics,Hispanic or Latino Population (of any race),CEN_HISPANIC,50
Municipality,MA,Franklin,Colrain,2022,5-Year-Estimates,Demographics,Black Population,CEN_BLACK,11
Municipality,MA,Franklin,Colrain,2022,5-Year-Estimates,Demographics,Other Races Population,CEN_OTHRACE,0
Municipality,MA,Franklin,Colrain,2022,5-Year-Estimates,Demographics,Asian Population,CEN_ASIAN,4
Municipality,MA,Franklin,Colrain,2022,5-Year-Estimates,Demographics,Age-3 to 4 Years Old,3_4_YEARS,32
Municipality,MA,Franklin,Colrain,2022,5-Year-Estimates,Demographics,Age-5 Years Old,5_YEARS,12
Municipality,MA,Franklin,Colrain,2022,5-Year-Estimates,Demographics,Age-6 to 8 Years Old,6_8_YEARS,22
Municipality,MA,Franklin,Colrain,2022,5-Year-Estimates,Demographics,Age-9 to 11 Years Old,9_11_YEARS,73
Municipality,MA,Franklin,Colrain,2022,5-Year-Estimates,Demographics,Age-12 to 14 Years Old,12_14_YEARS,50
Municipality,MA,Franklin,Colrain,2022,5-Year-Estimates,Demographics,Age-15 to 17 Years Old,15_17_YEARS,12
Municipality,MA,Franklin,Colrain,2022,5-Year-Estimates,Demographics,Age-18 to 19 Years Old,18_19_YEARS,53
Municipality,MA,Franklin,Colrain,2022,5-Year-Estimates,Demographics,Age-20 to 24 Years Old,20_24_YEARS,127
Municipality,MA,Franklin,Colrain,2022,5-Year-Estimates,Demographics,Age-25 to 29 Years Old,25_29_YEARS,42
Municipality,MA,Franklin,Colrain,2022,5-Year-Estimates,Demographics,Age-30 to 34 Years Old,30_34_YEARS,94
Municipality,MA,Franklin,Colrain,2022,5-Year-Estimates,Demographics,Age-35 to 39 Years Old,35_39_YEARS,125
Municipality,MA,Franklin,Colrain,2022,5-Year-Estimates,Demographics,Age-40 to 44 Years Old,40_44_YEARS,116
Municipality,MA,Franklin,Colrain,2022,5-Year-Estimates,Demographics,Age-45 to 49 Years Old,45_49_YEARS,87
Municipality,MA,Franklin,Colrain,2022,5-Year-Estimates,Demographics,Age-50 to 54 Years Old,50_54_YEARS,100
Municipality,MA,Franklin,Colrain,2022,5-Year-Estimates,Demographics,Age-55 to 59 Years Old,55_59_YEARS,123
Municipality,MA,Franklin,Colrain,2022,5-Year-Estimates,Demographics,Age-60 to 64 Years Old,60_64_YEARS,122
Municipality,MA,Franklin,Colrain,2022,5-Year-Estimates,Demographics,Age-65 to 69 Years Old,65_69_YEARS,151
Municipality,MA,Franklin,Colrain,2022,5-Year-Estimates,Demographics,Age-70 to 74 Years Old,70_74_YEARS,75
Municipality,MA,Franklin,Colrain,2022,5-Year-Estimates,Demographics,Age-75 to 79 Years Old,75_79_YEARS,115
Municipality,MA,Franklin,Colrain,2022,5-Year-Estimates,Demographics,Age-80 to 84 Years Old,80_84_YEARS,115
Municipality,MA,Franklin,Colrain,2022,5-Year-Estimates,Demographics,Age-85 & older,85+_YEARS,45
Municipality,MA,Franklin,Colrain,2022,5-Year-Estimates,Demographics,Age-Under 3 Years Old,UNDER_3_YEARS,49
Municipality,MA,Franklin,Colrain,2022,5-Year-Estimates,Demographics,Households-Married Couples,CEN_MARRHOU,410
Municipality,MA,Franklin,Colrain,2022,5-Year-Estimates,Demographics,Households-Single Parent,CEN_SINGPARHOU,39
Municipality,MA,Franklin,Colrain,2022,5-Year-Estimates,Demographics,Households-Total,CEN_HOUSEHOLDS,750
Municipality,MA,Franklin,Colrain,2022,5-Year-Estimates,Demographics,Net Domestic Migration,CEN_NET_DOM_MIGR,0
Municipality,MA,Franklin,Colrain,2022,5-Year-Estimates,Demographics,Percent Elderly with Car Access,CAR_AGE_HOUSEHOLDER,0.98
Municipality,MA,Franklin,Colrain,2022,5-Year-Estimates,Demographics,Percent Grandparents Who Are Primary Caregiver,GRAND_CAREGIVER,0
Municipality,MA,Franklin,Colrain,2022,5-Year-Estimates,Demographics,Percent of Elderly Below Poverty Line,ELDERLY_POV,0.1
Municipality,MA,Franklin,Colrain,2022,5-Year-Estimates,Demographics,Percent of Elderly who Live Alone,ELDERLY_LIVEALONE,0.16
Municipality,MA,Franklin,Colrain,2022,5-Year-Estimates,Demographics,Percent of Population Who are Not White,MINORITY_PERCENT,0.04
Municipality,MA,Franklin,Colrain,2022,5-Year-Estimates,Demographics,Population 5+,CEN_POP_O4,"1,659.00"
Municipality,MA,Franklin,Colrain,2022,5-Year-Estimates,Demographics,Population 25+,CEN_POP_O24,"1,310.00"
Municipality,MA,Franklin,Colrain,2022,5-Year-Estimates,Demographics,Population 65+,CEN_POP_O64,501
Municipality,MA,Franklin,Colrain,2022,5-Year-Estimates,Demographics,Population Living in Rural Areas,CEN_RURALPOP,0
Municipality,MA,Franklin,Colrain,2022,5-Year-Estimates,Demographics,Population living in the same county as five years ago,CEN_SAMECOUNTY,0
Municipality,MA,Franklin,Colrain,2022,5-Year-Estimates,Demographics,Population living in the same house as five years ago,CEN_SAMEHOUSE,0
Municipality,MA,Franklin,Colrain,2022,5-Year-Estimates,Demographics,Population Living in Urban Areas,CEN_URBANPOP,0
Municipality,MA,Franklin,Colrain,2022,5-Year-Estimates,Demographics,Population Under 18,CEN_POP_U18,250
Municipality,MA,Franklin,Colrain,2022,5-Year-Estimates,Demographics,Population-Foreign Born,CEN_FORBORN,39
Municipality,MA,Franklin,Colrain,2022,5-Year-Estimates,Demographics,Single Parent Families,CEN_SINGPAR_CHILD,0
Municipality,MA,Franklin,Colrain,2022,5-Year-Estimates,Demographics,Speak an Asian Language at Home,CEN_ASIANLANG,0
Municipality,MA,Franklin,Colrain,2022,5-Year-Estimates,Demographics,Speak Only English at Home,CEN_ENGLISH,"1,613.00"
Municipality,MA,Franklin,Colrain,2022,5-Year-Estimates,Demographics,Speak Other Language at Home,CEN_OTHLANG,4
Municipality,MA,Franklin,Colrain,2022,5-Year-Estimates,Demographics,Speak Spanish at Home,CEN_SPANISH,28
Municipality,MA,Franklin,Colrain,2022,5-Year-Estimates,Demographics,"Two or More Races, Not Hispanic or Latino",CEN_TWO_MORE_NOT_HISP,57
Municipality,MA,Franklin,Colrain,2022,5-Year-Estimates,Economic,"% Households with Income between $10,000 to $14,999",CEN_PERC_HHINC_10000-14999,0.02
Municipality,MA,Franklin,Colrain,2022,5-Year-Estimates,Economic,"% Households with Income between $15,000 to $24,999",CEN_PERC_HHINC_15000-24999,0.02
Municipality,MA,Franklin,Colrain,2022,5-Year-Estimates,Economic,"%  Households with Income between $25,000 to $34,999",CEN_PERC_HHINC_25000-34999,0.11
Municipality,MA,Franklin,Colrain,2022,5-Year-Estimates,Economic,"%  Households with Income between $35,000 to $49,999",CEN_PERC_HHINC_35000-49999,0.08
Municipality,MA,Franklin,Colrain,2022,5-Year-Estimates,Economic,"% of  Households with Income between $50,000 to $74,999",CEN_PERC_HHINC_50000-74999,0.22
Municipality,MA,Franklin,Colrain,2022,5-Year-Estimates,Economic,"% of  Households with Income between $75,000 to $99,999",CEN_PERC_HHINC_75000-99999,0.16
Municipality,MA,Franklin,Colrain,2022,5-Year-Estimates,Economic,"% of  Households with Income between $100,000 to $149,999",CEN_PERC_HHINC_100000-149999,0.17
Municipality,MA,Franklin,Colrain,2022,5-Year-Estimates,Economic,"%  of Households with Income between $150,000 to $199,999",CEN_PERC_HHINC_150000-199999,0.14
Municipality,MA,Franklin,Colrain,2022,5-Year-Estimates,Economic,"% of  Households with Income between $200,000 or more",CEN_PERC_HHINC_200000_PLUS,0.06
Municipality,MA,Franklin,Colrain,2022,5-Year-Estimates,Economic,"% of Households with Income Less than $10,000",CEN_PERC_HHINC_0-9999,0.03
Municipality,MA,Franklin,Colrain,2022,5-Year-Estimates,Economic,Child Poverty Rate,CEN_CHILD_POV,0.07
Municipality,MA,Franklin,Colrain,2022,5-Year-Estimates,Economic,Employment by sex - Female Total,EMP_FEMALE,966
Municipality,MA,Franklin,Colrain,2022,5-Year-Estimates,Economic,Employment by sex - Male Total,EMP_MALE,942
Municipality,MA,Franklin,Colrain,2022,5-Year-Estimates,Economic,Employment by sex and below the poverty line - Total,UNEMP_TOT_POV,38
Municipality,MA,Franklin,Colrain,2022,5-Year-Estimates,Economic,Employment by sex and below the poverty line - Total Percentage,UNEMP_TOT_POV_PERC,0.93
Municipality,MA,Franklin,Colrain,2022,5-Year-Estimates,Economic,Employment by sex and in poverty - Female,EMP_FEMALE_POV,22
Municipality,MA,Franklin,Colrain,2022,5-Year-Estimates,Economic,Employment by sex and in poverty - Male,EMP_MALE_POV,20
Municipality,MA,Franklin,Colrain,2022,5-Year-Estimates,Economic,Employment by sex and in poverty - Total,EMP_TOT_POV,42
Municipality,MA,Franklin,Colrain,2022,5-Year-Estimates,Economic,Employment by sex and in poverty - Total Percentage,EMP_TOT_POV_PERC,0.04
Municipality,MA,Franklin,Colrain,2022,5-Year-Estimates,Economic,Family Economic Self Sufficiency,CEN_FAMECON_SELF,0
Municipality,MA,Franklin,Colrain,2022,5-Year-Estimates,Economic,Gini Coefficient (Income Inequality),CEN_INCOME_INEQ,0.39
Municipality,MA,Franklin,Colrain,2022,5-Year-Estimates,Economic,"Households with Income between $10,000 to $14,999",CEN_HHINC_10000-14999,16
Municipality,MA,Franklin,Colrain,2022,5-Year-Estimates,Economic,"Households with Income between $15,000 to $24,999",CEN_HHINC_15000-24999,12
Municipality,MA,Franklin,Colrain,2022,5-Year-Estimates,Economic,"Households with Income between $25,000 to $34,999",CEN_HHINC_25000-34999,85
Municipality,MA,Franklin,Colrain,2022,5-Year-Estimates,Economic,"Households with Income between $35,000 to $49,999",CEN_HHINC_35000-49999,58
Municipality,MA,Franklin,Colrain,2022,5-Year-Estimates,Economic,"Households with Income between $50,000 to $74,999",CEN_HHINC_50000-74999,162
Municipality,MA,Franklin,Colrain,2022,5-Year-Estimates,Economic,"Households with Income between $75,000 to $99,999",CEN_HHINC_75000-99999,116
Municipality,MA,Franklin,Colrain,2022,5-Year-Estimates,Economic,"Households with Income between $100,000 to $149,999",CEN_HHINC_100000-149999,128
Municipality,MA,Franklin,Colrain,2022,5-Year-Estimates,Economic,"Households with Income between $150,000 to $199,999",CEN_HHINC_150000-199999,106
Municipality,MA,Franklin,Colrain,2022,5-Year-Estimates,Economic,"Households with Income between $200,000 or more",CEN_HHINC_200000_PLUS,44
Municipality,MA,Franklin,Colrain,2022,5-Year-Estimates,Economic,"Households with Income Less than $10,000",CEN_HHINC_0-9999,23
Municipality,MA,Franklin,Colrain,2022,5-Year-Estimates,Economic,Households with Retirement Income,CEN_RETINC,248
Municipality,MA,Franklin,Colrain,2022,5-Year-Estimates,Economic,Households with Social Security Income,CEN_SOCSECINC,298
Municipality,MA,Franklin,Colrain,2022,5-Year-Estimates,Economic,Income Under 200% of Poverty Line,CENPOV200,0.16
Municipality,MA,Franklin,Colrain,2022,5-Year-Estimates,Economic,Median Family Income,CEN_MEDFAMINC,"100,781.00"
Municipality,MA,Franklin,Colrain,2022,5-Year-Estimates,Economic,Median Household Income,CEN_MEDHHINC,"81,316.00"
Municipality,MA,Franklin,Colrain,2022,5-Year-Estimates,Economic,Per Capita Income,CEN_PERCAPINC,"41,417.00"
Municipality,MA,Franklin,Colrain,2022,5-Year-Estimates,Economic,Percent of Employed Population in Poverty - Female,EMP_FEMALE_POV_PERC,0.05
Municipality,MA,Franklin,Colrain,2022,5-Year-Estimates,Economic,Percent of Employed Population in Poverty - Male,EMP_MALE_POV_PERC,0.04
Municipality,MA,Franklin,Colrain,2022,5-Year-Estimates,Economic,Percent of Families in Poverty,CEN_FAM_POV,0.02
Municipality,MA,Franklin,Colrain,2022,5-Year-Estimates,Economic,Percent of Unemployed Population in Poverty - Female,UNEMP_FEMALE_POV_PERC,0
Municipality,MA,Franklin,Colrain,2022,5-Year-Estimates,Economic,Percent of Unemployed Population in Poverty - Male,UNEMP_MALE_POV_PERC,1.19
Municipality,MA,Franklin,Colrain,2022,5-Year-Estimates,Economic,Population Living below Poverty,CEN_POOR,40
Municipality,MA,Franklin,Colrain,2022,5-Year-Estimates,Economic,Poverty Rate,CEN_POVRATE,0.04
Municipality,MA,Franklin,Colrain,2022,5-Year-Estimates,Economic,Poverty Rate of Foreign Born,CEN_POV_FOR_BORN,0
Municipality,MA,Franklin,Colrain,2022,5-Year-Estimates,Economic,Poverty Rate of Foreign Born Naturalized Citizens,CEN_POV_FOR_BORN_NAT,0
Municipality,MA,Franklin,Colrain,2022,5-Year-Estimates,Economic,Poverty Rate of Foreign Born Non-Citizens,CEN_POV_FOR_BORN_NON_CIT,0
Municipality,MA,Franklin,Colrain,2022,5-Year-Estimates,Economic,Poverty Status Determined Population,CEN_POVTOTALPOP,"1,732.00"
Municipality,MA,Franklin,Colrain,2022,5-Year-Estimates,Economic,Self Employment Income-Household,CEN_SELFEMPINC,138
Municipality,MA,Franklin,Colrain,2022,5-Year-Estimates,Economic,Total population counted for unemployment by sex - Female,UNEMP_FEMALE,18
Municipality,MA,Franklin,Colrain,2022,5-Year-Estimates,Economic,Total population counted for unemployment by sex - Male,UNEMP_MALE,64
Municipality,MA,Franklin,Colrain,2022,5-Year-Estimates,Economic,Unemployment by sex and below the poverty line - Female,UNEMP_FEMALE_POV,0
Municipality,MA,Franklin,Colrain,2022,5-Year-Estimates,Economic,Unemployment by sex and below the poverty line - Male,UNEMP_MALE_POV,38
Municipality,MA,Franklin,Conway,2022,5-Year-Estimates,Demographics,Population Total,CEN_POP,"1,773.00"
Municipality,MA,Franklin,Conway,2022,5-Year-Estimates,Demographics,White Population,CEN_WHITE,"1,700.00"
Municipality,MA,Franklin,Conway,2022,5-Year-Estimates,Demographics,Hispanic or Latino Population (of any race),CEN_HISPANIC,67
Municipality,MA,Franklin,Conway,2022,5-Year-Estimates,Demographics,Black Population,CEN_BLACK,0
Municipality,MA,Franklin,Conway,2022,5-Year-Estimates,Demographics,Other Races Population,CEN_OTHRACE,7
Municipality,MA,Franklin,Conway,2022,5-Year-Estimates,Demographics,Asian Population,CEN_ASIAN,8
Municipality,MA,Franklin,Conway,2022,5-Year-Estimates,Demographics,Age-3 to 4 Years Old,3_4_YEARS,43
Municipality,MA,Franklin,Conway,2022,5-Year-Estimates,Demographics,Age-5 Years Old,5_YEARS,4
Municipality,MA,Franklin,Conway,2022,5-Year-Estimates,Demographics,Age-6 to 8 Years Old,6_8_YEARS,22
Municipality,MA,Franklin,Conway,2022,5-Year-Estimates,Demographics,Age-9 to 11 Years Old,9_11_YEARS,51
Municipality,MA,Franklin,Conway,2022,5-Year-Estimates,Demographics,Age-12 to 14 Years Old,12_14_YEARS,63
Municipality,MA,Franklin,Conway,2022,5-Year-Estimates,Demographics,Age-15 to 17 Years Old,15_17_YEARS,94
Municipality,MA,Franklin,Conway,2022,5-Year-Estimates,Demographics,Age-18 to 19 Years Old,18_19_YEARS,13
Municipality,MA,Franklin,Conway,2022,5-Year-Estimates,Demographics,Age-20 to 24 Years Old,20_24_YEARS,40
Municipality,MA,Franklin,Conway,2022,5-Year-Estimates,Demographics,Age-25 to 29 Years Old,25_29_YEARS,32
Municipality,MA,Franklin,Conway,2022,5-Year-Estimates,Demographics,Age-30 to 34 Years Old,30_34_YEARS,65
Municipality,MA,Franklin,Conway,2022,5-Year-Estimates,Demographics,Age-35 to 39 Years Old,35_39_YEARS,91
Municipality,MA,Franklin,Conway,2022,5-Year-Estimates,Demographics,Age-40 to 44 Years Old,40_44_YEARS,139
Municipality,MA,Franklin,Conway,2022,5-Year-Estimates,Demographics,Age-45 to 49 Years Old,45_49_YEARS,130
Municipality,MA,Franklin,Conway,2022,5-Year-Estimates,Demographics,Age-50 to 54 Years Old,50_54_YEARS,86
Municipality,MA,Franklin,Conway,2022,5-Year-Estimates,Demographics,Age-55 to 59 Years Old,55_59_YEARS,146
Municipality,MA,Franklin,Conway,2022,5-Year-Estimates,Demographics,Age-60 to 64 Years Old,60_64_YEARS,197
Municipality,MA,Franklin,Conway,2022,5-Year-Estimates,Demographics,Age-65 to 69 Years Old,65_69_YEARS,202
Municipality,MA,Franklin,Conway,2022,5-Year-Estimates,Demographics,Age-70 to 74 Years Old,70_74_YEARS,159
Municipality,MA,Franklin,Conway,2022,5-Year-Estimates,Demographics,Age-75 to 79 Years Old,75_79_YEARS,86
Municipality,MA,Franklin,Conway,2022,5-Year-Estimates,Demographics,Age-80 to 84 Years Old,80_84_YEARS,62
Municipality,MA,Franklin,Conway,2022,5-Year-Estimates,Demographics,Age-85 & older,85+_YEARS,15
Municipality,MA,Franklin,Conway,2022,5-Year-Estimates,Demographics,Age-Under 3 Years Old,UNDER_3_YEARS,33
Municipality,MA,Franklin,Conway,2022,5-Year-Estimates,Demographics,Households-Married Couples,CEN_MARRHOU,462
Municipality,MA,Franklin,Conway,2022,5-Year-Estimates,Demographics,Households-Single Parent,CEN_SINGPARHOU,33
Municipality,MA,Franklin,Conway,2022,5-Year-Estimates,Demographics,Households-Total,CEN_HOUSEHOLDS,782
Municipality,MA,Franklin,Conway,2022,5-Year-Estimates,Demographics,Net Domestic Migration,CEN_NET_DOM_MIGR,0
Municipality,MA,Franklin,Conway,2022,5-Year-Estimates,Demographics,Percent Elderly with Car Access,CAR_AGE_HOUSEHOLDER,0.99
Municipality,MA,Franklin,Conway,2022,5-Year-Estimates,Demographics,Percent Grandparents Who Are Primary Caregiver,GRAND_CAREGIVER,0.19
Municipality,MA,Franklin,Conway,2022,5-Year-Estimates,Demographics,Percent of Elderly Below Poverty Line,ELDERLY_POV,0.01
Municipality,MA,Franklin,Conway,2022,5-Year-Estimates,Demographics,Percent of Elderly who Live Alone,ELDERLY_LIVEALONE,0.24
Municipality,MA,Franklin,Conway,2022,5-Year-Estimates,Demographics,Percent of Population Who are Not White,MINORITY_PERCENT,0.04
Municipality,MA,Franklin,Conway,2022,5-Year-Estimates,Demographics,Population 5+,CEN_POP_O4,"1,697.00"
Municipality,MA,Franklin,Conway,2022,5-Year-Estimates,Demographics,Population 25+,CEN_POP_O24,"1,410.00"
Municipality,MA,Franklin,Conway,2022,5-Year-Estimates,Demographics,Population 65+,CEN_POP_O64,524
Municipality,MA,Franklin,Conway,2022,5-Year-Estimates,Demographics,Population Living in Rural Areas,CEN_RURALPOP,0
Municipality,MA,Franklin,Conway,2022,5-Year-Estimates,Demographics,Population living in the same county as five years ago,CEN_SAMECOUNTY,0
Municipality,MA,Franklin,Conway,2022,5-Year-Estimates,Demographics,Population living in the same house as five years ago,CEN_SAMEHOUSE,0
Municipality,MA,Franklin,Conway,2022,5-Year-Estimates,Demographics,Population Living in Urban Areas,CEN_URBANPOP,0
Municipality,MA,Franklin,Conway,2022,5-Year-Estimates,Demographics,Population Under 18,CEN_POP_U18,310
Municipality,MA,Franklin,Conway,2022,5-Year-Estimates,Demographics,Population-Foreign Born,CEN_FORBORN,64
Municipality,MA,Franklin,Conway,2022,5-Year-Estimates,Demographics,Single Parent Families,CEN_SINGPAR_CHILD,0
Municipality,MA,Franklin,Conway,2022,5-Year-Estimates,Demographics,Speak an Asian Language at Home,CEN_ASIANLANG,4
Municipality,MA,Franklin,Conway,2022,5-Year-Estimates,Demographics,Speak Only English at Home,CEN_ENGLISH,"1,630.00"
Municipality,MA,Franklin,Conway,2022,5-Year-Estimates,Demographics,Speak Other Language at Home,CEN_OTHLANG,4
Municipality,MA,Franklin,Conway,2022,5-Year-Estimates,Demographics,Speak Spanish at Home,CEN_SPANISH,35
Municipality,MA,Franklin,Conway,2022,5-Year-Estimates,Demographics,"Two or More Races, Not Hispanic or Latino",CEN_TWO_MORE_NOT_HISP,54
Municipality,MA,Franklin,Conway,2022,5-Year-Estimates,Economic,"% Households with Income between $10,000 to $14,999",CEN_PERC_HHINC_10000-14999,0
Municipality,MA,Franklin,Conway,2022,5-Year-Estimates,Economic,"% Households with Income between $15,000 to $24,999",CEN_PERC_HHINC_15000-24999,0.02
Municipality,MA,Franklin,Conway,2022,5-Year-Estimates,Economic,"%  Households with Income between $25,000 to $34,999",CEN_PERC_HHINC_25000-34999,0.02
Municipality,MA,Franklin,Conway,2022,5-Year-Estimates,Economic,"%  Households with Income between $35,000 to $49,999",CEN_PERC_HHINC_35000-49999,0.1
Municipality,MA,Franklin,Conway,2022,5-Year-Estimates,Economic,"% of  Households with Income between $50,000 to $74,999",CEN_PERC_HHINC_50000-74999,0.22
Municipality,MA,Franklin,Conway,2022,5-Year-Estimates,Economic,"% of  Households with Income between $75,000 to $99,999",CEN_PERC_HHINC_75000-99999,0.16
Municipality,MA,Franklin,Conway,2022,5-Year-Estimates,Economic,"% of  Households with Income between $100,000 to $149,999",CEN_PERC_HHINC_100000-149999,0.2
Municipality,MA,Franklin,Conway,2022,5-Year-Estimates,Economic,"%  of Households with Income between $150,000 to $199,999",CEN_PERC_HHINC_150000-199999,0.12
Municipality,MA,Franklin,Conway,2022,5-Year-Estimates,Economic,"% of  Households with Income between $200,000 or more",CEN_PERC_HHINC_200000_PLUS,0.14
Municipality,MA,Franklin,Conway,2022,5-Year-Estimates,Economic,"% of Households with Income Less than $10,000",CEN_PERC_HHINC_0-9999,0.02
Municipality,MA,Franklin,Conway,2022,5-Year-Estimates,Economic,Child Poverty Rate,CEN_CHILD_POV,0.04
Municipality,MA,Franklin,Conway,2022,5-Year-Estimates,Economic,Employment by sex - Female Total,EMP_FEMALE,"1,006.00"
Municipality,MA,Franklin,Conway,2022,5-Year-Estimates,Economic,Employment by sex - Male Total,EMP_MALE,950
Municipality,MA,Franklin,Conway,2022,5-Year-Estimates,Economic,Employment by sex and below the poverty line - Total,UNEMP_TOT_POV,8
Municipality,MA,Franklin,Conway,2022,5-Year-Estimates,Economic,Employment by sex and below the poverty line - Total Percentage,UNEMP_TOT_POV_PERC,0.2
Municipality,MA,Franklin,Conway,2022,5-Year-Estimates,Economic,Employment by sex and in poverty - Female,EMP_FEMALE_POV,4
Municipality,MA,Franklin,Conway,2022,5-Year-Estimates,Economic,Employment by sex and in poverty - Male,EMP_MALE_POV,16
Municipality,MA,Franklin,Conway,2022,5-Year-Estimates,Economic,Employment by sex and in poverty - Total,EMP_TOT_POV,20
Municipality,MA,Franklin,Conway,2022,5-Year-Estimates,Economic,Employment by sex and in poverty - Total Percentage,EMP_TOT_POV_PERC,0.02
Municipality,MA,Franklin,Conway,2022,5-Year-Estimates,Economic,Family Economic Self Sufficiency,CEN_FAMECON_SELF,0
Municipality,MA,Franklin,Conway,2022,5-Year-Estimates,Economic,Gini Coefficient (Income Inequality),CEN_INCOME_INEQ,0.4
Municipality,MA,Franklin,Conway,2022,5-Year-Estimates,Economic,"Households with Income between $10,000 to $14,999",CEN_HHINC_10000-14999,2
Municipality,MA,Franklin,Conway,2022,5-Year-Estimates,Economic,"Households with Income between $15,000 to $24,999",CEN_HHINC_15000-24999,19
Municipality,MA,Franklin,Conway,2022,5-Year-Estimates,Economic,"Households with Income between $25,000 to $34,999",CEN_HHINC_25000-34999,14
Municipality,MA,Franklin,Conway,2022,5-Year-Estimates,Economic,"Households with Income between $35,000 to $49,999",CEN_HHINC_35000-49999,74
Municipality,MA,Franklin,Conway,2022,5-Year-Estimates,Economic,"Households with Income between $50,000 to $74,999",CEN_HHINC_50000-74999,175
Municipality,MA,Franklin,Conway,2022,5-Year-Estimates,Economic,"Households with Income between $75,000 to $99,999",CEN_HHINC_75000-99999,125
Municipality,MA,Franklin,Conway,2022,5-Year-Estimates,Economic,"Households with Income between $100,000 to $149,999",CEN_HHINC_100000-149999,156
Municipality,MA,Franklin,Conway,2022,5-Year-Estimates,Economic,"Households with Income between $150,000 to $199,999",CEN_HHINC_150000-199999,93
Municipality,MA,Franklin,Conway,2022,5-Year-Estimates,Economic,"Households with Income between $200,000 or more",CEN_HHINC_200000_PLUS,106
Municipality,MA,Franklin,Conway,2022,5-Year-Estimates,Economic,"Households with Income Less than $10,000",CEN_HHINC_0-9999,18
Municipality,MA,Franklin,Conway,2022,5-Year-Estimates,Economic,Households with Retirement Income,CEN_RETINC,294
Municipality,MA,Franklin,Conway,2022,5-Year-Estimates,Economic,Households with Social Security Income,CEN_SOCSECINC,346
Municipality,MA,Franklin,Conway,2022,5-Year-Estimates,Economic,Income Under 200% of Poverty Line,CENPOV200,0.13
Municipality,MA,Franklin,Conway,2022,5-Year-Estimates,Economic,Median Family Income,CEN_MEDFAMINC,"71,765.00"
Municipality,MA,Franklin,Conway,2022,5-Year-Estimates,Economic,Median Household Income,CEN_MEDHHINC,"90,500.00"
Municipality,MA,Franklin,Conway,2022,5-Year-Estimates,Economic,Per Capita Income,CEN_PERCAPINC,"55,097.00"
Municipality,MA,Franklin,Conway,2022,5-Year-Estimates,Economic,Percent of Employed Population in Poverty - Female,EMP_FEMALE_POV_PERC,0.01
Municipality,MA,Franklin,Conway,2022,5-Year-Estimates,Economic,Percent of Employed Population in Poverty - Male,EMP_MALE_POV_PERC,0.03
Municipality,MA,Franklin,Conway,2022,5-Year-Estimates,Economic,Percent of Families in Poverty,CEN_FAM_POV,0.01
Municipality,MA,Franklin,Conway,2022,5-Year-Estimates,Economic,Percent of Unemployed Population in Poverty - Female,UNEMP_FEMALE_POV_PERC,0.28
Municipality,MA,Franklin,Conway,2022,5-Year-Estimates,Economic,Percent of Unemployed Population in Poverty - Male,UNEMP_MALE_POV_PERC,0
Municipality,MA,Franklin,Conway,2022,5-Year-Estimates,Economic,Population Living below Poverty,CEN_POOR,14
Municipality,MA,Franklin,Conway,2022,5-Year-Estimates,Economic,Poverty Rate,CEN_POVRATE,0.01
Municipality,MA,Franklin,Conway,2022,5-Year-Estimates,Economic,Poverty Rate of Foreign Born,CEN_POV_FOR_BORN,0
Municipality,MA,Franklin,Conway,2022,5-Year-Estimates,Economic,Poverty Rate of Foreign Born Naturalized Citizens,CEN_POV_FOR_BORN_NAT,0
Municipality,MA,Franklin,Conway,2022,5-Year-Estimates,Economic,Poverty Rate of Foreign Born Non-Citizens,CEN_POV_FOR_BORN_NON_CIT,0
Municipality,MA,Franklin,Conway,2022,5-Year-Estimates,Economic,Poverty Status Determined Population,CEN_POVTOTALPOP,"1,761.00"
Municipality,MA,Franklin,Conway,2022,5-Year-Estimates,Economic,Self Employment Income-Household,CEN_SELFEMPINC,244
Municipality,MA,Franklin,Conway,2022,5-Year-Estimates,Economic,Total population counted for unemployment by sex - Female,UNEMP_FEMALE,58
Municipality,MA,Franklin,Conway,2022,5-Year-Estimates,Economic,Total population counted for unemployment by sex - Male,UNEMP_MALE,22
Municipality,MA,Franklin,Conway,2022,5-Year-Estimates,Economic,Unemployment by sex and below the poverty line - Female,UNEMP_FEMALE_POV,8
Municipality,MA,Franklin,Conway,2022,5-Year-Estimates,Economic,Unemployment by sex and below the poverty line - Male,UNEMP_MALE_POV,0
Municipality,MA,Franklin,Deerfield,2022,5-Year-Estimates,Demographics,Population Total,CEN_POP,"5,125.00"
Municipality,MA,Franklin,Deerfield,2022,5-Year-Estimates,Demographics,White Population,CEN_WHITE,"4,715.00"
Municipality,MA,Franklin,Deerfield,2022,5-Year-Estimates,Demographics,Hispanic or Latino Population (of any race),CEN_HISPANIC,289
Municipality,MA,Franklin,Deerfield,2022,5-Year-Estimates,Demographics,Black Population,CEN_BLACK,43
Municipality,MA,Franklin,Deerfield,2022,5-Year-Estimates,Demographics,Other Races Population,CEN_OTHRACE,0
Municipality,MA,Franklin,Deerfield,2022,5-Year-Estimates,Demographics,Asian Population,CEN_ASIAN,4
Municipality,MA,Franklin,Deerfield,2022,5-Year-Estimates,Demographics,Age-3 to 4 Years Old,3_4_YEARS,41
Municipality,MA,Franklin,Deerfield,2022,5-Year-Estimates,Demographics,Age-5 Years Old,5_YEARS,34
Municipality,MA,Franklin,Deerfield,2022,5-Year-Estimates,Demographics,Age-6 to 8 Years Old,6_8_YEARS,94
Municipality,MA,Franklin,Deerfield,2022,5-Year-Estimates,Demographics,Age-9 to 11 Years Old,9_11_YEARS,120
Municipality,MA,Franklin,Deerfield,2022,5-Year-Estimates,Demographics,Age-12 to 14 Years Old,12_14_YEARS,144
Municipality,MA,Franklin,Deerfield,2022,5-Year-Estimates,Demographics,Age-15 to 17 Years Old,15_17_YEARS,313
Municipality,MA,Franklin,Deerfield,2022,5-Year-Estimates,Demographics,Age-18 to 19 Years Old,18_19_YEARS,127
Municipality,MA,Franklin,Deerfield,2022,5-Year-Estimates,Demographics,Age-20 to 24 Years Old,20_24_YEARS,194
Municipality,MA,Franklin,Deerfield,2022,5-Year-Estimates,Demographics,Age-25 to 29 Years Old,25_29_YEARS,258
Municipality,MA,Franklin,Deerfield,2022,5-Year-Estimates,Demographics,Age-30 to 34 Years Old,30_34_YEARS,301
Municipality,MA,Franklin,Deerfield,2022,5-Year-Estimates,Demographics,Age-35 to 39 Years Old,35_39_YEARS,204
Municipality,MA,Franklin,Deerfield,2022,5-Year-Estimates,Demographics,Age-40 to 44 Years Old,40_44_YEARS,275
Municipality,MA,Franklin,Deerfield,2022,5-Year-Estimates,Demographics,Age-45 to 49 Years Old,45_49_YEARS,211
Municipality,MA,Franklin,Deerfield,2022,5-Year-Estimates,Demographics,Age-50 to 54 Years Old,50_54_YEARS,548
Municipality,MA,Franklin,Deerfield,2022,5-Year-Estimates,Demographics,Age-55 to 59 Years Old,55_59_YEARS,540
Municipality,MA,Franklin,Deerfield,2022,5-Year-Estimates,Demographics,Age-60 to 64 Years Old,60_64_YEARS,603
Municipality,MA,Franklin,Deerfield,2022,5-Year-Estimates,Demographics,Age-65 to 69 Years Old,65_69_YEARS,365
Municipality,MA,Franklin,Deerfield,2022,5-Year-Estimates,Demographics,Age-70 to 74 Years Old,70_74_YEARS,287
Municipality,MA,Franklin,Deerfield,2022,5-Year-Estimates,Demographics,Age-75 to 79 Years Old,75_79_YEARS,123
Municipality,MA,Franklin,Deerfield,2022,5-Year-Estimates,Demographics,Age-80 to 84 Years Old,80_84_YEARS,179
Municipality,MA,Franklin,Deerfield,2022,5-Year-Estimates,Demographics,Age-85 & older,85+_YEARS,101
Municipality,MA,Franklin,Deerfield,2022,5-Year-Estimates,Demographics,Age-Under 3 Years Old,UNDER_3_YEARS,63
Municipality,MA,Franklin,Deerfield,2022,5-Year-Estimates,Demographics,Households-Married Couples,CEN_MARRHOU,"1,103.00"
Municipality,MA,Franklin,Deerfield,2022,5-Year-Estimates,Demographics,Households-Single Parent,CEN_SINGPARHOU,201
Municipality,MA,Franklin,Deerfield,2022,5-Year-Estimates,Demographics,Households-Total,CEN_HOUSEHOLDS,"2,241.00"
Municipality,MA,Franklin,Deerfield,2022,5-Year-Estimates,Demographics,Net Domestic Migration,CEN_NET_DOM_MIGR,0
Municipality,MA,Franklin,Deerfield,2022,5-Year-Estimates,Demographics,Percent Elderly with Car Access,CAR_AGE_HOUSEHOLDER,0.96
Municipality,MA,Franklin,Deerfield,2022,5-Year-Estimates,Demographics,Percent Grandparents Who Are Primary Caregiver,GRAND_CAREGIVER,0
Municipality,MA,Franklin,Deerfield,2022,5-Year-Estimates,Demographics,Percent of Elderly Below Poverty Line,ELDERLY_POV,0.07
Municipality,MA,Franklin,Deerfield,2022,5-Year-Estimates,Demographics,Percent of Elderly who Live Alone,ELDERLY_LIVEALONE,0.3
Municipality,MA,Franklin,Deerfield,2022,5-Year-Estimates,Demographics,Percent of Population Who are Not White,MINORITY_PERCENT,0.08
Municipality,MA,Franklin,Deerfield,2022,5-Year-Estimates,Demographics,Population 5+,CEN_POP_O4,"5,021.00"
Municipality,MA,Franklin,Deerfield,2022,5-Year-Estimates,Demographics,Population 25+,CEN_POP_O24,"3,995.00"
Municipality,MA,Franklin,Deerfield,2022,5-Year-Estimates,Demographics,Population 65+,CEN_POP_O64,"1,055.00"
Municipality,MA,Franklin,Deerfield,2022,5-Year-Estimates,Demographics,Population Living in Rural Areas,CEN_RURALPOP,0
Municipality,MA,Franklin,Deerfield,2022,5-Year-Estimates,Demographics,Population living in the same county as five years ago,CEN_SAMECOUNTY,0
Municipality,MA,Franklin,Deerfield,2022,5-Year-Estimates,Demographics,Population living in the same house as five years ago,CEN_SAMEHOUSE,0
Municipality,MA,Franklin,Deerfield,2022,5-Year-Estimates,Demographics,Population Living in Urban Areas,CEN_URBANPOP,0
Municipality,MA,Franklin,Deerfield,2022,5-Year-Estimates,Demographics,Population Under 18,CEN_POP_U18,809
Municipality,MA,Franklin,Deerfield,2022,5-Year-Estimates,Demographics,Population-Foreign Born,CEN_FORBORN,299
Municipality,MA,Franklin,Deerfield,2022,5-Year-Estimates,Demographics,Single Parent Families,CEN_SINGPAR_CHILD,0
Municipality,MA,Franklin,Deerfield,2022,5-Year-Estimates,Demographics,Speak an Asian Language at Home,CEN_ASIANLANG,4
Municipality,MA,Franklin,Deerfield,2022,5-Year-Estimates,Demographics,Speak Only English at Home,CEN_ENGLISH,"4,750.00"
Municipality,MA,Franklin,Deerfield,2022,5-Year-Estimates,Demographics,Speak Other Language at Home,CEN_OTHLANG,0
Municipality,MA,Franklin,Deerfield,2022,5-Year-Estimates,Demographics,Speak Spanish at Home,CEN_SPANISH,170
Municipality,MA,Franklin,Deerfield,2022,5-Year-Estimates,Demographics,"Two or More Races, Not Hispanic or Latino",CEN_TWO_MORE_NOT_HISP,363
Municipality,MA,Franklin,Deerfield,2022,5-Year-Estimates,Economic,"% Households with Income between $10,000 to $14,999",CEN_PERC_HHINC_10000-14999,0.01
Municipality,MA,Franklin,Deerfield,2022,5-Year-Estimates,Economic,"% Households with Income between $15,000 to $24,999",CEN_PERC_HHINC_15000-24999,0.07
Municipality,MA,Franklin,Deerfield,2022,5-Year-Estimates,Economic,"%  Households with Income between $25,000 to $34,999",CEN_PERC_HHINC_25000-34999,0.05
Municipality,MA,Franklin,Deerfield,2022,5-Year-Estimates,Economic,"%  Households with Income between $35,000 to $49,999",CEN_PERC_HHINC_35000-49999,0.02
Municipality,MA,Franklin,Deerfield,2022,5-Year-Estimates,Economic,"% of  Households with Income between $50,000 to $74,999",CEN_PERC_HHINC_50000-74999,0.25
Municipality,MA,Franklin,Deerfield,2022,5-Year-Estimates,Economic,"% of  Households with Income between $75,000 to $99,999",CEN_PERC_HHINC_75000-99999,0.1
Municipality,MA,Franklin,Deerfield,2022,5-Year-Estimates,Economic,"% of  Households with Income between $100,000 to $149,999",CEN_PERC_HHINC_100000-149999,0.27
Municipality,MA,Franklin,Deerfield,2022,5-Year-Estimates,Economic,"%  of Households with Income between $150,000 to $199,999",CEN_PERC_HHINC_150000-199999,0.09
Municipality,MA,Franklin,Deerfield,2022,5-Year-Estimates,Economic,"% of  Households with Income between $200,000 or more",CEN_PERC_HHINC_200000_PLUS,0.14
Municipality,MA,Franklin,Deerfield,2022,5-Year-Estimates,Economic,"% of Households with Income Less than $10,000",CEN_PERC_HHINC_0-9999,0.01
Municipality,MA,Franklin,Deerfield,2022,5-Year-Estimates,Economic,Child Poverty Rate,CEN_CHILD_POV,0.11
Municipality,MA,Franklin,Deerfield,2022,5-Year-Estimates,Economic,Employment by sex - Female Total,EMP_FEMALE,"2,938.00"
Municipality,MA,Franklin,Deerfield,2022,5-Year-Estimates,Economic,Employment by sex - Male Total,EMP_MALE,"3,026.00"
Municipality,MA,Franklin,Deerfield,2022,5-Year-Estimates,Economic,Employment by sex and below the poverty line - Total,UNEMP_TOT_POV,0
Municipality,MA,Franklin,Deerfield,2022,5-Year-Estimates,Economic,Employment by sex and below the poverty line - Total Percentage,UNEMP_TOT_POV_PERC,0
Municipality,MA,Franklin,Deerfield,2022,5-Year-Estimates,Economic,Employment by sex and in poverty - Female,EMP_FEMALE_POV,0
Municipality,MA,Franklin,Deerfield,2022,5-Year-Estimates,Economic,Employment by sex and in poverty - Male,EMP_MALE_POV,36
Municipality,MA,Franklin,Deerfield,2022,5-Year-Estimates,Economic,Employment by sex and in poverty - Total,EMP_TOT_POV,36
Municipality,MA,Franklin,Deerfield,2022,5-Year-Estimates,Economic,Employment by sex and in poverty - Total Percentage,EMP_TOT_POV_PERC,0.01
Municipality,MA,Franklin,Deerfield,2022,5-Year-Estimates,Economic,Family Economic Self Sufficiency,CEN_FAMECON_SELF,0
Municipality,MA,Franklin,Deerfield,2022,5-Year-Estimates,Economic,Gini Coefficient (Income Inequality),CEN_INCOME_INEQ,0.42
Municipality,MA,Franklin,Deerfield,2022,5-Year-Estimates,Economic,"Households with Income between $10,000 to $14,999",CEN_HHINC_10000-14999,31
Municipality,MA,Franklin,Deerfield,2022,5-Year-Estimates,Economic,"Households with Income between $15,000 to $24,999",CEN_HHINC_15000-24999,153
Municipality,MA,Franklin,Deerfield,2022,5-Year-Estimates,Economic,"Households with Income between $25,000 to $34,999",CEN_HHINC_25000-34999,116
Municipality,MA,Franklin,Deerfield,2022,5-Year-Estimates,Economic,"Households with Income between $35,000 to $49,999",CEN_HHINC_35000-49999,35
Municipality,MA,Franklin,Deerfield,2022,5-Year-Estimates,Economic,"Households with Income between $50,000 to $74,999",CEN_HHINC_50000-74999,551
Municipality,MA,Franklin,Deerfield,2022,5-Year-Estimates,Economic,"Households with Income between $75,000 to $99,999",CEN_HHINC_75000-99999,213
Municipality,MA,Franklin,Deerfield,2022,5-Year-Estimates,Economic,"Households with Income between $100,000 to $149,999",CEN_HHINC_100000-149999,604
Municipality,MA,Franklin,Deerfield,2022,5-Year-Estimates,Economic,"Households with Income between $150,000 to $199,999",CEN_HHINC_150000-199999,192
Municipality,MA,Franklin,Deerfield,2022,5-Year-Estimates,Economic,"Households with Income between $200,000 or more",CEN_HHINC_200000_PLUS,323
Municipality,MA,Franklin,Deerfield,2022,5-Year-Estimates,Economic,"Households with Income Less than $10,000",CEN_HHINC_0-9999,23
Municipality,MA,Franklin,Deerfield,2022,5-Year-Estimates,Economic,Households with Retirement Income,CEN_RETINC,719
Municipality,MA,Franklin,Deerfield,2022,5-Year-Estimates,Economic,Households with Social Security Income,CEN_SOCSECINC,727
Municipality,MA,Franklin,Deerfield,2022,5-Year-Estimates,Economic,Income Under 200% of Poverty Line,CENPOV200,0.15
Municipality,MA,Franklin,Deerfield,2022,5-Year-Estimates,Economic,Median Family Income,CEN_MEDFAMINC,"90,625.00"
Municipality,MA,Franklin,Deerfield,2022,5-Year-Estimates,Economic,Median Household Income,CEN_MEDHHINC,"99,917.00"
Municipality,MA,Franklin,Deerfield,2022,5-Year-Estimates,Economic,Per Capita Income,CEN_PERCAPINC,"54,741.00"
Municipality,MA,Franklin,Deerfield,2022,5-Year-Estimates,Economic,Percent of Employed Population in Poverty - Female,EMP_FEMALE_POV_PERC,0
Municipality,MA,Franklin,Deerfield,2022,5-Year-Estimates,Economic,Percent of Employed Population in Poverty - Male,EMP_MALE_POV_PERC,0.02
Municipality,MA,Franklin,Deerfield,2022,5-Year-Estimates,Economic,Percent of Families in Poverty,CEN_FAM_POV,0.07
Municipality,MA,Franklin,Deerfield,2022,5-Year-Estimates,Economic,Percent of Unemployed Population in Poverty - Female,UNEMP_FEMALE_POV_PERC,0
Municipality,MA,Franklin,Deerfield,2022,5-Year-Estimates,Economic,Percent of Unemployed Population in Poverty - Male,UNEMP_MALE_POV_PERC,0
Municipality,MA,Franklin,Deerfield,2022,5-Year-Estimates,Economic,Population Living below Poverty,CEN_POOR,18
Municipality,MA,Franklin,Deerfield,2022,5-Year-Estimates,Economic,Poverty Rate,CEN_POVRATE,0.01
Municipality,MA,Franklin,Deerfield,2022,5-Year-Estimates,Economic,Poverty Rate of Foreign Born,CEN_POV_FOR_BORN,0
Municipality,MA,Franklin,Deerfield,2022,5-Year-Estimates,Economic,Poverty Rate of Foreign Born Naturalized Citizens,CEN_POV_FOR_BORN_NAT,0
Municipality,MA,Franklin,Deerfield,2022,5-Year-Estimates,Economic,Poverty Rate of Foreign Born Non-Citizens,CEN_POV_FOR_BORN_NON_CIT,0
Municipality,MA,Franklin,Deerfield,2022,5-Year-Estimates,Economic,Poverty Status Determined Population,CEN_POVTOTALPOP,"5,051.00"
Municipality,MA,Franklin,Deerfield,2022,5-Year-Estimates,Economic,Self Employment Income-Household,CEN_SELFEMPINC,289
Municipality,MA,Franklin,Deerfield,2022,5-Year-Estimates,Economic,Total population counted for unemployment by sex - Female,UNEMP_FEMALE,26
Municipality,MA,Franklin,Deerfield,2022,5-Year-Estimates,Economic,Total population counted for unemployment by sex - Male,UNEMP_MALE,176
Municipality,MA,Franklin,Deerfield,2022,5-Year-Estimates,Economic,Unemployment by sex and below the poverty line - Female,UNEMP_FEMALE_POV,0
Municipality,MA,Franklin,Deerfield,2022,5-Year-Estimates,Economic,Unemployment by sex and below the poverty line - Male,UNEMP_MALE_POV,0
Municipality,MA,Franklin,Erving,2022,5-Year-Estimates,Demographics,Population Total,CEN_POP,"1,631.00"
Municipality,MA,Franklin,Erving,2022,5-Year-Estimates,Demographics,White Population,CEN_WHITE,"1,544.00"
Municipality,MA,Franklin,Erving,2022,5-Year-Estimates,Demographics,Hispanic or Latino Population (of any race),CEN_HISPANIC,55
Municipality,MA,Franklin,Erving,2022,5-Year-Estimates,Demographics,Black Population,CEN_BLACK,20
Municipality,MA,Franklin,Erving,2022,5-Year-Estimates,Demographics,Other Races Population,CEN_OTHRACE,0
Municipality,MA,Franklin,Erving,2022,5-Year-Estimates,Demographics,Asian Population,CEN_ASIAN,0
Municipality,MA,Franklin,Erving,2022,5-Year-Estimates,Demographics,Age-3 to 4 Years Old,3_4_YEARS,41
Municipality,MA,Franklin,Erving,2022,5-Year-Estimates,Demographics,Age-5 Years Old,5_YEARS,25
Municipality,MA,Franklin,Erving,2022,5-Year-Estimates,Demographics,Age-6 to 8 Years Old,6_8_YEARS,86
Municipality,MA,Franklin,Erving,2022,5-Year-Estimates,Demographics,Age-9 to 11 Years Old,9_11_YEARS,55
Municipality,MA,Franklin,Erving,2022,5-Year-Estimates,Demographics,Age-12 to 14 Years Old,12_14_YEARS,33
Municipality,MA,Franklin,Erving,2022,5-Year-Estimates,Demographics,Age-15 to 17 Years Old,15_17_YEARS,44
Municipality,MA,Franklin,Erving,2022,5-Year-Estimates,Demographics,Age-18 to 19 Years Old,18_19_YEARS,79
Municipality,MA,Franklin,Erving,2022,5-Year-Estimates,Demographics,Age-20 to 24 Years Old,20_24_YEARS,53
Municipality,MA,Franklin,Erving,2022,5-Year-Estimates,Demographics,Age-25 to 29 Years Old,25_29_YEARS,68
Municipality,MA,Franklin,Erving,2022,5-Year-Estimates,Demographics,Age-30 to 34 Years Old,30_34_YEARS,114
Municipality,MA,Franklin,Erving,2022,5-Year-Estimates,Demographics,Age-35 to 39 Years Old,35_39_YEARS,123
Municipality,MA,Franklin,Erving,2022,5-Year-Estimates,Demographics,Age-40 to 44 Years Old,40_44_YEARS,148
Municipality,MA,Franklin,Erving,2022,5-Year-Estimates,Demographics,Age-45 to 49 Years Old,45_49_YEARS,136
Municipality,MA,Franklin,Erving,2022,5-Year-Estimates,Demographics,Age-50 to 54 Years Old,50_54_YEARS,66
Municipality,MA,Franklin,Erving,2022,5-Year-Estimates,Demographics,Age-55 to 59 Years Old,55_59_YEARS,106
Municipality,MA,Franklin,Erving,2022,5-Year-Estimates,Demographics,Age-60 to 64 Years Old,60_64_YEARS,96
Municipality,MA,Franklin,Erving,2022,5-Year-Estimates,Demographics,Age-65 to 69 Years Old,65_69_YEARS,100
Municipality,MA,Franklin,Erving,2022,5-Year-Estimates,Demographics,Age-70 to 74 Years Old,70_74_YEARS,107
Municipality,MA,Franklin,Erving,2022,5-Year-Estimates,Demographics,Age-75 to 79 Years Old,75_79_YEARS,39
Municipality,MA,Franklin,Erving,2022,5-Year-Estimates,Demographics,Age-80 to 84 Years Old,80_84_YEARS,39
Municipality,MA,Franklin,Erving,2022,5-Year-Estimates,Demographics,Age-85 & older,85+_YEARS,28
Municipality,MA,Franklin,Erving,2022,5-Year-Estimates,Demographics,Age-Under 3 Years Old,UNDER_3_YEARS,45
Municipality,MA,Franklin,Erving,2022,5-Year-Estimates,Demographics,Households-Married Couples,CEN_MARRHOU,301
Municipality,MA,Franklin,Erving,2022,5-Year-Estimates,Demographics,Households-Single Parent,CEN_SINGPARHOU,36
Municipality,MA,Franklin,Erving,2022,5-Year-Estimates,Demographics,Households-Total,CEN_HOUSEHOLDS,677
Municipality,MA,Franklin,Erving,2022,5-Year-Estimates,Demographics,Net Domestic Migration,CEN_NET_DOM_MIGR,0
Municipality,MA,Franklin,Erving,2022,5-Year-Estimates,Demographics,Percent Elderly with Car Access,CAR_AGE_HOUSEHOLDER,0.95
Municipality,MA,Franklin,Erving,2022,5-Year-Estimates,Demographics,Percent Grandparents Who Are Primary Caregiver,GRAND_CAREGIVER,0.5
Municipality,MA,Franklin,Erving,2022,5-Year-Estimates,Demographics,Percent of Elderly Below Poverty Line,ELDERLY_POV,0.05
Municipality,MA,Franklin,Erving,2022,5-Year-Estimates,Demographics,Percent of Elderly who Live Alone,ELDERLY_LIVEALONE,0.38
Municipality,MA,Franklin,Erving,2022,5-Year-Estimates,Demographics,Percent of Population Who are Not White,MINORITY_PERCENT,0.05
Municipality,MA,Franklin,Erving,2022,5-Year-Estimates,Demographics,Population 5+,CEN_POP_O4,"1,545.00"
Municipality,MA,Franklin,Erving,2022,5-Year-Estimates,Demographics,Population 25+,CEN_POP_O24,"1,170.00"
Municipality,MA,Franklin,Erving,2022,5-Year-Estimates,Demographics,Population 65+,CEN_POP_O64,313
Municipality,MA,Franklin,Erving,2022,5-Year-Estimates,Demographics,Population Living in Rural Areas,CEN_RURALPOP,0
Municipality,MA,Franklin,Erving,2022,5-Year-Estimates,Demographics,Population living in the same county as five years ago,CEN_SAMECOUNTY,0
Municipality,MA,Franklin,Erving,2022,5-Year-Estimates,Demographics,Population living in the same house as five years ago,CEN_SAMEHOUSE,0
Municipality,MA,Franklin,Erving,2022,5-Year-Estimates,Demographics,Population Living in Urban Areas,CEN_URBANPOP,0
Municipality,MA,Franklin,Erving,2022,5-Year-Estimates,Demographics,Population Under 18,CEN_POP_U18,329
Municipality,MA,Franklin,Erving,2022,5-Year-Estimates,Demographics,Population-Foreign Born,CEN_FORBORN,38
Municipality,MA,Franklin,Erving,2022,5-Year-Estimates,Demographics,Single Parent Families,CEN_SINGPAR_CHILD,0
Municipality,MA,Franklin,Erving,2022,5-Year-Estimates,Demographics,Speak an Asian Language at Home,CEN_ASIANLANG,9
Municipality,MA,Franklin,Erving,2022,5-Year-Estimates,Demographics,Speak Only English at Home,CEN_ENGLISH,"1,489.00"
Municipality,MA,Franklin,Erving,2022,5-Year-Estimates,Demographics,Speak Other Language at Home,CEN_OTHLANG,8
Municipality,MA,Franklin,Erving,2022,5-Year-Estimates,Demographics,Speak Spanish at Home,CEN_SPANISH,8
Municipality,MA,Franklin,Erving,2022,5-Year-Estimates,Demographics,"Two or More Races, Not Hispanic or Latino",CEN_TWO_MORE_NOT_HISP,60
Municipality,MA,Franklin,Erving,2022,5-Year-Estimates,Economic,"% Households with Income between $10,000 to $14,999",CEN_PERC_HHINC_10000-14999,0.04
Municipality,MA,Franklin,Erving,2022,5-Year-Estimates,Economic,"% Households with Income between $15,000 to $24,999",CEN_PERC_HHINC_15000-24999,0.1
Municipality,MA,Franklin,Erving,2022,5-Year-Estimates,Economic,"%  Households with Income between $25,000 to $34,999",CEN_PERC_HHINC_25000-34999,0.08
Municipality,MA,Franklin,Erving,2022,5-Year-Estimates,Economic,"%  Households with Income between $35,000 to $49,999",CEN_PERC_HHINC_35000-49999,0.09
Municipality,MA,Franklin,Erving,2022,5-Year-Estimates,Economic,"% of  Households with Income between $50,000 to $74,999",CEN_PERC_HHINC_50000-74999,0.19
Municipality,MA,Franklin,Erving,2022,5-Year-Estimates,Economic,"% of  Households with Income between $75,000 to $99,999",CEN_PERC_HHINC_75000-99999,0.14
Municipality,MA,Franklin,Erving,2022,5-Year-Estimates,Economic,"% of  Households with Income between $100,000 to $149,999",CEN_PERC_HHINC_100000-149999,0.21
Municipality,MA,Franklin,Erving,2022,5-Year-Estimates,Economic,"%  of Households with Income between $150,000 to $199,999",CEN_PERC_HHINC_150000-199999,0.08
Municipality,MA,Franklin,Erving,2022,5-Year-Estimates,Economic,"% of  Households with Income between $200,000 or more",CEN_PERC_HHINC_200000_PLUS,0.04
Municipality,MA,Franklin,Erving,2022,5-Year-Estimates,Economic,"% of Households with Income Less than $10,000",CEN_PERC_HHINC_0-9999,0.03
Municipality,MA,Franklin,Erving,2022,5-Year-Estimates,Economic,Child Poverty Rate,CEN_CHILD_POV,0.03
Municipality,MA,Franklin,Erving,2022,5-Year-Estimates,Economic,Employment by sex - Female Total,EMP_FEMALE,778
Municipality,MA,Franklin,Erving,2022,5-Year-Estimates,Economic,Employment by sex - Male Total,EMP_MALE,854
Municipality,MA,Franklin,Erving,2022,5-Year-Estimates,Economic,Employment by sex and below the poverty line - Total,UNEMP_TOT_POV,14
Municipality,MA,Franklin,Erving,2022,5-Year-Estimates,Economic,Employment by sex and below the poverty line - Total Percentage,UNEMP_TOT_POV_PERC,0.29
Municipality,MA,Franklin,Erving,2022,5-Year-Estimates,Economic,Employment by sex and in poverty - Female,EMP_FEMALE_POV,48
Municipality,MA,Franklin,Erving,2022,5-Year-Estimates,Economic,Employment by sex and in poverty - Male,EMP_MALE_POV,30
Municipality,MA,Franklin,Erving,2022,5-Year-Estimates,Economic,Employment by sex and in poverty - Total,EMP_TOT_POV,78
Municipality,MA,Franklin,Erving,2022,5-Year-Estimates,Economic,Employment by sex and in poverty - Total Percentage,EMP_TOT_POV_PERC,0.1
Municipality,MA,Franklin,Erving,2022,5-Year-Estimates,Economic,Family Economic Self Sufficiency,CEN_FAMECON_SELF,0
Municipality,MA,Franklin,Erving,2022,5-Year-Estimates,Economic,Gini Coefficient (Income Inequality),CEN_INCOME_INEQ,0.44
Municipality,MA,Franklin,Erving,2022,5-Year-Estimates,Economic,"Households with Income between $10,000 to $14,999",CEN_HHINC_10000-14999,29
Municipality,MA,Franklin,Erving,2022,5-Year-Estimates,Economic,"Households with Income between $15,000 to $24,999",CEN_HHINC_15000-24999,69
Municipality,MA,Franklin,Erving,2022,5-Year-Estimates,Economic,"Households with Income between $25,000 to $34,999",CEN_HHINC_25000-34999,56
Municipality,MA,Franklin,Erving,2022,5-Year-Estimates,Economic,"Households with Income between $35,000 to $49,999",CEN_HHINC_35000-49999,61
Municipality,MA,Franklin,Erving,2022,5-Year-Estimates,Economic,"Households with Income between $50,000 to $74,999",CEN_HHINC_50000-74999,128
Municipality,MA,Franklin,Erving,2022,5-Year-Estimates,Economic,"Households with Income between $75,000 to $99,999",CEN_HHINC_75000-99999,92
Municipality,MA,Franklin,Erving,2022,5-Year-Estimates,Economic,"Households with Income between $100,000 to $149,999",CEN_HHINC_100000-149999,140
Municipality,MA,Franklin,Erving,2022,5-Year-Estimates,Economic,"Households with Income between $150,000 to $199,999",CEN_HHINC_150000-199999,54
Municipality,MA,Franklin,Erving,2022,5-Year-Estimates,Economic,"Households with Income between $200,000 or more",CEN_HHINC_200000_PLUS,27
Municipality,MA,Franklin,Erving,2022,5-Year-Estimates,Economic,"Households with Income Less than $10,000",CEN_HHINC_0-9999,21
Municipality,MA,Franklin,Erving,2022,5-Year-Estimates,Economic,Households with Retirement Income,CEN_RETINC,198
Municipality,MA,Franklin,Erving,2022,5-Year-Estimates,Economic,Households with Social Security Income,CEN_SOCSECINC,260
Municipality,MA,Franklin,Erving,2022,5-Year-Estimates,Economic,Income Under 200% of Poverty Line,CENPOV200,0.26
Municipality,MA,Franklin,Erving,2022,5-Year-Estimates,Economic,Median Household Income,CEN_MEDHHINC,"70,560.00"
Municipality,MA,Franklin,Erving,2022,5-Year-Estimates,Economic,Per Capita Income,CEN_PERCAPINC,"36,246.00"
Municipality,MA,Franklin,Erving,2022,5-Year-Estimates,Economic,Percent of Employed Population in Poverty - Female,EMP_FEMALE_POV_PERC,0.12
Municipality,MA,Franklin,Erving,2022,5-Year-Estimates,Economic,Percent of Employed Population in Poverty - Male,EMP_MALE_POV_PERC,0.07
Municipality,MA,Franklin,Erving,2022,5-Year-Estimates,Economic,Percent of Families in Poverty,CEN_FAM_POV,0.07
Municipality,MA,Franklin,Erving,2022,5-Year-Estimates,Economic,Percent of Unemployed Population in Poverty - Female,UNEMP_FEMALE_POV_PERC,0
Municipality,MA,Franklin,Erving,2022,5-Year-Estimates,Economic,Percent of Unemployed Population in Poverty - Male,UNEMP_MALE_POV_PERC,0.7
Municipality,MA,Franklin,Erving,2022,5-Year-Estimates,Economic,Population Living below Poverty,CEN_POOR,46
Municipality,MA,Franklin,Erving,2022,5-Year-Estimates,Economic,Poverty Rate,CEN_POVRATE,0.05
Municipality,MA,Franklin,Erving,2022,5-Year-Estimates,Economic,Poverty Rate of Foreign Born,CEN_POV_FOR_BORN,0
Municipality,MA,Franklin,Erving,2022,5-Year-Estimates,Economic,Poverty Rate of Foreign Born Naturalized Citizens,CEN_POV_FOR_BORN_NAT,0
Municipality,MA,Franklin,Erving,2022,5-Year-Estimates,Economic,Poverty Rate of Foreign Born Non-Citizens,CEN_POV_FOR_BORN_NON_CIT,0
Municipality,MA,Franklin,Erving,2022,5-Year-Estimates,Economic,Poverty Status Determined Population,CEN_POVTOTALPOP,"1,625.00"
Municipality,MA,Franklin,Erving,2022,5-Year-Estimates,Economic,Self Employment Income-Household,CEN_SELFEMPINC,90
Municipality,MA,Franklin,Erving,2022,5-Year-Estimates,Economic,Total population counted for unemployment by sex - Female,UNEMP_FEMALE,58
Municipality,MA,Franklin,Erving,2022,5-Year-Estimates,Economic,Total population counted for unemployment by sex - Male,UNEMP_MALE,40
Municipality,MA,Franklin,Erving,2022,5-Year-Estimates,Economic,Unemployment by sex and below the poverty line - Female,UNEMP_FEMALE_POV,0
Municipality,MA,Franklin,Erving,2022,5-Year-Estimates,Economic,Unemployment by sex and below the poverty line - Male,UNEMP_MALE_POV,14
Municipality,MA,Franklin,Gill,2022,5-Year-Estimates,Demographics,Population Total,CEN_POP,"1,747.00"
Municipality,MA,Franklin,Gill,2022,5-Year-Estimates,Demographics,White Population,CEN_WHITE,"1,551.00"
Municipality,MA,Franklin,Gill,2022,5-Year-Estimates,Demographics,Hispanic or Latino Population (of any race),CEN_HISPANIC,0
Municipality,MA,Franklin,Gill,2022,5-Year-Estimates,Demographics,Black Population,CEN_BLACK,43
Municipality,MA,Franklin,Gill,2022,5-Year-Estimates,Demographics,Other Races Population,CEN_OTHRACE,0
Municipality,MA,Franklin,Gill,2022,5-Year-Estimates,Demographics,Asian Population,CEN_ASIAN,101
Municipality,MA,Franklin,Gill,2022,5-Year-Estimates,Demographics,Age-3 to 4 Years Old,3_4_YEARS,16
Municipality,MA,Franklin,Gill,2022,5-Year-Estimates,Demographics,Age-5 Years Old,5_YEARS,3
Municipality,MA,Franklin,Gill,2022,5-Year-Estimates,Demographics,Age-6 to 8 Years Old,6_8_YEARS,23
Municipality,MA,Franklin,Gill,2022,5-Year-Estimates,Demographics,Age-9 to 11 Years Old,9_11_YEARS,55
Municipality,MA,Franklin,Gill,2022,5-Year-Estimates,Demographics,Age-12 to 14 Years Old,12_14_YEARS,59
Municipality,MA,Franklin,Gill,2022,5-Year-Estimates,Demographics,Age-15 to 17 Years Old,15_17_YEARS,50
Municipality,MA,Franklin,Gill,2022,5-Year-Estimates,Demographics,Age-18 to 19 Years Old,18_19_YEARS,29
Municipality,MA,Franklin,Gill,2022,5-Year-Estimates,Demographics,Age-20 to 24 Years Old,20_24_YEARS,84
Municipality,MA,Franklin,Gill,2022,5-Year-Estimates,Demographics,Age-25 to 29 Years Old,25_29_YEARS,98
Municipality,MA,Franklin,Gill,2022,5-Year-Estimates,Demographics,Age-30 to 34 Years Old,30_34_YEARS,132
Municipality,MA,Franklin,Gill,2022,5-Year-Estimates,Demographics,Age-35 to 39 Years Old,35_39_YEARS,136
Municipality,MA,Franklin,Gill,2022,5-Year-Estimates,Demographics,Age-40 to 44 Years Old,40_44_YEARS,133
Municipality,MA,Franklin,Gill,2022,5-Year-Estimates,Demographics,Age-45 to 49 Years Old,45_49_YEARS,36
Municipality,MA,Franklin,Gill,2022,5-Year-Estimates,Demographics,Age-50 to 54 Years Old,50_54_YEARS,181
Municipality,MA,Franklin,Gill,2022,5-Year-Estimates,Demographics,Age-55 to 59 Years Old,55_59_YEARS,125
Municipality,MA,Franklin,Gill,2022,5-Year-Estimates,Demographics,Age-60 to 64 Years Old,60_64_YEARS,114
Municipality,MA,Franklin,Gill,2022,5-Year-Estimates,Demographics,Age-65 to 69 Years Old,65_69_YEARS,162
Municipality,MA,Franklin,Gill,2022,5-Year-Estimates,Demographics,Age-70 to 74 Years Old,70_74_YEARS,103
Municipality,MA,Franklin,Gill,2022,5-Year-Estimates,Demographics,Age-75 to 79 Years Old,75_79_YEARS,60
Municipality,MA,Franklin,Gill,2022,5-Year-Estimates,Demographics,Age-80 to 84 Years Old,80_84_YEARS,27
Municipality,MA,Franklin,Gill,2022,5-Year-Estimates,Demographics,Age-85 & older,85+_YEARS,20
Municipality,MA,Franklin,Gill,2022,5-Year-Estimates,Demographics,Age-Under 3 Years Old,UNDER_3_YEARS,31
Municipality,MA,Franklin,Gill,2022,5-Year-Estimates,Demographics,Households-Married Couples,CEN_MARRHOU,330
Municipality,MA,Franklin,Gill,2022,5-Year-Estimates,Demographics,Households-Single Parent,CEN_SINGPARHOU,32
Municipality,MA,Franklin,Gill,2022,5-Year-Estimates,Demographics,Households-Total,CEN_HOUSEHOLDS,627
Municipality,MA,Franklin,Gill,2022,5-Year-Estimates,Demographics,Net Domestic Migration,CEN_NET_DOM_MIGR,0
Municipality,MA,Franklin,Gill,2022,5-Year-Estimates,Demographics,Percent Elderly with Car Access,CAR_AGE_HOUSEHOLDER,0.94
Municipality,MA,Franklin,Gill,2022,5-Year-Estimates,Demographics,Percent Grandparents Who Are Primary Caregiver,GRAND_CAREGIVER,0.5
Municipality,MA,Franklin,Gill,2022,5-Year-Estimates,Demographics,Percent of Elderly Below Poverty Line,ELDERLY_POV,0.04
Municipality,MA,Franklin,Gill,2022,5-Year-Estimates,Demographics,Percent of Elderly who Live Alone,ELDERLY_LIVEALONE,0.28
Municipality,MA,Franklin,Gill,2022,5-Year-Estimates,Demographics,Percent of Population Who are Not White,MINORITY_PERCENT,0.11
Municipality,MA,Franklin,Gill,2022,5-Year-Estimates,Demographics,Population 5+,CEN_POP_O4,"1,630.00"
Municipality,MA,Franklin,Gill,2022,5-Year-Estimates,Demographics,Population 25+,CEN_POP_O24,"1,327.00"
Municipality,MA,Franklin,Gill,2022,5-Year-Estimates,Demographics,Population 65+,CEN_POP_O64,372
Municipality,MA,Franklin,Gill,2022,5-Year-Estimates,Demographics,Population Living in Rural Areas,CEN_RURALPOP,0
Municipality,MA,Franklin,Gill,2022,5-Year-Estimates,Demographics,Population living in the same county as five years ago,CEN_SAMECOUNTY,0
Municipality,MA,Franklin,Gill,2022,5-Year-Estimates,Demographics,Population living in the same house as five years ago,CEN_SAMEHOUSE,0
Municipality,MA,Franklin,Gill,2022,5-Year-Estimates,Demographics,Population Living in Urban Areas,CEN_URBANPOP,0
Municipality,MA,Franklin,Gill,2022,5-Year-Estimates,Demographics,Population Under 18,CEN_POP_U18,237
Municipality,MA,Franklin,Gill,2022,5-Year-Estimates,Demographics,Population-Foreign Born,CEN_FORBORN,137
Municipality,MA,Franklin,Gill,2022,5-Year-Estimates,Demographics,Single Parent Families,CEN_SINGPAR_CHILD,0
Municipality,MA,Franklin,Gill,2022,5-Year-Estimates,Demographics,Speak an Asian Language at Home,CEN_ASIANLANG,91
Municipality,MA,Franklin,Gill,2022,5-Year-Estimates,Demographics,Speak Only English at Home,CEN_ENGLISH,"1,585.00"
Municipality,MA,Franklin,Gill,2022,5-Year-Estimates,Demographics,Speak Other Language at Home,CEN_OTHLANG,3
Municipality,MA,Franklin,Gill,2022,5-Year-Estimates,Demographics,Speak Spanish at Home,CEN_SPANISH,5
Municipality,MA,Franklin,Gill,2022,5-Year-Estimates,Demographics,"Two or More Races, Not Hispanic or Latino",CEN_TWO_MORE_NOT_HISP,52
Municipality,MA,Franklin,Gill,2022,5-Year-Estimates,Economic,"% Households with Income between $10,000 to $14,999",CEN_PERC_HHINC_10000-14999,0.06
Municipality,MA,Franklin,Gill,2022,5-Year-Estimates,Economic,"% Households with Income between $15,000 to $24,999",CEN_PERC_HHINC_15000-24999,0.04
Municipality,MA,Franklin,Gill,2022,5-Year-Estimates,Economic,"%  Households with Income between $25,000 to $34,999",CEN_PERC_HHINC_25000-34999,0.04
Municipality,MA,Franklin,Gill,2022,5-Year-Estimates,Economic,"%  Households with Income between $35,000 to $49,999",CEN_PERC_HHINC_35000-49999,0.13
Municipality,MA,Franklin,Gill,2022,5-Year-Estimates,Economic,"% of  Households with Income between $50,000 to $74,999",CEN_PERC_HHINC_50000-74999,0.16
Municipality,MA,Franklin,Gill,2022,5-Year-Estimates,Economic,"% of  Households with Income between $75,000 to $99,999",CEN_PERC_HHINC_75000-99999,0.17
Municipality,MA,Franklin,Gill,2022,5-Year-Estimates,Economic,"% of  Households with Income between $100,000 to $149,999",CEN_PERC_HHINC_100000-149999,0.21
Municipality,MA,Franklin,Gill,2022,5-Year-Estimates,Economic,"%  of Households with Income between $150,000 to $199,999",CEN_PERC_HHINC_150000-199999,0.06
Municipality,MA,Franklin,Gill,2022,5-Year-Estimates,Economic,"% of  Households with Income between $200,000 or more",CEN_PERC_HHINC_200000_PLUS,0.11
Municipality,MA,Franklin,Gill,2022,5-Year-Estimates,Economic,"% of Households with Income Less than $10,000",CEN_PERC_HHINC_0-9999,0.01
Municipality,MA,Franklin,Gill,2022,5-Year-Estimates,Economic,Child Poverty Rate,CEN_CHILD_POV,0
Municipality,MA,Franklin,Gill,2022,5-Year-Estimates,Economic,Employment by sex - Female Total,EMP_FEMALE,886
Municipality,MA,Franklin,Gill,2022,5-Year-Estimates,Economic,Employment by sex - Male Total,EMP_MALE,"1,064.00"
Municipality,MA,Franklin,Gill,2022,5-Year-Estimates,Economic,Employment by sex and below the poverty line - Total,UNEMP_TOT_POV,14
Municipality,MA,Franklin,Gill,2022,5-Year-Estimates,Economic,Employment by sex and below the poverty line - Total Percentage,UNEMP_TOT_POV_PERC,0.28
Municipality,MA,Franklin,Gill,2022,5-Year-Estimates,Economic,Employment by sex and in poverty - Female,EMP_FEMALE_POV,0
Municipality,MA,Franklin,Gill,2022,5-Year-Estimates,Economic,Employment by sex and in poverty - Male,EMP_MALE_POV,96
Municipality,MA,Franklin,Gill,2022,5-Year-Estimates,Economic,Employment by sex and in poverty - Total,EMP_TOT_POV,96
Municipality,MA,Franklin,Gill,2022,5-Year-Estimates,Economic,Employment by sex and in poverty - Total Percentage,EMP_TOT_POV_PERC,0.1
Municipality,MA,Franklin,Gill,2022,5-Year-Estimates,Economic,Family Economic Self Sufficiency,CEN_FAMECON_SELF,0
Municipality,MA,Franklin,Gill,2022,5-Year-Estimates,Economic,Gini Coefficient (Income Inequality),CEN_INCOME_INEQ,0.44
Municipality,MA,Franklin,Gill,2022,5-Year-Estimates,Economic,"Households with Income between $10,000 to $14,999",CEN_HHINC_10000-14999,40
Municipality,MA,Franklin,Gill,2022,5-Year-Estimates,Economic,"Households with Income between $15,000 to $24,999",CEN_HHINC_15000-24999,25
Municipality,MA,Franklin,Gill,2022,5-Year-Estimates,Economic,"Households with Income between $25,000 to $34,999",CEN_HHINC_25000-34999,27
Municipality,MA,Franklin,Gill,2022,5-Year-Estimates,Economic,"Households with Income between $35,000 to $49,999",CEN_HHINC_35000-49999,82
Municipality,MA,Franklin,Gill,2022,5-Year-Estimates,Economic,"Households with Income between $50,000 to $74,999",CEN_HHINC_50000-74999,97
Municipality,MA,Franklin,Gill,2022,5-Year-Estimates,Economic,"Households with Income between $75,000 to $99,999",CEN_HHINC_75000-99999,107
Municipality,MA,Franklin,Gill,2022,5-Year-Estimates,Economic,"Households with Income between $100,000 to $149,999",CEN_HHINC_100000-149999,134
Municipality,MA,Franklin,Gill,2022,5-Year-Estimates,Economic,"Households with Income between $150,000 to $199,999",CEN_HHINC_150000-199999,38
Municipality,MA,Franklin,Gill,2022,5-Year-Estimates,Economic,"Households with Income between $200,000 or more",CEN_HHINC_200000_PLUS,70
Municipality,MA,Franklin,Gill,2022,5-Year-Estimates,Economic,"Households with Income Less than $10,000",CEN_HHINC_0-9999,7
Municipality,MA,Franklin,Gill,2022,5-Year-Estimates,Economic,Households with Retirement Income,CEN_RETINC,212
Municipality,MA,Franklin,Gill,2022,5-Year-Estimates,Economic,Households with Social Security Income,CEN_SOCSECINC,245
Municipality,MA,Franklin,Gill,2022,5-Year-Estimates,Economic,Income Under 200% of Poverty Line,CENPOV200,0.24
Municipality,MA,Franklin,Gill,2022,5-Year-Estimates,Economic,Median Family Income,CEN_MEDFAMINC,"77,083.00"
Municipality,MA,Franklin,Gill,2022,5-Year-Estimates,Economic,Median Household Income,CEN_MEDHHINC,"79,135.00"
Municipality,MA,Franklin,Gill,2022,5-Year-Estimates,Economic,Per Capita Income,CEN_PERCAPINC,"44,208.00"
Municipality,MA,Franklin,Gill,2022,5-Year-Estimates,Economic,Percent of Employed Population in Poverty - Female,EMP_FEMALE_POV_PERC,0
Municipality,MA,Franklin,Gill,2022,5-Year-Estimates,Economic,Percent of Employed Population in Poverty - Male,EMP_MALE_POV_PERC,0.18
Municipality,MA,Franklin,Gill,2022,5-Year-Estimates,Economic,Percent of Families in Poverty,CEN_FAM_POV,0.01
Municipality,MA,Franklin,Gill,2022,5-Year-Estimates,Economic,Percent of Unemployed Population in Poverty - Female,UNEMP_FEMALE_POV_PERC,2
Municipality,MA,Franklin,Gill,2022,5-Year-Estimates,Economic,Percent of Unemployed Population in Poverty - Male,UNEMP_MALE_POV_PERC,0
Municipality,MA,Franklin,Gill,2022,5-Year-Estimates,Economic,Population Living below Poverty,CEN_POOR,55
Municipality,MA,Franklin,Gill,2022,5-Year-Estimates,Economic,Poverty Rate,CEN_POVRATE,0.05
Municipality,MA,Franklin,Gill,2022,5-Year-Estimates,Economic,Poverty Rate of Foreign Born,CEN_POV_FOR_BORN,0.06
Municipality,MA,Franklin,Gill,2022,5-Year-Estimates,Economic,Poverty Rate of Foreign Born Naturalized Citizens,CEN_POV_FOR_BORN_NAT,0
Municipality,MA,Franklin,Gill,2022,5-Year-Estimates,Economic,Poverty Rate of Foreign Born Non-Citizens,CEN_POV_FOR_BORN_NON_CIT,0
Municipality,MA,Franklin,Gill,2022,5-Year-Estimates,Economic,Poverty Status Determined Population,CEN_POVTOTALPOP,"1,743.00"
Municipality,MA,Franklin,Gill,2022,5-Year-Estimates,Economic,Self Employment Income-Household,CEN_SELFEMPINC,78
Municipality,MA,Franklin,Gill,2022,5-Year-Estimates,Economic,Total population counted for unemployment by sex - Female,UNEMP_FEMALE,14
Municipality,MA,Franklin,Gill,2022,5-Year-Estimates,Economic,Total population counted for unemployment by sex - Male,UNEMP_MALE,86
Municipality,MA,Franklin,Gill,2022,5-Year-Estimates,Economic,Unemployment by sex and below the poverty line - Female,UNEMP_FEMALE_POV,14
Municipality,MA,Franklin,Gill,2022,5-Year-Estimates,Economic,Unemployment by sex and below the poverty line - Male,UNEMP_MALE_POV,0
Municipality,MA,Franklin,Greenfield,2022,5-Year-Estimates,Demographics,Population Total,CEN_POP,"17,674.00"
Municipality,MA,Franklin,Greenfield,2022,5-Year-Estimates,Demographics,White Population,CEN_WHITE,"15,776.00"
Municipality,MA,Franklin,Greenfield,2022,5-Year-Estimates,Demographics,Hispanic or Latino Population (of any race),CEN_HISPANIC,"1,115.00"
Municipality,MA,Franklin,Greenfield,2022,5-Year-Estimates,Demographics,Black Population,CEN_BLACK,430
Municipality,MA,Franklin,Greenfield,2022,5-Year-Estimates,Demographics,Other Races Population,CEN_OTHRACE,580
Municipality,MA,Franklin,Greenfield,2022,5-Year-Estimates,Demographics,Asian Population,CEN_ASIAN,305
Municipality,MA,Franklin,Greenfield,2022,5-Year-Estimates,Demographics,Age-3 to 4 Years Old,3_4_YEARS,318
Municipality,MA,Franklin,Greenfield,2022,5-Year-Estimates,Demographics,Age-5 Years Old,5_YEARS,154
Municipality,MA,Franklin,Greenfield,2022,5-Year-Estimates,Demographics,Age-6 to 8 Years Old,6_8_YEARS,698
Municipality,MA,Franklin,Greenfield,2022,5-Year-Estimates,Demographics,Age-9 to 11 Years Old,9_11_YEARS,555
Municipality,MA,Franklin,Greenfield,2022,5-Year-Estimates,Demographics,Age-12 to 14 Years Old,12_14_YEARS,653
Municipality,MA,Franklin,Greenfield,2022,5-Year-Estimates,Demographics,Age-15 to 17 Years Old,15_17_YEARS,403
Municipality,MA,Franklin,Greenfield,2022,5-Year-Estimates,Demographics,Age-18 to 19 Years Old,18_19_YEARS,261
Municipality,MA,Franklin,Greenfield,2022,5-Year-Estimates,Demographics,Age-20 to 24 Years Old,20_24_YEARS,949
Municipality,MA,Franklin,Greenfield,2022,5-Year-Estimates,Demographics,Age-25 to 29 Years Old,25_29_YEARS,999
Municipality,MA,Franklin,Greenfield,2022,5-Year-Estimates,Demographics,Age-30 to 34 Years Old,30_34_YEARS,"1,056.00"
Municipality,MA,Franklin,Greenfield,2022,5-Year-Estimates,Demographics,Age-35 to 39 Years Old,35_39_YEARS,"1,393.00"
Municipality,MA,Franklin,Greenfield,2022,5-Year-Estimates,Demographics,Age-40 to 44 Years Old,40_44_YEARS,"1,023.00"
Municipality,MA,Franklin,Greenfield,2022,5-Year-Estimates,Demographics,Age-45 to 49 Years Old,45_49_YEARS,878
Municipality,MA,Franklin,Greenfield,2022,5-Year-Estimates,Demographics,Age-50 to 54 Years Old,50_54_YEARS,"1,272.00"
Municipality,MA,Franklin,Greenfield,2022,5-Year-Estimates,Demographics,Age-55 to 59 Years Old,55_59_YEARS,"1,134.00"
Municipality,MA,Franklin,Greenfield,2022,5-Year-Estimates,Demographics,Age-60 to 64 Years Old,60_64_YEARS,"1,121.00"
Municipality,MA,Franklin,Greenfield,2022,5-Year-Estimates,Demographics,Age-65 to 69 Years Old,65_69_YEARS,"1,409.00"
Municipality,MA,Franklin,Greenfield,2022,5-Year-Estimates,Demographics,Age-70 to 74 Years Old,70_74_YEARS,"1,313.00"
Municipality,MA,Franklin,Greenfield,2022,5-Year-Estimates,Demographics,Age-75 to 79 Years Old,75_79_YEARS,618
Municipality,MA,Franklin,Greenfield,2022,5-Year-Estimates,Demographics,Age-80 to 84 Years Old,80_84_YEARS,405
Municipality,MA,Franklin,Greenfield,2022,5-Year-Estimates,Demographics,Age-85 & older,85+_YEARS,569
Municipality,MA,Franklin,Greenfield,2022,5-Year-Estimates,Demographics,Age-Under 3 Years Old,UNDER_3_YEARS,469
Municipality,MA,Franklin,Greenfield,2022,5-Year-Estimates,Demographics,Households-Married Couples,CEN_MARRHOU,"2,718.00"
Municipality,MA,Franklin,Greenfield,2022,5-Year-Estimates,Demographics,Households-Single Parent,CEN_SINGPARHOU,706
Municipality,MA,Franklin,Greenfield,2022,5-Year-Estimates,Demographics,Households-Total,CEN_HOUSEHOLDS,"8,146.00"
Municipality,MA,Franklin,Greenfield,2022,5-Year-Estimates,Demographics,Net Domestic Migration,CEN_NET_DOM_MIGR,0
Municipality,MA,Franklin,Greenfield,2022,5-Year-Estimates,Demographics,Percent Elderly with Car Access,CAR_AGE_HOUSEHOLDER,0.81
Municipality,MA,Franklin,Greenfield,2022,5-Year-Estimates,Demographics,Percent Grandparents Who Are Primary Caregiver,GRAND_CAREGIVER,0.25
Municipality,MA,Franklin,Greenfield,2022,5-Year-Estimates,Demographics,Percent of Elderly Below Poverty Line,ELDERLY_POV,0.16
Municipality,MA,Franklin,Greenfield,2022,5-Year-Estimates,Demographics,Percent of Elderly who Live Alone,ELDERLY_LIVEALONE,0.39
Municipality,MA,Franklin,Greenfield,2022,5-Year-Estimates,Demographics,Percent of Population Who are Not White,MINORITY_PERCENT,0.11
Municipality,MA,Franklin,Greenfield,2022,5-Year-Estimates,Demographics,Population 5+,CEN_POP_O4,"16,863.00"
Municipality,MA,Franklin,Greenfield,2022,5-Year-Estimates,Demographics,Population 25+,CEN_POP_O24,"13,190.00"
Municipality,MA,Franklin,Greenfield,2022,5-Year-Estimates,Demographics,Population 65+,CEN_POP_O64,"4,314.00"
Municipality,MA,Franklin,Greenfield,2022,5-Year-Estimates,Demographics,Population Living in Rural Areas,CEN_RURALPOP,0
Municipality,MA,Franklin,Greenfield,2022,5-Year-Estimates,Demographics,Population living in the same county as five years ago,CEN_SAMECOUNTY,0
Municipality,MA,Franklin,Greenfield,2022,5-Year-Estimates,Demographics,Population living in the same house as five years ago,CEN_SAMEHOUSE,0
Municipality,MA,Franklin,Greenfield,2022,5-Year-Estimates,Demographics,Population Living in Urban Areas,CEN_URBANPOP,0
Municipality,MA,Franklin,Greenfield,2022,5-Year-Estimates,Demographics,Population Under 18,CEN_POP_U18,"3,250.00"
Municipality,MA,Franklin,Greenfield,2022,5-Year-Estimates,Demographics,Population-Foreign Born,CEN_FORBORN,926
Municipality,MA,Franklin,Greenfield,2022,5-Year-Estimates,Demographics,Single Parent Families,CEN_SINGPAR_CHILD,0
Municipality,MA,Franklin,Greenfield,2022,5-Year-Estimates,Demographics,Speak an Asian Language at Home,CEN_ASIANLANG,237
Municipality,MA,Franklin,Greenfield,2022,5-Year-Estimates,Demographics,Speak Only English at Home,CEN_ENGLISH,"15,487.00"
Municipality,MA,Franklin,Greenfield,2022,5-Year-Estimates,Demographics,Speak Other Language at Home,CEN_OTHLANG,53
Municipality,MA,Franklin,Greenfield,2022,5-Year-Estimates,Demographics,Speak Spanish at Home,CEN_SPANISH,705
Municipality,MA,Franklin,Greenfield,2022,5-Year-Estimates,Demographics,"Two or More Races, Not Hispanic or Latino",CEN_TWO_MORE_NOT_HISP,557
Municipality,MA,Franklin,Greenfield,2022,5-Year-Estimates,Economic,"% Households with Income between $10,000 to $14,999",CEN_PERC_HHINC_10000-14999,0.06
Municipality,MA,Franklin,Greenfield,2022,5-Year-Estimates,Economic,"% Households with Income between $15,000 to $24,999",CEN_PERC_HHINC_15000-24999,0.14
Municipality,MA,Franklin,Greenfield,2022,5-Year-Estimates,Economic,"%  Households with Income between $25,000 to $34,999",CEN_PERC_HHINC_25000-34999,0.1
Municipality,MA,Franklin,Greenfield,2022,5-Year-Estimates,Economic,"%  Households with Income between $35,000 to $49,999",CEN_PERC_HHINC_35000-49999,0.13
Municipality,MA,Franklin,Greenfield,2022,5-Year-Estimates,Economic,"% of  Households with Income between $50,000 to $74,999",CEN_PERC_HHINC_50000-74999,0.2
Municipality,MA,Franklin,Greenfield,2022,5-Year-Estimates,Economic,"% of  Households with Income between $75,000 to $99,999",CEN_PERC_HHINC_75000-99999,0.09
Municipality,MA,Franklin,Greenfield,2022,5-Year-Estimates,Economic,"% of  Households with Income between $100,000 to $149,999",CEN_PERC_HHINC_100000-149999,0.13
Municipality,MA,Franklin,Greenfield,2022,5-Year-Estimates,Economic,"%  of Households with Income between $150,000 to $199,999",CEN_PERC_HHINC_150000-199999,0.06
Municipality,MA,Franklin,Greenfield,2022,5-Year-Estimates,Economic,"% of  Households with Income between $200,000 or more",CEN_PERC_HHINC_200000_PLUS,0.04
Municipality,MA,Franklin,Greenfield,2022,5-Year-Estimates,Economic,"% of Households with Income Less than $10,000",CEN_PERC_HHINC_0-9999,0.05
Municipality,MA,Franklin,Greenfield,2022,5-Year-Estimates,Economic,Child Poverty Rate,CEN_CHILD_POV,0.17
Municipality,MA,Franklin,Greenfield,2022,5-Year-Estimates,Economic,Employment by sex - Female Total,EMP_FEMALE,"7,908.00"
Municipality,MA,Franklin,Greenfield,2022,5-Year-Estimates,Economic,Employment by sex - Male Total,EMP_MALE,"7,972.00"
Municipality,MA,Franklin,Greenfield,2022,5-Year-Estimates,Economic,Employment by sex and below the poverty line - Total,UNEMP_TOT_POV,204
Municipality,MA,Franklin,Greenfield,2022,5-Year-Estimates,Economic,Employment by sex and below the poverty line - Total Percentage,UNEMP_TOT_POV_PERC,0.45
Municipality,MA,Franklin,Greenfield,2022,5-Year-Estimates,Economic,Employment by sex and in poverty - Female,EMP_FEMALE_POV,486
Municipality,MA,Franklin,Greenfield,2022,5-Year-Estimates,Economic,Employment by sex and in poverty - Male,EMP_MALE_POV,640
Municipality,MA,Franklin,Greenfield,2022,5-Year-Estimates,Economic,Employment by sex and in poverty - Total,EMP_TOT_POV,"1,126.00"
Municipality,MA,Franklin,Greenfield,2022,5-Year-Estimates,Economic,Employment by sex and in poverty - Total Percentage,EMP_TOT_POV_PERC,0.14
Municipality,MA,Franklin,Greenfield,2022,5-Year-Estimates,Economic,Family Economic Self Sufficiency,CEN_FAMECON_SELF,0
Municipality,MA,Franklin,Greenfield,2022,5-Year-Estimates,Economic,Gini Coefficient (Income Inequality),CEN_INCOME_INEQ,0.45
Municipality,MA,Franklin,Greenfield,2022,5-Year-Estimates,Economic,"Households with Income between $10,000 to $14,999",CEN_HHINC_10000-14999,510
Municipality,MA,Franklin,Greenfield,2022,5-Year-Estimates,Economic,"Households with Income between $15,000 to $24,999",CEN_HHINC_15000-24999,"1,100.00"
Municipality,MA,Franklin,Greenfield,2022,5-Year-Estimates,Economic,"Households with Income between $25,000 to $34,999",CEN_HHINC_25000-34999,793
Municipality,MA,Franklin,Greenfield,2022,5-Year-Estimates,Economic,"Households with Income between $35,000 to $49,999",CEN_HHINC_35000-49999,"1,080.00"
Municipality,MA,Franklin,Greenfield,2022,5-Year-Estimates,Economic,"Households with Income between $50,000 to $74,999",CEN_HHINC_50000-74999,"1,611.00"
Municipality,MA,Franklin,Greenfield,2022,5-Year-Estimates,Economic,"Households with Income between $75,000 to $99,999",CEN_HHINC_75000-99999,763
Municipality,MA,Franklin,Greenfield,2022,5-Year-Estimates,Economic,"Households with Income between $100,000 to $149,999",CEN_HHINC_100000-149999,"1,090.00"
Municipality,MA,Franklin,Greenfield,2022,5-Year-Estimates,Economic,"Households with Income between $150,000 to $199,999",CEN_HHINC_150000-199999,476
Municipality,MA,Franklin,Greenfield,2022,5-Year-Estimates,Economic,"Households with Income between $200,000 or more",CEN_HHINC_200000_PLUS,323
Municipality,MA,Franklin,Greenfield,2022,5-Year-Estimates,Economic,"Households with Income Less than $10,000",CEN_HHINC_0-9999,400
Municipality,MA,Franklin,Greenfield,2022,5-Year-Estimates,Economic,Households with Retirement Income,CEN_RETINC,"2,120.00"
Municipality,MA,Franklin,Greenfield,2022,5-Year-Estimates,Economic,Households with Social Security Income,CEN_SOCSECINC,"3,210.00"
Municipality,MA,Franklin,Greenfield,2022,5-Year-Estimates,Economic,Income Under 200% of Poverty Line,CENPOV200,0.36
Municipality,MA,Franklin,Greenfield,2022,5-Year-Estimates,Economic,Median Family Income,CEN_MEDFAMINC,"102,019.00"
Municipality,MA,Franklin,Greenfield,2022,5-Year-Estimates,Economic,Median Household Income,CEN_MEDHHINC,"53,149.00"
Municipality,MA,Franklin,Greenfield,2022,5-Year-Estimates,Economic,Per Capita Income,CEN_PERCAPINC,"33,467.00"
Municipality,MA,Franklin,Greenfield,2022,5-Year-Estimates,Economic,Percent of Employed Population in Poverty - Female,EMP_FEMALE_POV_PERC,0.12
Municipality,MA,Franklin,Greenfield,2022,5-Year-Estimates,Economic,Percent of Employed Population in Poverty - Male,EMP_MALE_POV_PERC,0.16
Municipality,MA,Franklin,Greenfield,2022,5-Year-Estimates,Economic,Percent of Families in Poverty,CEN_FAM_POV,0.1
Municipality,MA,Franklin,Greenfield,2022,5-Year-Estimates,Economic,Percent of Unemployed Population in Poverty - Female,UNEMP_FEMALE_POV_PERC,0.41
Municipality,MA,Franklin,Greenfield,2022,5-Year-Estimates,Economic,Percent of Unemployed Population in Poverty - Male,UNEMP_MALE_POV_PERC,0.51
Municipality,MA,Franklin,Greenfield,2022,5-Year-Estimates,Economic,Population Living below Poverty,CEN_POOR,665
Municipality,MA,Franklin,Greenfield,2022,5-Year-Estimates,Economic,Poverty Rate,CEN_POVRATE,0.08
Municipality,MA,Franklin,Greenfield,2022,5-Year-Estimates,Economic,Poverty Rate of Foreign Born,CEN_POV_FOR_BORN,0.01
Municipality,MA,Franklin,Greenfield,2022,5-Year-Estimates,Economic,Poverty Rate of Foreign Born Naturalized Citizens,CEN_POV_FOR_BORN_NAT,0
Municipality,MA,Franklin,Greenfield,2022,5-Year-Estimates,Economic,Poverty Rate of Foreign Born Non-Citizens,CEN_POV_FOR_BORN_NON_CIT,0
Municipality,MA,Franklin,Greenfield,2022,5-Year-Estimates,Economic,Poverty Status Determined Population,CEN_POVTOTALPOP,"16,974.00"
Municipality,MA,Franklin,Greenfield,2022,5-Year-Estimates,Economic,Self Employment Income-Household,CEN_SELFEMPINC,"1,147.00"
Municipality,MA,Franklin,Greenfield,2022,5-Year-Estimates,Economic,Total population counted for unemployment by sex - Female,UNEMP_FEMALE,482
Municipality,MA,Franklin,Greenfield,2022,5-Year-Estimates,Economic,Total population counted for unemployment by sex - Male,UNEMP_MALE,418
Municipality,MA,Franklin,Greenfield,2022,5-Year-Estimates,Economic,Unemployment by sex and below the poverty line - Female,UNEMP_FEMALE_POV,98
Municipality,MA,Franklin,Greenfield,2022,5-Year-Estimates,Economic,Unemployment by sex and below the poverty line - Male,UNEMP_MALE_POV,106
Municipality,MA,Franklin,Hawley,2022,5-Year-Estimates,Demographics,Population Total,CEN_POP,374
Municipality,MA,Franklin,Hawley,2022,5-Year-Estimates,Demographics,White Population,CEN_WHITE,353
Municipality,MA,Franklin,Hawley,2022,5-Year-Estimates,Demographics,Hispanic or Latino Population (of any race),CEN_HISPANIC,2
Municipality,MA,Franklin,Hawley,2022,5-Year-Estimates,Demographics,Black Population,CEN_BLACK,0
Municipality,MA,Franklin,Hawley,2022,5-Year-Estimates,Demographics,Other Races Population,CEN_OTHRACE,0
Municipality,MA,Franklin,Hawley,2022,5-Year-Estimates,Demographics,Asian Population,CEN_ASIAN,11
Municipality,MA,Franklin,Hawley,2022,5-Year-Estimates,Demographics,Age-3 to 4 Years Old,3_4_YEARS,6
Municipality,MA,Franklin,Hawley,2022,5-Year-Estimates,Demographics,Age-5 Years Old,5_YEARS,8
Municipality,MA,Franklin,Hawley,2022,5-Year-Estimates,Demographics,Age-6 to 8 Years Old,6_8_YEARS,12
Municipality,MA,Franklin,Hawley,2022,5-Year-Estimates,Demographics,Age-9 to 11 Years Old,9_11_YEARS,7
Municipality,MA,Franklin,Hawley,2022,5-Year-Estimates,Demographics,Age-12 to 14 Years Old,12_14_YEARS,1
Municipality,MA,Franklin,Hawley,2022,5-Year-Estimates,Demographics,Age-15 to 17 Years Old,15_17_YEARS,3
Municipality,MA,Franklin,Hawley,2022,5-Year-Estimates,Demographics,Age-18 to 19 Years Old,18_19_YEARS,10
Municipality,MA,Franklin,Hawley,2022,5-Year-Estimates,Demographics,Age-20 to 24 Years Old,20_24_YEARS,5
Municipality,MA,Franklin,Hawley,2022,5-Year-Estimates,Demographics,Age-25 to 29 Years Old,25_29_YEARS,5
Municipality,MA,Franklin,Hawley,2022,5-Year-Estimates,Demographics,Age-30 to 34 Years Old,30_34_YEARS,18
Municipality,MA,Franklin,Hawley,2022,5-Year-Estimates,Demographics,Age-35 to 39 Years Old,35_39_YEARS,22
Municipality,MA,Franklin,Hawley,2022,5-Year-Estimates,Demographics,Age-40 to 44 Years Old,40_44_YEARS,12
Municipality,MA,Franklin,Hawley,2022,5-Year-Estimates,Demographics,Age-45 to 49 Years Old,45_49_YEARS,8
Municipality,MA,Franklin,Hawley,2022,5-Year-Estimates,Demographics,Age-50 to 54 Years Old,50_54_YEARS,52
Municipality,MA,Franklin,Hawley,2022,5-Year-Estimates,Demographics,Age-55 to 59 Years Old,55_59_YEARS,33
Municipality,MA,Franklin,Hawley,2022,5-Year-Estimates,Demographics,Age-60 to 64 Years Old,60_64_YEARS,36
Municipality,MA,Franklin,Hawley,2022,5-Year-Estimates,Demographics,Age-65 to 69 Years Old,65_69_YEARS,30
Municipality,MA,Franklin,Hawley,2022,5-Year-Estimates,Demographics,Age-70 to 74 Years Old,70_74_YEARS,32
Municipality,MA,Franklin,Hawley,2022,5-Year-Estimates,Demographics,Age-75 to 79 Years Old,75_79_YEARS,23
Municipality,MA,Franklin,Hawley,2022,5-Year-Estimates,Demographics,Age-80 to 84 Years Old,80_84_YEARS,30
Municipality,MA,Franklin,Hawley,2022,5-Year-Estimates,Demographics,Age-85 & older,85+_YEARS,14
Municipality,MA,Franklin,Hawley,2022,5-Year-Estimates,Demographics,Age-Under 3 Years Old,UNDER_3_YEARS,7
Municipality,MA,Franklin,Hawley,2022,5-Year-Estimates,Demographics,Households-Married Couples,CEN_MARRHOU,81
Municipality,MA,Franklin,Hawley,2022,5-Year-Estimates,Demographics,Households-Single Parent,CEN_SINGPARHOU,3
Municipality,MA,Franklin,Hawley,2022,5-Year-Estimates,Demographics,Households-Total,CEN_HOUSEHOLDS,139
Municipality,MA,Franklin,Hawley,2022,5-Year-Estimates,Demographics,Net Domestic Migration,CEN_NET_DOM_MIGR,0
Municipality,MA,Franklin,Hawley,2022,5-Year-Estimates,Demographics,Percent Elderly with Car Access,CAR_AGE_HOUSEHOLDER,1
Municipality,MA,Franklin,Hawley,2022,5-Year-Estimates,Demographics,Percent Grandparents Who Are Primary Caregiver,GRAND_CAREGIVER,0.1
Municipality,MA,Franklin,Hawley,2022,5-Year-Estimates,Demographics,Percent of Elderly Below Poverty Line,ELDERLY_POV,0.12
Municipality,MA,Franklin,Hawley,2022,5-Year-Estimates,Demographics,Percent of Elderly who Live Alone,ELDERLY_LIVEALONE,0.12
Municipality,MA,Franklin,Hawley,2022,5-Year-Estimates,Demographics,Percent of Population Who are Not White,MINORITY_PERCENT,0.06
Municipality,MA,Franklin,Hawley,2022,5-Year-Estimates,Demographics,Population 5+,CEN_POP_O4,361
Municipality,MA,Franklin,Hawley,2022,5-Year-Estimates,Demographics,Population 25+,CEN_POP_O24,315
Municipality,MA,Franklin,Hawley,2022,5-Year-Estimates,Demographics,Population 65+,CEN_POP_O64,129
Municipality,MA,Franklin,Hawley,2022,5-Year-Estimates,Demographics,Population Living in Rural Areas,CEN_RURALPOP,0
Municipality,MA,Franklin,Hawley,2022,5-Year-Estimates,Demographics,Population living in the same county as five years ago,CEN_SAMECOUNTY,0
Municipality,MA,Franklin,Hawley,2022,5-Year-Estimates,Demographics,Population living in the same house as five years ago,CEN_SAMEHOUSE,0
Municipality,MA,Franklin,Hawley,2022,5-Year-Estimates,Demographics,Population Living in Urban Areas,CEN_URBANPOP,0
Municipality,MA,Franklin,Hawley,2022,5-Year-Estimates,Demographics,Population Under 18,CEN_POP_U18,44
Municipality,MA,Franklin,Hawley,2022,5-Year-Estimates,Demographics,Population-Foreign Born,CEN_FORBORN,16
Municipality,MA,Franklin,Hawley,2022,5-Year-Estimates,Demographics,Single Parent Families,CEN_SINGPAR_CHILD,0
Municipality,MA,Franklin,Hawley,2022,5-Year-Estimates,Demographics,Speak an Asian Language at Home,CEN_ASIANLANG,10
Municipality,MA,Franklin,Hawley,2022,5-Year-Estimates,Demographics,Speak Only English at Home,CEN_ENGLISH,346
Municipality,MA,Franklin,Hawley,2022,5-Year-Estimates,Demographics,Speak Other Language at Home,CEN_OTHLANG,0
Municipality,MA,Franklin,Hawley,2022,5-Year-Estimates,Demographics,Speak Spanish at Home,CEN_SPANISH,0
Municipality,MA,Franklin,Hawley,2022,5-Year-Estimates,Demographics,"Two or More Races, Not Hispanic or Latino",CEN_TWO_MORE_NOT_HISP,10
Municipality,MA,Franklin,Hawley,2022,5-Year-Estimates,Economic,"% Households with Income between $10,000 to $14,999",CEN_PERC_HHINC_10000-14999,0.03
Municipality,MA,Franklin,Hawley,2022,5-Year-Estimates,Economic,"% Households with Income between $15,000 to $24,999",CEN_PERC_HHINC_15000-24999,0.05
Municipality,MA,Franklin,Hawley,2022,5-Year-Estimates,Economic,"%  Households with Income between $25,000 to $34,999",CEN_PERC_HHINC_25000-34999,0.01
Municipality,MA,Franklin,Hawley,2022,5-Year-Estimates,Economic,"%  Households with Income between $35,000 to $49,999",CEN_PERC_HHINC_35000-49999,0.09
Municipality,MA,Franklin,Hawley,2022,5-Year-Estimates,Economic,"% of  Households with Income between $50,000 to $74,999",CEN_PERC_HHINC_50000-74999,0.22
Municipality,MA,Franklin,Hawley,2022,5-Year-Estimates,Economic,"% of  Households with Income between $75,000 to $99,999",CEN_PERC_HHINC_75000-99999,0.05
Municipality,MA,Franklin,Hawley,2022,5-Year-Estimates,Economic,"% of  Households with Income between $100,000 to $149,999",CEN_PERC_HHINC_100000-149999,0.22
Municipality,MA,Franklin,Hawley,2022,5-Year-Estimates,Economic,"%  of Households with Income between $150,000 to $199,999",CEN_PERC_HHINC_150000-199999,0.11
Municipality,MA,Franklin,Hawley,2022,5-Year-Estimates,Economic,"% of  Households with Income between $200,000 or more",CEN_PERC_HHINC_200000_PLUS,0.15
Municipality,MA,Franklin,Hawley,2022,5-Year-Estimates,Economic,"% of Households with Income Less than $10,000",CEN_PERC_HHINC_0-9999,0.08
Municipality,MA,Franklin,Hawley,2022,5-Year-Estimates,Economic,Child Poverty Rate,CEN_CHILD_POV,0.02
Municipality,MA,Franklin,Hawley,2022,5-Year-Estimates,Economic,Employment by sex - Female Total,EMP_FEMALE,208
Municipality,MA,Franklin,Hawley,2022,5-Year-Estimates,Economic,Employment by sex - Male Total,EMP_MALE,140
Municipality,MA,Franklin,Hawley,2022,5-Year-Estimates,Economic,Employment by sex and below the poverty line - Total,UNEMP_TOT_POV,4
Municipality,MA,Franklin,Hawley,2022,5-Year-Estimates,Economic,Employment by sex and below the poverty line - Total Percentage,UNEMP_TOT_POV_PERC,2
Municipality,MA,Franklin,Hawley,2022,5-Year-Estimates,Economic,Employment by sex and in poverty - Female,EMP_FEMALE_POV,6
Municipality,MA,Franklin,Hawley,2022,5-Year-Estimates,Economic,Employment by sex and in poverty - Male,EMP_MALE_POV,12
Municipality,MA,Franklin,Hawley,2022,5-Year-Estimates,Economic,Employment by sex and in poverty - Total,EMP_TOT_POV,18
Municipality,MA,Franklin,Hawley,2022,5-Year-Estimates,Economic,Employment by sex and in poverty - Total Percentage,EMP_TOT_POV_PERC,0.1
Municipality,MA,Franklin,Hawley,2022,5-Year-Estimates,Economic,Family Economic Self Sufficiency,CEN_FAMECON_SELF,0
Municipality,MA,Franklin,Hawley,2022,5-Year-Estimates,Economic,Gini Coefficient (Income Inequality),CEN_INCOME_INEQ,0.52
Municipality,MA,Franklin,Hawley,2022,5-Year-Estimates,Economic,"Households with Income between $10,000 to $14,999",CEN_HHINC_10000-14999,4
Municipality,MA,Franklin,Hawley,2022,5-Year-Estimates,Economic,"Households with Income between $15,000 to $24,999",CEN_HHINC_15000-24999,7
Municipality,MA,Franklin,Hawley,2022,5-Year-Estimates,Economic,"Households with Income between $25,000 to $34,999",CEN_HHINC_25000-34999,1
Municipality,MA,Franklin,Hawley,2022,5-Year-Estimates,Economic,"Households with Income between $35,000 to $49,999",CEN_HHINC_35000-49999,12
Municipality,MA,Franklin,Hawley,2022,5-Year-Estimates,Economic,"Households with Income between $50,000 to $74,999",CEN_HHINC_50000-74999,31
Municipality,MA,Franklin,Hawley,2022,5-Year-Estimates,Economic,"Households with Income between $75,000 to $99,999",CEN_HHINC_75000-99999,7
Municipality,MA,Franklin,Hawley,2022,5-Year-Estimates,Economic,"Households with Income between $100,000 to $149,999",CEN_HHINC_100000-149999,30
Municipality,MA,Franklin,Hawley,2022,5-Year-Estimates,Economic,"Households with Income between $150,000 to $199,999",CEN_HHINC_150000-199999,15
Municipality,MA,Franklin,Hawley,2022,5-Year-Estimates,Economic,"Households with Income between $200,000 or more",CEN_HHINC_200000_PLUS,21
Municipality,MA,Franklin,Hawley,2022,5-Year-Estimates,Economic,"Households with Income Less than $10,000",CEN_HHINC_0-9999,11
Municipality,MA,Franklin,Hawley,2022,5-Year-Estimates,Economic,Households with Retirement Income,CEN_RETINC,66
Municipality,MA,Franklin,Hawley,2022,5-Year-Estimates,Economic,Households with Social Security Income,CEN_SOCSECINC,81
Municipality,MA,Franklin,Hawley,2022,5-Year-Estimates,Economic,Income Under 200% of Poverty Line,CENPOV200,0.22
Municipality,MA,Franklin,Hawley,2022,5-Year-Estimates,Economic,Median Family Income,CEN_MEDFAMINC,"107,401.00"
Municipality,MA,Franklin,Hawley,2022,5-Year-Estimates,Economic,Median Household Income,CEN_MEDHHINC,"98,542.00"
Municipality,MA,Franklin,Hawley,2022,5-Year-Estimates,Economic,Per Capita Income,CEN_PERCAPINC,"57,034.00"
Municipality,MA,Franklin,Hawley,2022,5-Year-Estimates,Economic,Percent of Employed Population in Poverty - Female,EMP_FEMALE_POV_PERC,0.06
Municipality,MA,Franklin,Hawley,2022,5-Year-Estimates,Economic,Percent of Employed Population in Poverty - Male,EMP_MALE_POV_PERC,0.17
Municipality,MA,Franklin,Hawley,2022,5-Year-Estimates,Economic,Percent of Families in Poverty,CEN_FAM_POV,0.1
Municipality,MA,Franklin,Hawley,2022,5-Year-Estimates,Economic,Percent of Unemployed Population in Poverty - Female,UNEMP_FEMALE_POV_PERC,2
Municipality,MA,Franklin,Hawley,2022,5-Year-Estimates,Economic,Population Living below Poverty,CEN_POOR,11
Municipality,MA,Franklin,Hawley,2022,5-Year-Estimates,Economic,Poverty Rate,CEN_POVRATE,0.06
Municipality,MA,Franklin,Hawley,2022,5-Year-Estimates,Economic,Poverty Rate of Foreign Born,CEN_POV_FOR_BORN,0.03
Municipality,MA,Franklin,Hawley,2022,5-Year-Estimates,Economic,Poverty Rate of Foreign Born Naturalized Citizens,CEN_POV_FOR_BORN_NAT,0
Municipality,MA,Franklin,Hawley,2022,5-Year-Estimates,Economic,Poverty Rate of Foreign Born Non-Citizens,CEN_POV_FOR_BORN_NON_CIT,0
Municipality,MA,Franklin,Hawley,2022,5-Year-Estimates,Economic,Poverty Status Determined Population,CEN_POVTOTALPOP,374
Municipality,MA,Franklin,Hawley,2022,5-Year-Estimates,Economic,Self Employment Income-Household,CEN_SELFEMPINC,30
Municipality,MA,Franklin,Hawley,2022,5-Year-Estimates,Economic,Total population counted for unemployment by sex - Female,UNEMP_FEMALE,4
Municipality,MA,Franklin,Hawley,2022,5-Year-Estimates,Economic,Total population counted for unemployment by sex - Male,UNEMP_MALE,0
Municipality,MA,Franklin,Hawley,2022,5-Year-Estimates,Economic,Unemployment by sex and below the poverty line - Female,UNEMP_FEMALE_POV,4
Municipality,MA,Franklin,Hawley,2022,5-Year-Estimates,Economic,Unemployment by sex and below the poverty line - Male,UNEMP_MALE_POV,0
Municipality,MA,Franklin,Heath,2022,5-Year-Estimates,Demographics,Population Total,CEN_POP,719
Municipality,MA,Franklin,Heath,2022,5-Year-Estimates,Demographics,White Population,CEN_WHITE,661
Municipality,MA,Franklin,Heath,2022,5-Year-Estimates,Demographics,Hispanic or Latino Population (of any race),CEN_HISPANIC,30
Municipality,MA,Franklin,Heath,2022,5-Year-Estimates,Demographics,Black Population,CEN_BLACK,0
Municipality,MA,Franklin,Heath,2022,5-Year-Estimates,Demographics,Other Races Population,CEN_OTHRACE,0
Municipality,MA,Franklin,Heath,2022,5-Year-Estimates,Demographics,Asian Population,CEN_ASIAN,16
Municipality,MA,Franklin,Heath,2022,5-Year-Estimates,Demographics,Age-3 to 4 Years Old,3_4_YEARS,11
Municipality,MA,Franklin,Heath,2022,5-Year-Estimates,Demographics,Age-5 Years Old,5_YEARS,0
Municipality,MA,Franklin,Heath,2022,5-Year-Estimates,Demographics,Age-6 to 8 Years Old,6_8_YEARS,13
Municipality,MA,Franklin,Heath,2022,5-Year-Estimates,Demographics,Age-9 to 11 Years Old,9_11_YEARS,13
Municipality,MA,Franklin,Heath,2022,5-Year-Estimates,Demographics,Age-12 to 14 Years Old,12_14_YEARS,19
Municipality,MA,Franklin,Heath,2022,5-Year-Estimates,Demographics,Age-15 to 17 Years Old,15_17_YEARS,29
Municipality,MA,Franklin,Heath,2022,5-Year-Estimates,Demographics,Age-18 to 19 Years Old,18_19_YEARS,5
Municipality,MA,Franklin,Heath,2022,5-Year-Estimates,Demographics,Age-20 to 24 Years Old,20_24_YEARS,50
Municipality,MA,Franklin,Heath,2022,5-Year-Estimates,Demographics,Age-25 to 29 Years Old,25_29_YEARS,29
Municipality,MA,Franklin,Heath,2022,5-Year-Estimates,Demographics,Age-30 to 34 Years Old,30_34_YEARS,45
Municipality,MA,Franklin,Heath,2022,5-Year-Estimates,Demographics,Age-35 to 39 Years Old,35_39_YEARS,14
Municipality,MA,Franklin,Heath,2022,5-Year-Estimates,Demographics,Age-40 to 44 Years Old,40_44_YEARS,52
Municipality,MA,Franklin,Heath,2022,5-Year-Estimates,Demographics,Age-45 to 49 Years Old,45_49_YEARS,26
Municipality,MA,Franklin,Heath,2022,5-Year-Estimates,Demographics,Age-50 to 54 Years Old,50_54_YEARS,26
Municipality,MA,Franklin,Heath,2022,5-Year-Estimates,Demographics,Age-55 to 59 Years Old,55_59_YEARS,46
Municipality,MA,Franklin,Heath,2022,5-Year-Estimates,Demographics,Age-60 to 64 Years Old,60_64_YEARS,65
Municipality,MA,Franklin,Heath,2022,5-Year-Estimates,Demographics,Age-65 to 69 Years Old,65_69_YEARS,84
Municipality,MA,Franklin,Heath,2022,5-Year-Estimates,Demographics,Age-70 to 74 Years Old,70_74_YEARS,109
Municipality,MA,Franklin,Heath,2022,5-Year-Estimates,Demographics,Age-75 to 79 Years Old,75_79_YEARS,19
Municipality,MA,Franklin,Heath,2022,5-Year-Estimates,Demographics,Age-80 to 84 Years Old,80_84_YEARS,19
Municipality,MA,Franklin,Heath,2022,5-Year-Estimates,Demographics,Age-85 & older,85+_YEARS,31
Municipality,MA,Franklin,Heath,2022,5-Year-Estimates,Demographics,Age-Under 3 Years Old,UNDER_3_YEARS,14
Municipality,MA,Franklin,Heath,2022,5-Year-Estimates,Demographics,Households-Married Couples,CEN_MARRHOU,123
Municipality,MA,Franklin,Heath,2022,5-Year-Estimates,Demographics,Households-Single Parent,CEN_SINGPARHOU,20
Municipality,MA,Franklin,Heath,2022,5-Year-Estimates,Demographics,Households-Total,CEN_HOUSEHOLDS,349
Municipality,MA,Franklin,Heath,2022,5-Year-Estimates,Demographics,Net Domestic Migration,CEN_NET_DOM_MIGR,0
Municipality,MA,Franklin,Heath,2022,5-Year-Estimates,Demographics,Percent Elderly with Car Access,CAR_AGE_HOUSEHOLDER,0.97
Municipality,MA,Franklin,Heath,2022,5-Year-Estimates,Demographics,Percent Grandparents Who Are Primary Caregiver,GRAND_CAREGIVER,0.5
Municipality,MA,Franklin,Heath,2022,5-Year-Estimates,Demographics,Percent of Elderly Below Poverty Line,ELDERLY_POV,0.09
Municipality,MA,Franklin,Heath,2022,5-Year-Estimates,Demographics,Percent of Elderly who Live Alone,ELDERLY_LIVEALONE,0.41
Municipality,MA,Franklin,Heath,2022,5-Year-Estimates,Demographics,Percent of Population Who are Not White,MINORITY_PERCENT,0.08
Municipality,MA,Franklin,Heath,2022,5-Year-Estimates,Demographics,Population 5+,CEN_POP_O4,694
Municipality,MA,Franklin,Heath,2022,5-Year-Estimates,Demographics,Population 25+,CEN_POP_O24,565
Municipality,MA,Franklin,Heath,2022,5-Year-Estimates,Demographics,Population 65+,CEN_POP_O64,262
Municipality,MA,Franklin,Heath,2022,5-Year-Estimates,Demographics,Population Living in Rural Areas,CEN_RURALPOP,0
Municipality,MA,Franklin,Heath,2022,5-Year-Estimates,Demographics,Population living in the same county as five years ago,CEN_SAMECOUNTY,0
Municipality,MA,Franklin,Heath,2022,5-Year-Estimates,Demographics,Population living in the same house as five years ago,CEN_SAMEHOUSE,0
Municipality,MA,Franklin,Heath,2022,5-Year-Estimates,Demographics,Population Living in Urban Areas,CEN_URBANPOP,0
Municipality,MA,Franklin,Heath,2022,5-Year-Estimates,Demographics,Population Under 18,CEN_POP_U18,99
Municipality,MA,Franklin,Heath,2022,5-Year-Estimates,Demographics,Population-Foreign Born,CEN_FORBORN,23
Municipality,MA,Franklin,Heath,2022,5-Year-Estimates,Demographics,Single Parent Families,CEN_SINGPAR_CHILD,0
Municipality,MA,Franklin,Heath,2022,5-Year-Estimates,Demographics,Speak an Asian Language at Home,CEN_ASIANLANG,13
Municipality,MA,Franklin,Heath,2022,5-Year-Estimates,Demographics,Speak Only English at Home,CEN_ENGLISH,652
Municipality,MA,Franklin,Heath,2022,5-Year-Estimates,Demographics,Speak Other Language at Home,CEN_OTHLANG,6
Municipality,MA,Franklin,Heath,2022,5-Year-Estimates,Demographics,Speak Spanish at Home,CEN_SPANISH,0
Municipality,MA,Franklin,Heath,2022,5-Year-Estimates,Demographics,"Two or More Races, Not Hispanic or Latino",CEN_TWO_MORE_NOT_HISP,42
Municipality,MA,Franklin,Heath,2022,5-Year-Estimates,Economic,"% Households with Income between $10,000 to $14,999",CEN_PERC_HHINC_10000-14999,0.03
Municipality,MA,Franklin,Heath,2022,5-Year-Estimates,Economic,"% Households with Income between $15,000 to $24,999",CEN_PERC_HHINC_15000-24999,0.11
Municipality,MA,Franklin,Heath,2022,5-Year-Estimates,Economic,"%  Households with Income between $25,000 to $34,999",CEN_PERC_HHINC_25000-34999,0.03
Municipality,MA,Franklin,Heath,2022,5-Year-Estimates,Economic,"%  Households with Income between $35,000 to $49,999",CEN_PERC_HHINC_35000-49999,0.07
Municipality,MA,Franklin,Heath,2022,5-Year-Estimates,Economic,"% of  Households with Income between $50,000 to $74,999",CEN_PERC_HHINC_50000-74999,0.12
Municipality,MA,Franklin,Heath,2022,5-Year-Estimates,Economic,"% of  Households with Income between $75,000 to $99,999",CEN_PERC_HHINC_75000-99999,0.1
Municipality,MA,Franklin,Heath,2022,5-Year-Estimates,Economic,"% of  Households with Income between $100,000 to $149,999",CEN_PERC_HHINC_100000-149999,0.35
Municipality,MA,Franklin,Heath,2022,5-Year-Estimates,Economic,"%  of Households with Income between $150,000 to $199,999",CEN_PERC_HHINC_150000-199999,0.08
Municipality,MA,Franklin,Heath,2022,5-Year-Estimates,Economic,"% of  Households with Income between $200,000 or more",CEN_PERC_HHINC_200000_PLUS,0.04
Municipality,MA,Franklin,Heath,2022,5-Year-Estimates,Economic,"% of Households with Income Less than $10,000",CEN_PERC_HHINC_0-9999,0.06
Municipality,MA,Franklin,Heath,2022,5-Year-Estimates,Economic,Child Poverty Rate,CEN_CHILD_POV,0.08
Municipality,MA,Franklin,Heath,2022,5-Year-Estimates,Economic,Employment by sex - Female Total,EMP_FEMALE,390
Municipality,MA,Franklin,Heath,2022,5-Year-Estimates,Economic,Employment by sex - Male Total,EMP_MALE,454
Municipality,MA,Franklin,Heath,2022,5-Year-Estimates,Economic,Employment by sex and below the poverty line - Total,UNEMP_TOT_POV,6
Municipality,MA,Franklin,Heath,2022,5-Year-Estimates,Economic,Employment by sex and below the poverty line - Total Percentage,UNEMP_TOT_POV_PERC,0.6
Municipality,MA,Franklin,Heath,2022,5-Year-Estimates,Economic,Employment by sex and in poverty - Female,EMP_FEMALE_POV,6
Municipality,MA,Franklin,Heath,2022,5-Year-Estimates,Economic,Employment by sex and in poverty - Male,EMP_MALE_POV,22
Municipality,MA,Franklin,Heath,2022,5-Year-Estimates,Economic,Employment by sex and in poverty - Total,EMP_TOT_POV,28
Municipality,MA,Franklin,Heath,2022,5-Year-Estimates,Economic,Employment by sex and in poverty - Total Percentage,EMP_TOT_POV_PERC,0.07
Municipality,MA,Franklin,Heath,2022,5-Year-Estimates,Economic,Family Economic Self Sufficiency,CEN_FAMECON_SELF,0
Municipality,MA,Franklin,Heath,2022,5-Year-Estimates,Economic,Gini Coefficient (Income Inequality),CEN_INCOME_INEQ,0.4
Municipality,MA,Franklin,Heath,2022,5-Year-Estimates,Economic,"Households with Income between $10,000 to $14,999",CEN_HHINC_10000-14999,11
Municipality,MA,Franklin,Heath,2022,5-Year-Estimates,Economic,"Households with Income between $15,000 to $24,999",CEN_HHINC_15000-24999,37
Municipality,MA,Franklin,Heath,2022,5-Year-Estimates,Economic,"Households with Income between $25,000 to $34,999",CEN_HHINC_25000-34999,12
Municipality,MA,Franklin,Heath,2022,5-Year-Estimates,Economic,"Households with Income between $35,000 to $49,999",CEN_HHINC_35000-49999,26
Municipality,MA,Franklin,Heath,2022,5-Year-Estimates,Economic,"Households with Income between $50,000 to $74,999",CEN_HHINC_50000-74999,43
Municipality,MA,Franklin,Heath,2022,5-Year-Estimates,Economic,"Households with Income between $75,000 to $99,999",CEN_HHINC_75000-99999,36
Municipality,MA,Franklin,Heath,2022,5-Year-Estimates,Economic,"Households with Income between $100,000 to $149,999",CEN_HHINC_100000-149999,122
Municipality,MA,Franklin,Heath,2022,5-Year-Estimates,Economic,"Households with Income between $150,000 to $199,999",CEN_HHINC_150000-199999,27
Municipality,MA,Franklin,Heath,2022,5-Year-Estimates,Economic,"Households with Income between $200,000 or more",CEN_HHINC_200000_PLUS,13
Municipality,MA,Franklin,Heath,2022,5-Year-Estimates,Economic,"Households with Income Less than $10,000",CEN_HHINC_0-9999,22
Municipality,MA,Franklin,Heath,2022,5-Year-Estimates,Economic,Households with Retirement Income,CEN_RETINC,81
Municipality,MA,Franklin,Heath,2022,5-Year-Estimates,Economic,Households with Social Security Income,CEN_SOCSECINC,188
Municipality,MA,Franklin,Heath,2022,5-Year-Estimates,Economic,Income Under 200% of Poverty Line,CENPOV200,0.21
Municipality,MA,Franklin,Heath,2022,5-Year-Estimates,Economic,Median Family Income,CEN_MEDFAMINC,"117,829.00"
Municipality,MA,Franklin,Heath,2022,5-Year-Estimates,Economic,Median Household Income,CEN_MEDHHINC,"95,125.00"
Municipality,MA,Franklin,Heath,2022,5-Year-Estimates,Economic,Per Capita Income,CEN_PERCAPINC,"45,876.00"
Municipality,MA,Franklin,Heath,2022,5-Year-Estimates,Economic,Percent of Employed Population in Poverty - Female,EMP_FEMALE_POV_PERC,0.03
Municipality,MA,Franklin,Heath,2022,5-Year-Estimates,Economic,Percent of Employed Population in Poverty - Male,EMP_MALE_POV_PERC,0.1
Municipality,MA,Franklin,Heath,2022,5-Year-Estimates,Economic,Percent of Families in Poverty,CEN_FAM_POV,0.05
Municipality,MA,Franklin,Heath,2022,5-Year-Estimates,Economic,Percent of Unemployed Population in Poverty - Male,UNEMP_MALE_POV_PERC,0.6
Municipality,MA,Franklin,Heath,2022,5-Year-Estimates,Economic,Population Living below Poverty,CEN_POOR,17
Municipality,MA,Franklin,Heath,2022,5-Year-Estimates,Economic,Poverty Rate,CEN_POVRATE,0.04
Municipality,MA,Franklin,Heath,2022,5-Year-Estimates,Economic,Poverty Rate of Foreign Born,CEN_POV_FOR_BORN,0.01
Municipality,MA,Franklin,Heath,2022,5-Year-Estimates,Economic,Poverty Rate of Foreign Born Naturalized Citizens,CEN_POV_FOR_BORN_NAT,0
Municipality,MA,Franklin,Heath,2022,5-Year-Estimates,Economic,Poverty Rate of Foreign Born Non-Citizens,CEN_POV_FOR_BORN_NON_CIT,0
Municipality,MA,Franklin,Heath,2022,5-Year-Estimates,Economic,Poverty Status Determined Population,CEN_POVTOTALPOP,711
Municipality,MA,Franklin,Heath,2022,5-Year-Estimates,Economic,Self Employment Income-Household,CEN_SELFEMPINC,118
Municipality,MA,Franklin,Heath,2022,5-Year-Estimates,Economic,Total population counted for unemployment by sex - Female,UNEMP_FEMALE,0
Municipality,MA,Franklin,Heath,2022,5-Year-Estimates,Economic,Total population counted for unemployment by sex - Male,UNEMP_MALE,20
Municipality,MA,Franklin,Heath,2022,5-Year-Estimates,Economic,Unemployment by sex and below the poverty line - Female,UNEMP_FEMALE_POV,0
Municipality,MA,Franklin,Heath,2022,5-Year-Estimates,Economic,Unemployment by sex and below the poverty line - Male,UNEMP_MALE_POV,6
Municipality,MA,Franklin,Leverett,2022,5-Year-Estimates,Demographics,Population Total,CEN_POP,"1,793.00"
Municipality,MA,Franklin,Leverett,2022,5-Year-Estimates,Demographics,White Population,CEN_WHITE,"1,610.00"
Municipality,MA,Franklin,Leverett,2022,5-Year-Estimates,Demographics,Hispanic or Latino Population (of any race),CEN_HISPANIC,58
Municipality,MA,Franklin,Leverett,2022,5-Year-Estimates,Demographics,Black Population,CEN_BLACK,10
Municipality,MA,Franklin,Leverett,2022,5-Year-Estimates,Demographics,Other Races Population,CEN_OTHRACE,7
Municipality,MA,Franklin,Leverett,2022,5-Year-Estimates,Demographics,Asian Population,CEN_ASIAN,67
Municipality,MA,Franklin,Leverett,2022,5-Year-Estimates,Demographics,Age-3 to 4 Years Old,3_4_YEARS,36
Municipality,MA,Franklin,Leverett,2022,5-Year-Estimates,Demographics,Age-5 Years Old,5_YEARS,18
Municipality,MA,Franklin,Leverett,2022,5-Year-Estimates,Demographics,Age-6 to 8 Years Old,6_8_YEARS,68
Municipality,MA,Franklin,Leverett,2022,5-Year-Estimates,Demographics,Age-9 to 11 Years Old,9_11_YEARS,50
Municipality,MA,Franklin,Leverett,2022,5-Year-Estimates,Demographics,Age-12 to 14 Years Old,12_14_YEARS,41
Municipality,MA,Franklin,Leverett,2022,5-Year-Estimates,Demographics,Age-15 to 17 Years Old,15_17_YEARS,56
Municipality,MA,Franklin,Leverett,2022,5-Year-Estimates,Demographics,Age-18 to 19 Years Old,18_19_YEARS,19
Municipality,MA,Franklin,Leverett,2022,5-Year-Estimates,Demographics,Age-20 to 24 Years Old,20_24_YEARS,52
Municipality,MA,Franklin,Leverett,2022,5-Year-Estimates,Demographics,Age-25 to 29 Years Old,25_29_YEARS,172
Municipality,MA,Franklin,Leverett,2022,5-Year-Estimates,Demographics,Age-30 to 34 Years Old,30_34_YEARS,98
Municipality,MA,Franklin,Leverett,2022,5-Year-Estimates,Demographics,Age-35 to 39 Years Old,35_39_YEARS,94
Municipality,MA,Franklin,Leverett,2022,5-Year-Estimates,Demographics,Age-40 to 44 Years Old,40_44_YEARS,86
Municipality,MA,Franklin,Leverett,2022,5-Year-Estimates,Demographics,Age-45 to 49 Years Old,45_49_YEARS,88
Municipality,MA,Franklin,Leverett,2022,5-Year-Estimates,Demographics,Age-50 to 54 Years Old,50_54_YEARS,91
Municipality,MA,Franklin,Leverett,2022,5-Year-Estimates,Demographics,Age-55 to 59 Years Old,55_59_YEARS,77
Municipality,MA,Franklin,Leverett,2022,5-Year-Estimates,Demographics,Age-60 to 64 Years Old,60_64_YEARS,164
Municipality,MA,Franklin,Leverett,2022,5-Year-Estimates,Demographics,Age-65 to 69 Years Old,65_69_YEARS,128
Municipality,MA,Franklin,Leverett,2022,5-Year-Estimates,Demographics,Age-70 to 74 Years Old,70_74_YEARS,207
Municipality,MA,Franklin,Leverett,2022,5-Year-Estimates,Demographics,Age-75 to 79 Years Old,75_79_YEARS,96
Municipality,MA,Franklin,Leverett,2022,5-Year-Estimates,Demographics,Age-80 to 84 Years Old,80_84_YEARS,72
Municipality,MA,Franklin,Leverett,2022,5-Year-Estimates,Demographics,Age-85 & older,85+_YEARS,36
Municipality,MA,Franklin,Leverett,2022,5-Year-Estimates,Demographics,Age-Under 3 Years Old,UNDER_3_YEARS,44
Municipality,MA,Franklin,Leverett,2022,5-Year-Estimates,Demographics,Households-Married Couples,CEN_MARRHOU,372
Municipality,MA,Franklin,Leverett,2022,5-Year-Estimates,Demographics,Households-Single Parent,CEN_SINGPARHOU,48
Municipality,MA,Franklin,Leverett,2022,5-Year-Estimates,Demographics,Households-Total,CEN_HOUSEHOLDS,738
Municipality,MA,Franklin,Leverett,2022,5-Year-Estimates,Demographics,Net Domestic Migration,CEN_NET_DOM_MIGR,0
Municipality,MA,Franklin,Leverett,2022,5-Year-Estimates,Demographics,Percent Elderly with Car Access,CAR_AGE_HOUSEHOLDER,0.97
Municipality,MA,Franklin,Leverett,2022,5-Year-Estimates,Demographics,Percent Grandparents Who Are Primary Caregiver,GRAND_CAREGIVER,0
Municipality,MA,Franklin,Leverett,2022,5-Year-Estimates,Demographics,Percent of Elderly Below Poverty Line,ELDERLY_POV,0.03
Municipality,MA,Franklin,Leverett,2022,5-Year-Estimates,Demographics,Percent of Elderly who Live Alone,ELDERLY_LIVEALONE,0.25
Municipality,MA,Franklin,Leverett,2022,5-Year-Estimates,Demographics,Percent of Population Who are Not White,MINORITY_PERCENT,0.1
Municipality,MA,Franklin,Leverett,2022,5-Year-Estimates,Demographics,Population 5+,CEN_POP_O4,"1,713.00"
Municipality,MA,Franklin,Leverett,2022,5-Year-Estimates,Demographics,Population 25+,CEN_POP_O24,"1,409.00"
Municipality,MA,Franklin,Leverett,2022,5-Year-Estimates,Demographics,Population 65+,CEN_POP_O64,539
Municipality,MA,Franklin,Leverett,2022,5-Year-Estimates,Demographics,Population Living in Rural Areas,CEN_RURALPOP,0
Municipality,MA,Franklin,Leverett,2022,5-Year-Estimates,Demographics,Population living in the same county as five years ago,CEN_SAMECOUNTY,0
Municipality,MA,Franklin,Leverett,2022,5-Year-Estimates,Demographics,Population living in the same house as five years ago,CEN_SAMEHOUSE,0
Municipality,MA,Franklin,Leverett,2022,5-Year-Estimates,Demographics,Population Living in Urban Areas,CEN_URBANPOP,0
Municipality,MA,Franklin,Leverett,2022,5-Year-Estimates,Demographics,Population Under 18,CEN_POP_U18,313
Municipality,MA,Franklin,Leverett,2022,5-Year-Estimates,Demographics,Population-Foreign Born,CEN_FORBORN,128
Municipality,MA,Franklin,Leverett,2022,5-Year-Estimates,Demographics,Single Parent Families,CEN_SINGPAR_CHILD,0
Municipality,MA,Franklin,Leverett,2022,5-Year-Estimates,Demographics,Speak an Asian Language at Home,CEN_ASIANLANG,20
Municipality,MA,Franklin,Leverett,2022,5-Year-Estimates,Demographics,Speak Only English at Home,CEN_ENGLISH,"1,599.00"
Municipality,MA,Franklin,Leverett,2022,5-Year-Estimates,Demographics,Speak Other Language at Home,CEN_OTHLANG,19
Municipality,MA,Franklin,Leverett,2022,5-Year-Estimates,Demographics,Speak Spanish at Home,CEN_SPANISH,27
Municipality,MA,Franklin,Leverett,2022,5-Year-Estimates,Demographics,"Two or More Races, Not Hispanic or Latino",CEN_TWO_MORE_NOT_HISP,99
Municipality,MA,Franklin,Leverett,2022,5-Year-Estimates,Economic,"% Households with Income between $10,000 to $14,999",CEN_PERC_HHINC_10000-14999,0.01
Municipality,MA,Franklin,Leverett,2022,5-Year-Estimates,Economic,"% Households with Income between $15,000 to $24,999",CEN_PERC_HHINC_15000-24999,0.04
Municipality,MA,Franklin,Leverett,2022,5-Year-Estimates,Economic,"%  Households with Income between $25,000 to $34,999",CEN_PERC_HHINC_25000-34999,0.08
Municipality,MA,Franklin,Leverett,2022,5-Year-Estimates,Economic,"%  Households with Income between $35,000 to $49,999",CEN_PERC_HHINC_35000-49999,0.04
Municipality,MA,Franklin,Leverett,2022,5-Year-Estimates,Economic,"% of  Households with Income between $50,000 to $74,999",CEN_PERC_HHINC_50000-74999,0.15
Municipality,MA,Franklin,Leverett,2022,5-Year-Estimates,Economic,"% of  Households with Income between $75,000 to $99,999",CEN_PERC_HHINC_75000-99999,0.14
Municipality,MA,Franklin,Leverett,2022,5-Year-Estimates,Economic,"% of  Households with Income between $100,000 to $149,999",CEN_PERC_HHINC_100000-149999,0.13
Municipality,MA,Franklin,Leverett,2022,5-Year-Estimates,Economic,"%  of Households with Income between $150,000 to $199,999",CEN_PERC_HHINC_150000-199999,0.2
Municipality,MA,Franklin,Leverett,2022,5-Year-Estimates,Economic,"% of  Households with Income between $200,000 or more",CEN_PERC_HHINC_200000_PLUS,0.19
Municipality,MA,Franklin,Leverett,2022,5-Year-Estimates,Economic,"% of Households with Income Less than $10,000",CEN_PERC_HHINC_0-9999,0.02
Municipality,MA,Franklin,Leverett,2022,5-Year-Estimates,Economic,Child Poverty Rate,CEN_CHILD_POV,0.12
Municipality,MA,Franklin,Leverett,2022,5-Year-Estimates,Economic,Employment by sex - Female Total,EMP_FEMALE,868
Municipality,MA,Franklin,Leverett,2022,5-Year-Estimates,Economic,Employment by sex - Male Total,EMP_MALE,"1,016.00"
Municipality,MA,Franklin,Leverett,2022,5-Year-Estimates,Economic,Employment by sex and below the poverty line - Total,UNEMP_TOT_POV,16
Municipality,MA,Franklin,Leverett,2022,5-Year-Estimates,Economic,Employment by sex and below the poverty line - Total Percentage,UNEMP_TOT_POV_PERC,0.24
Municipality,MA,Franklin,Leverett,2022,5-Year-Estimates,Economic,Employment by sex and in poverty - Female,EMP_FEMALE_POV,52
Municipality,MA,Franklin,Leverett,2022,5-Year-Estimates,Economic,Employment by sex and in poverty - Male,EMP_MALE_POV,40
Municipality,MA,Franklin,Leverett,2022,5-Year-Estimates,Economic,Employment by sex and in poverty - Total,EMP_TOT_POV,92
Municipality,MA,Franklin,Leverett,2022,5-Year-Estimates,Economic,Employment by sex and in poverty - Total Percentage,EMP_TOT_POV_PERC,0.1
Municipality,MA,Franklin,Leverett,2022,5-Year-Estimates,Economic,Family Economic Self Sufficiency,CEN_FAMECON_SELF,0
Municipality,MA,Franklin,Leverett,2022,5-Year-Estimates,Economic,Gini Coefficient (Income Inequality),CEN_INCOME_INEQ,0.45
Municipality,MA,Franklin,Leverett,2022,5-Year-Estimates,Economic,"Households with Income between $10,000 to $14,999",CEN_HHINC_10000-14999,7
Municipality,MA,Franklin,Leverett,2022,5-Year-Estimates,Economic,"Households with Income between $15,000 to $24,999",CEN_HHINC_15000-24999,31
Municipality,MA,Franklin,Leverett,2022,5-Year-Estimates,Economic,"Households with Income between $25,000 to $34,999",CEN_HHINC_25000-34999,61
Municipality,MA,Franklin,Leverett,2022,5-Year-Estimates,Economic,"Households with Income between $35,000 to $49,999",CEN_HHINC_35000-49999,30
Municipality,MA,Franklin,Leverett,2022,5-Year-Estimates,Economic,"Households with Income between $50,000 to $74,999",CEN_HHINC_50000-74999,113
Municipality,MA,Franklin,Leverett,2022,5-Year-Estimates,Economic,"Households with Income between $75,000 to $99,999",CEN_HHINC_75000-99999,102
Municipality,MA,Franklin,Leverett,2022,5-Year-Estimates,Economic,"Households with Income between $100,000 to $149,999",CEN_HHINC_100000-149999,96
Municipality,MA,Franklin,Leverett,2022,5-Year-Estimates,Economic,"Households with Income between $150,000 to $199,999",CEN_HHINC_150000-199999,144
Municipality,MA,Franklin,Leverett,2022,5-Year-Estimates,Economic,"Households with Income between $200,000 or more",CEN_HHINC_200000_PLUS,139
Municipality,MA,Franklin,Leverett,2022,5-Year-Estimates,Economic,"Households with Income Less than $10,000",CEN_HHINC_0-9999,15
Municipality,MA,Franklin,Leverett,2022,5-Year-Estimates,Economic,Households with Retirement Income,CEN_RETINC,277
Municipality,MA,Franklin,Leverett,2022,5-Year-Estimates,Economic,Households with Social Security Income,CEN_SOCSECINC,340
Municipality,MA,Franklin,Leverett,2022,5-Year-Estimates,Economic,Income Under 200% of Poverty Line,CENPOV200,0.26
Municipality,MA,Franklin,Leverett,2022,5-Year-Estimates,Economic,Median Family Income,CEN_MEDFAMINC,"133,385.00"
Municipality,MA,Franklin,Leverett,2022,5-Year-Estimates,Economic,Median Household Income,CEN_MEDHHINC,"105,833.00"
Municipality,MA,Franklin,Leverett,2022,5-Year-Estimates,Economic,Per Capita Income,CEN_PERCAPINC,"59,459.00"
Municipality,MA,Franklin,Leverett,2022,5-Year-Estimates,Economic,Percent of Employed Population in Poverty - Female,EMP_FEMALE_POV_PERC,0.12
Municipality,MA,Franklin,Leverett,2022,5-Year-Estimates,Economic,Percent of Employed Population in Poverty - Male,EMP_MALE_POV_PERC,0.08
Municipality,MA,Franklin,Leverett,2022,5-Year-Estimates,Economic,Percent of Families in Poverty,CEN_FAM_POV,0.04
Municipality,MA,Franklin,Leverett,2022,5-Year-Estimates,Economic,Percent of Unemployed Population in Poverty - Female,UNEMP_FEMALE_POV_PERC,0.11
Municipality,MA,Franklin,Leverett,2022,5-Year-Estimates,Economic,Percent of Unemployed Population in Poverty - Male,UNEMP_MALE_POV_PERC,0.91
Municipality,MA,Franklin,Leverett,2022,5-Year-Estimates,Economic,Population Living below Poverty,CEN_POOR,54
Municipality,MA,Franklin,Leverett,2022,5-Year-Estimates,Economic,Poverty Rate,CEN_POVRATE,0.05
Municipality,MA,Franklin,Leverett,2022,5-Year-Estimates,Economic,Poverty Rate of Foreign Born,CEN_POV_FOR_BORN,0.01
Municipality,MA,Franklin,Leverett,2022,5-Year-Estimates,Economic,Poverty Rate of Foreign Born Naturalized Citizens,CEN_POV_FOR_BORN_NAT,0
Municipality,MA,Franklin,Leverett,2022,5-Year-Estimates,Economic,Poverty Rate of Foreign Born Non-Citizens,CEN_POV_FOR_BORN_NON_CIT,0
Municipality,MA,Franklin,Leverett,2022,5-Year-Estimates,Economic,Poverty Status Determined Population,CEN_POVTOTALPOP,"1,784.00"
Municipality,MA,Franklin,Leverett,2022,5-Year-Estimates,Economic,Self Employment Income-Household,CEN_SELFEMPINC,232
Municipality,MA,Franklin,Leverett,2022,5-Year-Estimates,Economic,Total population counted for unemployment by sex - Female,UNEMP_FEMALE,110
Municipality,MA,Franklin,Leverett,2022,5-Year-Estimates,Economic,Total population counted for unemployment by sex - Male,UNEMP_MALE,22
Municipality,MA,Franklin,Leverett,2022,5-Year-Estimates,Economic,Unemployment by sex and below the poverty line - Female,UNEMP_FEMALE_POV,6
Municipality,MA,Franklin,Leverett,2022,5-Year-Estimates,Economic,Unemployment by sex and below the poverty line - Male,UNEMP_MALE_POV,10
Municipality,MA,Franklin,Leyden,2022,5-Year-Estimates,Demographics,Population Total,CEN_POP,640
Municipality,MA,Franklin,Leyden,2022,5-Year-Estimates,Demographics,White Population,CEN_WHITE,621
Municipality,MA,Franklin,Leyden,2022,5-Year-Estimates,Demographics,Hispanic or Latino Population (of any race),CEN_HISPANIC,13
Municipality,MA,Franklin,Leyden,2022,5-Year-Estimates,Demographics,Black Population,CEN_BLACK,0
Municipality,MA,Franklin,Leyden,2022,5-Year-Estimates,Demographics,Other Races Population,CEN_OTHRACE,8
Municipality,MA,Franklin,Leyden,2022,5-Year-Estimates,Demographics,Asian Population,CEN_ASIAN,0
Municipality,MA,Franklin,Leyden,2022,5-Year-Estimates,Demographics,Age-3 to 4 Years Old,3_4_YEARS,21
Municipality,MA,Franklin,Leyden,2022,5-Year-Estimates,Demographics,Age-5 Years Old,5_YEARS,7
Municipality,MA,Franklin,Leyden,2022,5-Year-Estimates,Demographics,Age-6 to 8 Years Old,6_8_YEARS,27
Municipality,MA,Franklin,Leyden,2022,5-Year-Estimates,Demographics,Age-9 to 11 Years Old,9_11_YEARS,10
Municipality,MA,Franklin,Leyden,2022,5-Year-Estimates,Demographics,Age-12 to 14 Years Old,12_14_YEARS,8
Municipality,MA,Franklin,Leyden,2022,5-Year-Estimates,Demographics,Age-15 to 17 Years Old,15_17_YEARS,7
Municipality,MA,Franklin,Leyden,2022,5-Year-Estimates,Demographics,Age-18 to 19 Years Old,18_19_YEARS,14
Municipality,MA,Franklin,Leyden,2022,5-Year-Estimates,Demographics,Age-20 to 24 Years Old,20_24_YEARS,29
Municipality,MA,Franklin,Leyden,2022,5-Year-Estimates,Demographics,Age-25 to 29 Years Old,25_29_YEARS,15
Municipality,MA,Franklin,Leyden,2022,5-Year-Estimates,Demographics,Age-30 to 34 Years Old,30_34_YEARS,45
Municipality,MA,Franklin,Leyden,2022,5-Year-Estimates,Demographics,Age-35 to 39 Years Old,35_39_YEARS,33
Municipality,MA,Franklin,Leyden,2022,5-Year-Estimates,Demographics,Age-40 to 44 Years Old,40_44_YEARS,59
Municipality,MA,Franklin,Leyden,2022,5-Year-Estimates,Demographics,Age-45 to 49 Years Old,45_49_YEARS,27
Municipality,MA,Franklin,Leyden,2022,5-Year-Estimates,Demographics,Age-50 to 54 Years Old,50_54_YEARS,41
Municipality,MA,Franklin,Leyden,2022,5-Year-Estimates,Demographics,Age-55 to 59 Years Old,55_59_YEARS,68
Municipality,MA,Franklin,Leyden,2022,5-Year-Estimates,Demographics,Age-60 to 64 Years Old,60_64_YEARS,67
Municipality,MA,Franklin,Leyden,2022,5-Year-Estimates,Demographics,Age-65 to 69 Years Old,65_69_YEARS,46
Municipality,MA,Franklin,Leyden,2022,5-Year-Estimates,Demographics,Age-70 to 74 Years Old,70_74_YEARS,58
Municipality,MA,Franklin,Leyden,2022,5-Year-Estimates,Demographics,Age-75 to 79 Years Old,75_79_YEARS,32
Municipality,MA,Franklin,Leyden,2022,5-Year-Estimates,Demographics,Age-80 to 84 Years Old,80_84_YEARS,11
Municipality,MA,Franklin,Leyden,2022,5-Year-Estimates,Demographics,Age-85 & older,85+_YEARS,10
Municipality,MA,Franklin,Leyden,2022,5-Year-Estimates,Demographics,Age-Under 3 Years Old,UNDER_3_YEARS,5
Municipality,MA,Franklin,Leyden,2022,5-Year-Estimates,Demographics,Households-Married Couples,CEN_MARRHOU,165
Municipality,MA,Franklin,Leyden,2022,5-Year-Estimates,Demographics,Households-Single Parent,CEN_SINGPARHOU,9
Municipality,MA,Franklin,Leyden,2022,5-Year-Estimates,Demographics,Households-Total,CEN_HOUSEHOLDS,256
Municipality,MA,Franklin,Leyden,2022,5-Year-Estimates,Demographics,Net Domestic Migration,CEN_NET_DOM_MIGR,0
Municipality,MA,Franklin,Leyden,2022,5-Year-Estimates,Demographics,Percent Elderly with Car Access,CAR_AGE_HOUSEHOLDER,0.99
Municipality,MA,Franklin,Leyden,2022,5-Year-Estimates,Demographics,Percent Grandparents Who Are Primary Caregiver,GRAND_CAREGIVER,0
Municipality,MA,Franklin,Leyden,2022,5-Year-Estimates,Demographics,Percent of Elderly Below Poverty Line,ELDERLY_POV,0.06
Municipality,MA,Franklin,Leyden,2022,5-Year-Estimates,Demographics,Percent of Elderly who Live Alone,ELDERLY_LIVEALONE,0.16
Municipality,MA,Franklin,Leyden,2022,5-Year-Estimates,Demographics,Percent of Population Who are Not White,MINORITY_PERCENT,0.03
Municipality,MA,Franklin,Leyden,2022,5-Year-Estimates,Demographics,Population 5+,CEN_POP_O4,614
Municipality,MA,Franklin,Leyden,2022,5-Year-Estimates,Demographics,Population 25+,CEN_POP_O24,512
Municipality,MA,Franklin,Leyden,2022,5-Year-Estimates,Demographics,Population 65+,CEN_POP_O64,157
Municipality,MA,Franklin,Leyden,2022,5-Year-Estimates,Demographics,Population Living in Rural Areas,CEN_RURALPOP,0
Municipality,MA,Franklin,Leyden,2022,5-Year-Estimates,Demographics,Population living in the same county as five years ago,CEN_SAMECOUNTY,0
Municipality,MA,Franklin,Leyden,2022,5-Year-Estimates,Demographics,Population living in the same house as five years ago,CEN_SAMEHOUSE,0
Municipality,MA,Franklin,Leyden,2022,5-Year-Estimates,Demographics,Population Living in Urban Areas,CEN_URBANPOP,0
Municipality,MA,Franklin,Leyden,2022,5-Year-Estimates,Demographics,Population Under 18,CEN_POP_U18,85
Municipality,MA,Franklin,Leyden,2022,5-Year-Estimates,Demographics,Population-Foreign Born,CEN_FORBORN,23
Municipality,MA,Franklin,Leyden,2022,5-Year-Estimates,Demographics,Single Parent Families,CEN_SINGPAR_CHILD,0
Municipality,MA,Franklin,Leyden,2022,5-Year-Estimates,Demographics,Speak an Asian Language at Home,CEN_ASIANLANG,0
Municipality,MA,Franklin,Leyden,2022,5-Year-Estimates,Demographics,Speak Only English at Home,CEN_ENGLISH,579
Municipality,MA,Franklin,Leyden,2022,5-Year-Estimates,Demographics,Speak Other Language at Home,CEN_OTHLANG,0
Municipality,MA,Franklin,Leyden,2022,5-Year-Estimates,Demographics,Speak Spanish at Home,CEN_SPANISH,9
Municipality,MA,Franklin,Leyden,2022,5-Year-Estimates,Demographics,"Two or More Races, Not Hispanic or Latino",CEN_TWO_MORE_NOT_HISP,11
Municipality,MA,Franklin,Leyden,2022,5-Year-Estimates,Economic,"% Households with Income between $10,000 to $14,999",CEN_PERC_HHINC_10000-14999,0.02
Municipality,MA,Franklin,Leyden,2022,5-Year-Estimates,Economic,"% Households with Income between $15,000 to $24,999",CEN_PERC_HHINC_15000-24999,0.06
Municipality,MA,Franklin,Leyden,2022,5-Year-Estimates,Economic,"%  Households with Income between $25,000 to $34,999",CEN_PERC_HHINC_25000-34999,0.03
Municipality,MA,Franklin,Leyden,2022,5-Year-Estimates,Economic,"%  Households with Income between $35,000 to $49,999",CEN_PERC_HHINC_35000-49999,0.08
Municipality,MA,Franklin,Leyden,2022,5-Year-Estimates,Economic,"% of  Households with Income between $50,000 to $74,999",CEN_PERC_HHINC_50000-74999,0.14
Municipality,MA,Franklin,Leyden,2022,5-Year-Estimates,Economic,"% of  Households with Income between $75,000 to $99,999",CEN_PERC_HHINC_75000-99999,0.16
Municipality,MA,Franklin,Leyden,2022,5-Year-Estimates,Economic,"% of  Households with Income between $100,000 to $149,999",CEN_PERC_HHINC_100000-149999,0.28
Municipality,MA,Franklin,Leyden,2022,5-Year-Estimates,Economic,"%  of Households with Income between $150,000 to $199,999",CEN_PERC_HHINC_150000-199999,0.07
Municipality,MA,Franklin,Leyden,2022,5-Year-Estimates,Economic,"% of  Households with Income between $200,000 or more",CEN_PERC_HHINC_200000_PLUS,0.13
Municipality,MA,Franklin,Leyden,2022,5-Year-Estimates,Economic,"% of Households with Income Less than $10,000",CEN_PERC_HHINC_0-9999,0.03
Municipality,MA,Franklin,Leyden,2022,5-Year-Estimates,Economic,Child Poverty Rate,CEN_CHILD_POV,0.07
Municipality,MA,Franklin,Leyden,2022,5-Year-Estimates,Economic,Employment by sex - Female Total,EMP_FEMALE,314
Municipality,MA,Franklin,Leyden,2022,5-Year-Estimates,Economic,Employment by sex - Male Total,EMP_MALE,350
Municipality,MA,Franklin,Leyden,2022,5-Year-Estimates,Economic,Employment by sex and below the poverty line - Total,UNEMP_TOT_POV,18
Municipality,MA,Franklin,Leyden,2022,5-Year-Estimates,Economic,Employment by sex and below the poverty line - Total Percentage,UNEMP_TOT_POV_PERC,0.72
Municipality,MA,Franklin,Leyden,2022,5-Year-Estimates,Economic,Employment by sex and in poverty - Female,EMP_FEMALE_POV,10
Municipality,MA,Franklin,Leyden,2022,5-Year-Estimates,Economic,Employment by sex and in poverty - Male,EMP_MALE_POV,20
Municipality,MA,Franklin,Leyden,2022,5-Year-Estimates,Economic,Employment by sex and in poverty - Total,EMP_TOT_POV,30
Municipality,MA,Franklin,Leyden,2022,5-Year-Estimates,Economic,Employment by sex and in poverty - Total Percentage,EMP_TOT_POV_PERC,0.09
Municipality,MA,Franklin,Leyden,2022,5-Year-Estimates,Economic,Family Economic Self Sufficiency,CEN_FAMECON_SELF,0
Municipality,MA,Franklin,Leyden,2022,5-Year-Estimates,Economic,Gini Coefficient (Income Inequality),CEN_INCOME_INEQ,0.38
Municipality,MA,Franklin,Leyden,2022,5-Year-Estimates,Economic,"Households with Income between $10,000 to $14,999",CEN_HHINC_10000-14999,5
Municipality,MA,Franklin,Leyden,2022,5-Year-Estimates,Economic,"Households with Income between $15,000 to $24,999",CEN_HHINC_15000-24999,15
Municipality,MA,Franklin,Leyden,2022,5-Year-Estimates,Economic,"Households with Income between $25,000 to $34,999",CEN_HHINC_25000-34999,8
Municipality,MA,Franklin,Leyden,2022,5-Year-Estimates,Economic,"Households with Income between $35,000 to $49,999",CEN_HHINC_35000-49999,20
Municipality,MA,Franklin,Leyden,2022,5-Year-Estimates,Economic,"Households with Income between $50,000 to $74,999",CEN_HHINC_50000-74999,36
Municipality,MA,Franklin,Leyden,2022,5-Year-Estimates,Economic,"Households with Income between $75,000 to $99,999",CEN_HHINC_75000-99999,40
Municipality,MA,Franklin,Leyden,2022,5-Year-Estimates,Economic,"Households with Income between $100,000 to $149,999",CEN_HHINC_100000-149999,72
Municipality,MA,Franklin,Leyden,2022,5-Year-Estimates,Economic,"Households with Income between $150,000 to $199,999",CEN_HHINC_150000-199999,19
Municipality,MA,Franklin,Leyden,2022,5-Year-Estimates,Economic,"Households with Income between $200,000 or more",CEN_HHINC_200000_PLUS,34
Municipality,MA,Franklin,Leyden,2022,5-Year-Estimates,Economic,"Households with Income Less than $10,000",CEN_HHINC_0-9999,7
Municipality,MA,Franklin,Leyden,2022,5-Year-Estimates,Economic,Households with Retirement Income,CEN_RETINC,80
Municipality,MA,Franklin,Leyden,2022,5-Year-Estimates,Economic,Households with Social Security Income,CEN_SOCSECINC,110
Municipality,MA,Franklin,Leyden,2022,5-Year-Estimates,Economic,Income Under 200% of Poverty Line,CENPOV200,0.23
Municipality,MA,Franklin,Leyden,2022,5-Year-Estimates,Economic,Median Family Income,CEN_MEDFAMINC,"120,833.00"
Municipality,MA,Franklin,Leyden,2022,5-Year-Estimates,Economic,Median Household Income,CEN_MEDHHINC,"97,500.00"
Municipality,MA,Franklin,Leyden,2022,5-Year-Estimates,Economic,Per Capita Income,CEN_PERCAPINC,"45,763.00"
Municipality,MA,Franklin,Leyden,2022,5-Year-Estimates,Economic,Percent of Employed Population in Poverty - Female,EMP_FEMALE_POV_PERC,0.06
Municipality,MA,Franklin,Leyden,2022,5-Year-Estimates,Economic,Percent of Employed Population in Poverty - Male,EMP_MALE_POV_PERC,0.11
Municipality,MA,Franklin,Leyden,2022,5-Year-Estimates,Economic,Percent of Families in Poverty,CEN_FAM_POV,0.06
Municipality,MA,Franklin,Leyden,2022,5-Year-Estimates,Economic,Percent of Unemployed Population in Poverty - Female,UNEMP_FEMALE_POV_PERC,0.75
Municipality,MA,Franklin,Leyden,2022,5-Year-Estimates,Economic,Percent of Unemployed Population in Poverty - Male,UNEMP_MALE_POV_PERC,0.71
Municipality,MA,Franklin,Leyden,2022,5-Year-Estimates,Economic,Population Living below Poverty,CEN_POOR,24
Municipality,MA,Franklin,Leyden,2022,5-Year-Estimates,Economic,Poverty Rate,CEN_POVRATE,0.07
Municipality,MA,Franklin,Leyden,2022,5-Year-Estimates,Economic,Poverty Rate of Foreign Born,CEN_POV_FOR_BORN,0
Municipality,MA,Franklin,Leyden,2022,5-Year-Estimates,Economic,Poverty Rate of Foreign Born Naturalized Citizens,CEN_POV_FOR_BORN_NAT,0
Municipality,MA,Franklin,Leyden,2022,5-Year-Estimates,Economic,Poverty Rate of Foreign Born Non-Citizens,CEN_POV_FOR_BORN_NON_CIT,0
Municipality,MA,Franklin,Leyden,2022,5-Year-Estimates,Economic,Poverty Status Determined Population,CEN_POVTOTALPOP,640
Municipality,MA,Franklin,Leyden,2022,5-Year-Estimates,Economic,Self Employment Income-Household,CEN_SELFEMPINC,45
Municipality,MA,Franklin,Leyden,2022,5-Year-Estimates,Economic,Total population counted for unemployment by sex - Female,UNEMP_FEMALE,16
Municipality,MA,Franklin,Leyden,2022,5-Year-Estimates,Economic,Total population counted for unemployment by sex - Male,UNEMP_MALE,34
Municipality,MA,Franklin,Leyden,2022,5-Year-Estimates,Economic,Unemployment by sex and below the poverty line - Female,UNEMP_FEMALE_POV,6
Municipality,MA,Franklin,Leyden,2022,5-Year-Estimates,Economic,Unemployment by sex and below the poverty line - Male,UNEMP_MALE_POV,12
Municipality,MA,Franklin,Monroe,2022,5-Year-Estimates,Demographics,Population Total,CEN_POP,103
Municipality,MA,Franklin,Monroe,2022,5-Year-Estimates,Demographics,White Population,CEN_WHITE,103
Municipality,MA,Franklin,Monroe,2022,5-Year-Estimates,Demographics,Hispanic or Latino Population (of any race),CEN_HISPANIC,0
Municipality,MA,Franklin,Monroe,2022,5-Year-Estimates,Demographics,Black Population,CEN_BLACK,0
Municipality,MA,Franklin,Monroe,2022,5-Year-Estimates,Demographics,Other Races Population,CEN_OTHRACE,0
Municipality,MA,Franklin,Monroe,2022,5-Year-Estimates,Demographics,Asian Population,CEN_ASIAN,0
Municipality,MA,Franklin,Monroe,2022,5-Year-Estimates,Demographics,Age-3 to 4 Years Old,3_4_YEARS,0
Municipality,MA,Franklin,Monroe,2022,5-Year-Estimates,Demographics,Age-5 Years Old,5_YEARS,0
Municipality,MA,Franklin,Monroe,2022,5-Year-Estimates,Demographics,Age-6 to 8 Years Old,6_8_YEARS,5
Municipality,MA,Franklin,Monroe,2022,5-Year-Estimates,Demographics,Age-9 to 11 Years Old,9_11_YEARS,5
Municipality,MA,Franklin,Monroe,2022,5-Year-Estimates,Demographics,Age-12 to 14 Years Old,12_14_YEARS,0
Municipality,MA,Franklin,Monroe,2022,5-Year-Estimates,Demographics,Age-15 to 17 Years Old,15_17_YEARS,0
Municipality,MA,Franklin,Monroe,2022,5-Year-Estimates,Demographics,Age-18 to 19 Years Old,18_19_YEARS,0
Municipality,MA,Franklin,Monroe,2022,5-Year-Estimates,Demographics,Age-20 to 24 Years Old,20_24_YEARS,12
Municipality,MA,Franklin,Monroe,2022,5-Year-Estimates,Demographics,Age-25 to 29 Years Old,25_29_YEARS,0
Municipality,MA,Franklin,Monroe,2022,5-Year-Estimates,Demographics,Age-30 to 34 Years Old,30_34_YEARS,0
Municipality,MA,Franklin,Monroe,2022,5-Year-Estimates,Demographics,Age-35 to 39 Years Old,35_39_YEARS,5
Municipality,MA,Franklin,Monroe,2022,5-Year-Estimates,Demographics,Age-40 to 44 Years Old,40_44_YEARS,4
Municipality,MA,Franklin,Monroe,2022,5-Year-Estimates,Demographics,Age-45 to 49 Years Old,45_49_YEARS,0
Municipality,MA,Franklin,Monroe,2022,5-Year-Estimates,Demographics,Age-50 to 54 Years Old,50_54_YEARS,2
Municipality,MA,Franklin,Monroe,2022,5-Year-Estimates,Demographics,Age-55 to 59 Years Old,55_59_YEARS,8
Municipality,MA,Franklin,Monroe,2022,5-Year-Estimates,Demographics,Age-60 to 64 Years Old,60_64_YEARS,29
Municipality,MA,Franklin,Monroe,2022,5-Year-Estimates,Demographics,Age-65 to 69 Years Old,65_69_YEARS,5
Municipality,MA,Franklin,Monroe,2022,5-Year-Estimates,Demographics,Age-70 to 74 Years Old,70_74_YEARS,6
Municipality,MA,Franklin,Monroe,2022,5-Year-Estimates,Demographics,Age-75 to 79 Years Old,75_79_YEARS,16
Municipality,MA,Franklin,Monroe,2022,5-Year-Estimates,Demographics,Age-80 to 84 Years Old,80_84_YEARS,2
Municipality,MA,Franklin,Monroe,2022,5-Year-Estimates,Demographics,Age-85 & older,85+_YEARS,4
Municipality,MA,Franklin,Monroe,2022,5-Year-Estimates,Demographics,Age-Under 3 Years Old,UNDER_3_YEARS,0
Municipality,MA,Franklin,Monroe,2022,5-Year-Estimates,Demographics,Households-Married Couples,CEN_MARRHOU,25
Municipality,MA,Franklin,Monroe,2022,5-Year-Estimates,Demographics,Households-Single Parent,CEN_SINGPARHOU,5
Municipality,MA,Franklin,Monroe,2022,5-Year-Estimates,Demographics,Households-Total,CEN_HOUSEHOLDS,53
Municipality,MA,Franklin,Monroe,2022,5-Year-Estimates,Demographics,Net Domestic Migration,CEN_NET_DOM_MIGR,0
Municipality,MA,Franklin,Monroe,2022,5-Year-Estimates,Demographics,Percent Elderly with Car Access,CAR_AGE_HOUSEHOLDER,1
Municipality,MA,Franklin,Monroe,2022,5-Year-Estimates,Demographics,Percent Grandparents Who Are Primary Caregiver,GRAND_CAREGIVER,0
Municipality,MA,Franklin,Monroe,2022,5-Year-Estimates,Demographics,Percent of Elderly Below Poverty Line,ELDERLY_POV,0.03
Municipality,MA,Franklin,Monroe,2022,5-Year-Estimates,Demographics,Percent of Elderly who Live Alone,ELDERLY_LIVEALONE,0.33
Municipality,MA,Franklin,Monroe,2022,5-Year-Estimates,Demographics,Percent of Population Who are Not White,MINORITY_PERCENT,0
Municipality,MA,Franklin,Monroe,2022,5-Year-Estimates,Demographics,Population 5+,CEN_POP_O4,103
Municipality,MA,Franklin,Monroe,2022,5-Year-Estimates,Demographics,Population 25+,CEN_POP_O24,81
Municipality,MA,Franklin,Monroe,2022,5-Year-Estimates,Demographics,Population 65+,CEN_POP_O64,33
Municipality,MA,Franklin,Monroe,2022,5-Year-Estimates,Demographics,Population Living in Rural Areas,CEN_RURALPOP,0
Municipality,MA,Franklin,Monroe,2022,5-Year-Estimates,Demographics,Population living in the same county as five years ago,CEN_SAMECOUNTY,0
Municipality,MA,Franklin,Monroe,2022,5-Year-Estimates,Demographics,Population living in the same house as five years ago,CEN_SAMEHOUSE,0
Municipality,MA,Franklin,Monroe,2022,5-Year-Estimates,Demographics,Population Living in Urban Areas,CEN_URBANPOP,0
Municipality,MA,Franklin,Monroe,2022,5-Year-Estimates,Demographics,Population Under 18,CEN_POP_U18,10
Municipality,MA,Franklin,Monroe,2022,5-Year-Estimates,Demographics,Population-Foreign Born,CEN_FORBORN,4
Municipality,MA,Franklin,Monroe,2022,5-Year-Estimates,Demographics,Single Parent Families,CEN_SINGPAR_CHILD,0
Municipality,MA,Franklin,Monroe,2022,5-Year-Estimates,Demographics,Speak an Asian Language at Home,CEN_ASIANLANG,0
Municipality,MA,Franklin,Monroe,2022,5-Year-Estimates,Demographics,Speak Only English at Home,CEN_ENGLISH,102
Municipality,MA,Franklin,Monroe,2022,5-Year-Estimates,Demographics,Speak Other Language at Home,CEN_OTHLANG,0
Municipality,MA,Franklin,Monroe,2022,5-Year-Estimates,Demographics,Speak Spanish at Home,CEN_SPANISH,0
Municipality,MA,Franklin,Monroe,2022,5-Year-Estimates,Demographics,"Two or More Races, Not Hispanic or Latino",CEN_TWO_MORE_NOT_HISP,0
Municipality,MA,Franklin,Monroe,2022,5-Year-Estimates,Economic,"% Households with Income between $10,000 to $14,999",CEN_PERC_HHINC_10000-14999,0.11
Municipality,MA,Franklin,Monroe,2022,5-Year-Estimates,Economic,"% Households with Income between $15,000 to $24,999",CEN_PERC_HHINC_15000-24999,0.21
Municipality,MA,Franklin,Monroe,2022,5-Year-Estimates,Economic,"%  Households with Income between $25,000 to $34,999",CEN_PERC_HHINC_25000-34999,0.06
Municipality,MA,Franklin,Monroe,2022,5-Year-Estimates,Economic,"%  Households with Income between $35,000 to $49,999",CEN_PERC_HHINC_35000-49999,0.17
Municipality,MA,Franklin,Monroe,2022,5-Year-Estimates,Economic,"% of  Households with Income between $50,000 to $74,999",CEN_PERC_HHINC_50000-74999,0.11
Municipality,MA,Franklin,Monroe,2022,5-Year-Estimates,Economic,"% of  Households with Income between $75,000 to $99,999",CEN_PERC_HHINC_75000-99999,0
Municipality,MA,Franklin,Monroe,2022,5-Year-Estimates,Economic,"% of  Households with Income between $100,000 to $149,999",CEN_PERC_HHINC_100000-149999,0
Municipality,MA,Franklin,Monroe,2022,5-Year-Estimates,Economic,"%  of Households with Income between $150,000 to $199,999",CEN_PERC_HHINC_150000-199999,0.19
Municipality,MA,Franklin,Monroe,2022,5-Year-Estimates,Economic,"% of  Households with Income between $200,000 or more",CEN_PERC_HHINC_200000_PLUS,0.15
Municipality,MA,Franklin,Monroe,2022,5-Year-Estimates,Economic,"% of Households with Income Less than $10,000",CEN_PERC_HHINC_0-9999,0
Municipality,MA,Franklin,Monroe,2022,5-Year-Estimates,Economic,Child Poverty Rate,CEN_CHILD_POV,0
Municipality,MA,Franklin,Monroe,2022,5-Year-Estimates,Economic,Employment by sex - Female Total,EMP_FEMALE,44
Municipality,MA,Franklin,Monroe,2022,5-Year-Estimates,Economic,Employment by sex - Male Total,EMP_MALE,42
Municipality,MA,Franklin,Monroe,2022,5-Year-Estimates,Economic,Employment by sex and below the poverty line - Total,UNEMP_TOT_POV,8
Municipality,MA,Franklin,Monroe,2022,5-Year-Estimates,Economic,Employment by sex and below the poverty line - Total Percentage,UNEMP_TOT_POV_PERC,2
Municipality,MA,Franklin,Monroe,2022,5-Year-Estimates,Economic,Employment by sex and in poverty - Female,EMP_FEMALE_POV,8
Municipality,MA,Franklin,Monroe,2022,5-Year-Estimates,Economic,Employment by sex and in poverty - Male,EMP_MALE_POV,0
Municipality,MA,Franklin,Monroe,2022,5-Year-Estimates,Economic,Employment by sex and in poverty - Total,EMP_TOT_POV,8
Municipality,MA,Franklin,Monroe,2022,5-Year-Estimates,Economic,Employment by sex and in poverty - Total Percentage,EMP_TOT_POV_PERC,0.19
Municipality,MA,Franklin,Monroe,2022,5-Year-Estimates,Economic,Family Economic Self Sufficiency,CEN_FAMECON_SELF,0
Municipality,MA,Franklin,Monroe,2022,5-Year-Estimates,Economic,Gini Coefficient (Income Inequality),CEN_INCOME_INEQ,0.62
Municipality,MA,Franklin,Monroe,2022,5-Year-Estimates,Economic,"Households with Income between $10,000 to $14,999",CEN_HHINC_10000-14999,6
Municipality,MA,Franklin,Monroe,2022,5-Year-Estimates,Economic,"Households with Income between $15,000 to $24,999",CEN_HHINC_15000-24999,11
Municipality,MA,Franklin,Monroe,2022,5-Year-Estimates,Economic,"Households with Income between $25,000 to $34,999",CEN_HHINC_25000-34999,3
Municipality,MA,Franklin,Monroe,2022,5-Year-Estimates,Economic,"Households with Income between $35,000 to $49,999",CEN_HHINC_35000-49999,9
Municipality,MA,Franklin,Monroe,2022,5-Year-Estimates,Economic,"Households with Income between $50,000 to $74,999",CEN_HHINC_50000-74999,6
Municipality,MA,Franklin,Monroe,2022,5-Year-Estimates,Economic,"Households with Income between $75,000 to $99,999",CEN_HHINC_75000-99999,0
Municipality,MA,Franklin,Monroe,2022,5-Year-Estimates,Economic,"Households with Income between $100,000 to $149,999",CEN_HHINC_100000-149999,0
Municipality,MA,Franklin,Monroe,2022,5-Year-Estimates,Economic,"Households with Income between $150,000 to $199,999",CEN_HHINC_150000-199999,10
Municipality,MA,Franklin,Monroe,2022,5-Year-Estimates,Economic,"Households with Income between $200,000 or more",CEN_HHINC_200000_PLUS,8
Municipality,MA,Franklin,Monroe,2022,5-Year-Estimates,Economic,"Households with Income Less than $10,000",CEN_HHINC_0-9999,0
Municipality,MA,Franklin,Monroe,2022,5-Year-Estimates,Economic,Households with Retirement Income,CEN_RETINC,27
Municipality,MA,Franklin,Monroe,2022,5-Year-Estimates,Economic,Households with Social Security Income,CEN_SOCSECINC,26
Municipality,MA,Franklin,Monroe,2022,5-Year-Estimates,Economic,Income Under 200% of Poverty Line,CENPOV200,0.44
Municipality,MA,Franklin,Monroe,2022,5-Year-Estimates,Economic,Median Family Income,CEN_MEDFAMINC,"89,403.00"
Municipality,MA,Franklin,Monroe,2022,5-Year-Estimates,Economic,Per Capita Income,CEN_PERCAPINC,"67,008.00"
Municipality,MA,Franklin,Monroe,2022,5-Year-Estimates,Economic,Percent of Employed Population in Poverty - Female,EMP_FEMALE_POV_PERC,0.36
Municipality,MA,Franklin,Monroe,2022,5-Year-Estimates,Economic,Percent of Employed Population in Poverty - Male,EMP_MALE_POV_PERC,0
Municipality,MA,Franklin,Monroe,2022,5-Year-Estimates,Economic,Percent of Families in Poverty,CEN_FAM_POV,0.13
Municipality,MA,Franklin,Monroe,2022,5-Year-Estimates,Economic,Percent of Unemployed Population in Poverty - Male,UNEMP_MALE_POV_PERC,2
Municipality,MA,Franklin,Monroe,2022,5-Year-Estimates,Economic,Population Living below Poverty,CEN_POOR,8
Municipality,MA,Franklin,Monroe,2022,5-Year-Estimates,Economic,Poverty Rate,CEN_POVRATE,0.17
Municipality,MA,Franklin,Monroe,2022,5-Year-Estimates,Economic,Poverty Rate of Foreign Born,CEN_POV_FOR_BORN,0.04
Municipality,MA,Franklin,Monroe,2022,5-Year-Estimates,Economic,Poverty Rate of Foreign Born Naturalized Citizens,CEN_POV_FOR_BORN_NAT,0
Municipality,MA,Franklin,Monroe,2022,5-Year-Estimates,Economic,Poverty Rate of Foreign Born Non-Citizens,CEN_POV_FOR_BORN_NON_CIT,0
Municipality,MA,Franklin,Monroe,2022,5-Year-Estimates,Economic,Poverty Status Determined Population,CEN_POVTOTALPOP,103
Municipality,MA,Franklin,Monroe,2022,5-Year-Estimates,Economic,Self Employment Income-Household,CEN_SELFEMPINC,0
Municipality,MA,Franklin,Monroe,2022,5-Year-Estimates,Economic,Total population counted for unemployment by sex - Female,UNEMP_FEMALE,0
Municipality,MA,Franklin,Monroe,2022,5-Year-Estimates,Economic,Total population counted for unemployment by sex - Male,UNEMP_MALE,8
Municipality,MA,Franklin,Monroe,2022,5-Year-Estimates,Economic,Unemployment by sex and below the poverty line - Female,UNEMP_FEMALE_POV,0
Municipality,MA,Franklin,Monroe,2022,5-Year-Estimates,Economic,Unemployment by sex and below the poverty line - Male,UNEMP_MALE_POV,8
Municipality,MA,Franklin,Montague,2022,5-Year-Estimates,Demographics,Population Total,CEN_POP,"8,527.00"
Municipality,MA,Franklin,Montague,2022,5-Year-Estimates,Demographics,White Population,CEN_WHITE,"7,794.00"
Municipality,MA,Franklin,Montague,2022,5-Year-Estimates,Demographics,Hispanic or Latino Population (of any race),CEN_HISPANIC,288
Municipality,MA,Franklin,Montague,2022,5-Year-Estimates,Demographics,Black Population,CEN_BLACK,47
Municipality,MA,Franklin,Montague,2022,5-Year-Estimates,Demographics,Other Races Population,CEN_OTHRACE,243
Municipality,MA,Franklin,Montague,2022,5-Year-Estimates,Demographics,Asian Population,CEN_ASIAN,55
Municipality,MA,Franklin,Montague,2022,5-Year-Estimates,Demographics,Age-3 to 4 Years Old,3_4_YEARS,222
Municipality,MA,Franklin,Montague,2022,5-Year-Estimates,Demographics,Age-5 Years Old,5_YEARS,152
Municipality,MA,Franklin,Montague,2022,5-Year-Estimates,Demographics,Age-6 to 8 Years Old,6_8_YEARS,272
Municipality,MA,Franklin,Montague,2022,5-Year-Estimates,Demographics,Age-9 to 11 Years Old,9_11_YEARS,205
Municipality,MA,Franklin,Montague,2022,5-Year-Estimates,Demographics,Age-12 to 14 Years Old,12_14_YEARS,232
Municipality,MA,Franklin,Montague,2022,5-Year-Estimates,Demographics,Age-15 to 17 Years Old,15_17_YEARS,284
Municipality,MA,Franklin,Montague,2022,5-Year-Estimates,Demographics,Age-18 to 19 Years Old,18_19_YEARS,122
Municipality,MA,Franklin,Montague,2022,5-Year-Estimates,Demographics,Age-20 to 24 Years Old,20_24_YEARS,346
Municipality,MA,Franklin,Montague,2022,5-Year-Estimates,Demographics,Age-25 to 29 Years Old,25_29_YEARS,493
Municipality,MA,Franklin,Montague,2022,5-Year-Estimates,Demographics,Age-30 to 34 Years Old,30_34_YEARS,640
Municipality,MA,Franklin,Montague,2022,5-Year-Estimates,Demographics,Age-35 to 39 Years Old,35_39_YEARS,497
Municipality,MA,Franklin,Montague,2022,5-Year-Estimates,Demographics,Age-40 to 44 Years Old,40_44_YEARS,653
Municipality,MA,Franklin,Montague,2022,5-Year-Estimates,Demographics,Age-45 to 49 Years Old,45_49_YEARS,505
Municipality,MA,Franklin,Montague,2022,5-Year-Estimates,Demographics,Age-50 to 54 Years Old,50_54_YEARS,601
Municipality,MA,Franklin,Montague,2022,5-Year-Estimates,Demographics,Age-55 to 59 Years Old,55_59_YEARS,557
Municipality,MA,Franklin,Montague,2022,5-Year-Estimates,Demographics,Age-60 to 64 Years Old,60_64_YEARS,782
Municipality,MA,Franklin,Montague,2022,5-Year-Estimates,Demographics,Age-65 to 69 Years Old,65_69_YEARS,502
Municipality,MA,Franklin,Montague,2022,5-Year-Estimates,Demographics,Age-70 to 74 Years Old,70_74_YEARS,502
Municipality,MA,Franklin,Montague,2022,5-Year-Estimates,Demographics,Age-75 to 79 Years Old,75_79_YEARS,321
Municipality,MA,Franklin,Montague,2022,5-Year-Estimates,Demographics,Age-80 to 84 Years Old,80_84_YEARS,171
Municipality,MA,Franklin,Montague,2022,5-Year-Estimates,Demographics,Age-85 & older,85+_YEARS,295
Municipality,MA,Franklin,Montague,2022,5-Year-Estimates,Demographics,Age-Under 3 Years Old,UNDER_3_YEARS,171
Municipality,MA,Franklin,Montague,2022,5-Year-Estimates,Demographics,Households-Married Couples,CEN_MARRHOU,"1,513.00"
Municipality,MA,Franklin,Montague,2022,5-Year-Estimates,Demographics,Households-Single Parent,CEN_SINGPARHOU,310
Municipality,MA,Franklin,Montague,2022,5-Year-Estimates,Demographics,Households-Total,CEN_HOUSEHOLDS,"3,753.00"
Municipality,MA,Franklin,Montague,2022,5-Year-Estimates,Demographics,Net Domestic Migration,CEN_NET_DOM_MIGR,0
Municipality,MA,Franklin,Montague,2022,5-Year-Estimates,Demographics,Percent Elderly with Car Access,CAR_AGE_HOUSEHOLDER,0.86
Municipality,MA,Franklin,Montague,2022,5-Year-Estimates,Demographics,Percent Grandparents Who Are Primary Caregiver,GRAND_CAREGIVER,0.39
Municipality,MA,Franklin,Montague,2022,5-Year-Estimates,Demographics,Percent of Elderly Below Poverty Line,ELDERLY_POV,0.07
Municipality,MA,Franklin,Montague,2022,5-Year-Estimates,Demographics,Percent of Elderly who Live Alone,ELDERLY_LIVEALONE,0.3
Municipality,MA,Franklin,Montague,2022,5-Year-Estimates,Demographics,Percent of Population Who are Not White,MINORITY_PERCENT,0.09
Municipality,MA,Franklin,Montague,2022,5-Year-Estimates,Demographics,Population 5+,CEN_POP_O4,"8,132.00"
Municipality,MA,Franklin,Montague,2022,5-Year-Estimates,Demographics,Population 25+,CEN_POP_O24,"6,519.00"
Municipality,MA,Franklin,Montague,2022,5-Year-Estimates,Demographics,Population 65+,CEN_POP_O64,"1,791.00"
Municipality,MA,Franklin,Montague,2022,5-Year-Estimates,Demographics,Population Living in Rural Areas,CEN_RURALPOP,0
Municipality,MA,Franklin,Montague,2022,5-Year-Estimates,Demographics,Population living in the same county as five years ago,CEN_SAMECOUNTY,0
Municipality,MA,Franklin,Montague,2022,5-Year-Estimates,Demographics,Population living in the same house as five years ago,CEN_SAMEHOUSE,0
Municipality,MA,Franklin,Montague,2022,5-Year-Estimates,Demographics,Population Living in Urban Areas,CEN_URBANPOP,0
Municipality,MA,Franklin,Montague,2022,5-Year-Estimates,Demographics,Population Under 18,CEN_POP_U18,"1,538.00"
Municipality,MA,Franklin,Montague,2022,5-Year-Estimates,Demographics,Population-Foreign Born,CEN_FORBORN,303
Municipality,MA,Franklin,Montague,2022,5-Year-Estimates,Demographics,Single Parent Families,CEN_SINGPAR_CHILD,0
Municipality,MA,Franklin,Montague,2022,5-Year-Estimates,Demographics,Speak an Asian Language at Home,CEN_ASIANLANG,48
Municipality,MA,Franklin,Montague,2022,5-Year-Estimates,Demographics,Speak Only English at Home,CEN_ENGLISH,"7,600.00"
Municipality,MA,Franklin,Montague,2022,5-Year-Estimates,Demographics,Speak Other Language at Home,CEN_OTHLANG,56
Municipality,MA,Franklin,Montague,2022,5-Year-Estimates,Demographics,Speak Spanish at Home,CEN_SPANISH,257
Municipality,MA,Franklin,Montague,2022,5-Year-Estimates,Demographics,"Two or More Races, Not Hispanic or Latino",CEN_TWO_MORE_NOT_HISP,379
Municipality,MA,Franklin,Montague,2022,5-Year-Estimates,Economic,"% Households with Income between $10,000 to $14,999",CEN_PERC_HHINC_10000-14999,0.05
Municipality,MA,Franklin,Montague,2022,5-Year-Estimates,Economic,"% Households with Income between $15,000 to $24,999",CEN_PERC_HHINC_15000-24999,0.1
Municipality,MA,Franklin,Montague,2022,5-Year-Estimates,Economic,"%  Households with Income between $25,000 to $34,999",CEN_PERC_HHINC_25000-34999,0.07
Municipality,MA,Franklin,Montague,2022,5-Year-Estimates,Economic,"%  Households with Income between $35,000 to $49,999",CEN_PERC_HHINC_35000-49999,0.14
Municipality,MA,Franklin,Montague,2022,5-Year-Estimates,Economic,"% of  Households with Income between $50,000 to $74,999",CEN_PERC_HHINC_50000-74999,0.16
Municipality,MA,Franklin,Montague,2022,5-Year-Estimates,Economic,"% of  Households with Income between $75,000 to $99,999",CEN_PERC_HHINC_75000-99999,0.14
Municipality,MA,Franklin,Montague,2022,5-Year-Estimates,Economic,"% of  Households with Income between $100,000 to $149,999",CEN_PERC_HHINC_100000-149999,0.21
Municipality,MA,Franklin,Montague,2022,5-Year-Estimates,Economic,"%  of Households with Income between $150,000 to $199,999",CEN_PERC_HHINC_150000-199999,0.08
Municipality,MA,Franklin,Montague,2022,5-Year-Estimates,Economic,"% of  Households with Income between $200,000 or more",CEN_PERC_HHINC_200000_PLUS,0.03
Municipality,MA,Franklin,Montague,2022,5-Year-Estimates,Economic,"% of Households with Income Less than $10,000",CEN_PERC_HHINC_0-9999,0.02
Municipality,MA,Franklin,Montague,2022,5-Year-Estimates,Economic,Child Poverty Rate,CEN_CHILD_POV,0.17
Municipality,MA,Franklin,Montague,2022,5-Year-Estimates,Economic,Employment by sex - Female Total,EMP_FEMALE,"4,460.00"
Municipality,MA,Franklin,Montague,2022,5-Year-Estimates,Economic,Employment by sex - Male Total,EMP_MALE,"4,720.00"
Municipality,MA,Franklin,Montague,2022,5-Year-Estimates,Economic,Employment by sex and below the poverty line - Total,UNEMP_TOT_POV,26
Municipality,MA,Franklin,Montague,2022,5-Year-Estimates,Economic,Employment by sex and below the poverty line - Total Percentage,UNEMP_TOT_POV_PERC,0.13
Municipality,MA,Franklin,Montague,2022,5-Year-Estimates,Economic,Employment by sex and in poverty - Female,EMP_FEMALE_POV,264
Municipality,MA,Franklin,Montague,2022,5-Year-Estimates,Economic,Employment by sex and in poverty - Male,EMP_MALE_POV,148
Municipality,MA,Franklin,Montague,2022,5-Year-Estimates,Economic,Employment by sex and in poverty - Total,EMP_TOT_POV,412
Municipality,MA,Franklin,Montague,2022,5-Year-Estimates,Economic,Employment by sex and in poverty - Total Percentage,EMP_TOT_POV_PERC,0.09
Municipality,MA,Franklin,Montague,2022,5-Year-Estimates,Economic,Family Economic Self Sufficiency,CEN_FAMECON_SELF,0
Municipality,MA,Franklin,Montague,2022,5-Year-Estimates,Economic,Gini Coefficient (Income Inequality),CEN_INCOME_INEQ,0.38
Municipality,MA,Franklin,Montague,2022,5-Year-Estimates,Economic,"Households with Income between $10,000 to $14,999",CEN_HHINC_10000-14999,179
Municipality,MA,Franklin,Montague,2022,5-Year-Estimates,Economic,"Households with Income between $15,000 to $24,999",CEN_HHINC_15000-24999,380
Municipality,MA,Franklin,Montague,2022,5-Year-Estimates,Economic,"Households with Income between $25,000 to $34,999",CEN_HHINC_25000-34999,258
Municipality,MA,Franklin,Montague,2022,5-Year-Estimates,Economic,"Households with Income between $35,000 to $49,999",CEN_HHINC_35000-49999,528
Municipality,MA,Franklin,Montague,2022,5-Year-Estimates,Economic,"Households with Income between $50,000 to $74,999",CEN_HHINC_50000-74999,608
Municipality,MA,Franklin,Montague,2022,5-Year-Estimates,Economic,"Households with Income between $75,000 to $99,999",CEN_HHINC_75000-99999,520
Municipality,MA,Franklin,Montague,2022,5-Year-Estimates,Economic,"Households with Income between $100,000 to $149,999",CEN_HHINC_100000-149999,790
Municipality,MA,Franklin,Montague,2022,5-Year-Estimates,Economic,"Households with Income between $150,000 to $199,999",CEN_HHINC_150000-199999,302
Municipality,MA,Franklin,Montague,2022,5-Year-Estimates,Economic,"Households with Income between $200,000 or more",CEN_HHINC_200000_PLUS,101
Municipality,MA,Franklin,Montague,2022,5-Year-Estimates,Economic,"Households with Income Less than $10,000",CEN_HHINC_0-9999,87
Municipality,MA,Franklin,Montague,2022,5-Year-Estimates,Economic,Households with Retirement Income,CEN_RETINC,845
Municipality,MA,Franklin,Montague,2022,5-Year-Estimates,Economic,Households with Social Security Income,CEN_SOCSECINC,"1,374.00"
Municipality,MA,Franklin,Montague,2022,5-Year-Estimates,Economic,Income Under 200% of Poverty Line,CENPOV200,0.27
Municipality,MA,Franklin,Montague,2022,5-Year-Estimates,Economic,Median Family Income,CEN_MEDFAMINC,"135,625.00"
Municipality,MA,Franklin,Montague,2022,5-Year-Estimates,Economic,Median Household Income,CEN_MEDHHINC,"70,208.00"
Municipality,MA,Franklin,Montague,2022,5-Year-Estimates,Economic,Per Capita Income,CEN_PERCAPINC,"35,941.00"
Municipality,MA,Franklin,Montague,2022,5-Year-Estimates,Economic,Percent of Employed Population in Poverty - Female,EMP_FEMALE_POV_PERC,0.12
Municipality,MA,Franklin,Montague,2022,5-Year-Estimates,Economic,Percent of Employed Population in Poverty - Male,EMP_MALE_POV_PERC,0.06
Municipality,MA,Franklin,Montague,2022,5-Year-Estimates,Economic,Percent of Families in Poverty,CEN_FAM_POV,0.07
Municipality,MA,Franklin,Montague,2022,5-Year-Estimates,Economic,Percent of Unemployed Population in Poverty - Female,UNEMP_FEMALE_POV_PERC,0.3
Municipality,MA,Franklin,Montague,2022,5-Year-Estimates,Economic,Percent of Unemployed Population in Poverty - Male,UNEMP_MALE_POV_PERC,0
Municipality,MA,Franklin,Montague,2022,5-Year-Estimates,Economic,Population Living below Poverty,CEN_POOR,219
Municipality,MA,Franklin,Montague,2022,5-Year-Estimates,Economic,Poverty Rate,CEN_POVRATE,0.05
Municipality,MA,Franklin,Montague,2022,5-Year-Estimates,Economic,Poverty Rate of Foreign Born,CEN_POV_FOR_BORN,0
Municipality,MA,Franklin,Montague,2022,5-Year-Estimates,Economic,Poverty Rate of Foreign Born Naturalized Citizens,CEN_POV_FOR_BORN_NAT,0
Municipality,MA,Franklin,Montague,2022,5-Year-Estimates,Economic,Poverty Rate of Foreign Born Non-Citizens,CEN_POV_FOR_BORN_NON_CIT,0
Municipality,MA,Franklin,Montague,2022,5-Year-Estimates,Economic,Poverty Status Determined Population,CEN_POVTOTALPOP,"8,419.00"
Municipality,MA,Franklin,Montague,2022,5-Year-Estimates,Economic,Self Employment Income-Household,CEN_SELFEMPINC,749
Municipality,MA,Franklin,Montague,2022,5-Year-Estimates,Economic,Total population counted for unemployment by sex - Female,UNEMP_FEMALE,172
Municipality,MA,Franklin,Montague,2022,5-Year-Estimates,Economic,Total population counted for unemployment by sex - Male,UNEMP_MALE,238
Municipality,MA,Franklin,Montague,2022,5-Year-Estimates,Economic,Unemployment by sex and below the poverty line - Female,UNEMP_FEMALE_POV,26
Municipality,MA,Franklin,Montague,2022,5-Year-Estimates,Economic,Unemployment by sex and below the poverty line - Male,UNEMP_MALE_POV,0
Municipality,MA,Franklin,New Salem,2022,5-Year-Estimates,Demographics,Population Total,CEN_POP,"1,074.00"
Municipality,MA,Franklin,New Salem,2022,5-Year-Estimates,Demographics,White Population,CEN_WHITE,849
Municipality,MA,Franklin,New Salem,2022,5-Year-Estimates,Demographics,Hispanic or Latino Population (of any race),CEN_HISPANIC,19
Municipality,MA,Franklin,New Salem,2022,5-Year-Estimates,Demographics,Black Population,CEN_BLACK,0
Municipality,MA,Franklin,New Salem,2022,5-Year-Estimates,Demographics,Other Races Population,CEN_OTHRACE,91
Municipality,MA,Franklin,New Salem,2022,5-Year-Estimates,Demographics,Asian Population,CEN_ASIAN,10
Municipality,MA,Franklin,New Salem,2022,5-Year-Estimates,Demographics,Age-3 to 4 Years Old,3_4_YEARS,15
Municipality,MA,Franklin,New Salem,2022,5-Year-Estimates,Demographics,Age-5 Years Old,5_YEARS,3
Municipality,MA,Franklin,New Salem,2022,5-Year-Estimates,Demographics,Age-6 to 8 Years Old,6_8_YEARS,17
Municipality,MA,Franklin,New Salem,2022,5-Year-Estimates,Demographics,Age-9 to 11 Years Old,9_11_YEARS,24
Municipality,MA,Franklin,New Salem,2022,5-Year-Estimates,Demographics,Age-12 to 14 Years Old,12_14_YEARS,15
Municipality,MA,Franklin,New Salem,2022,5-Year-Estimates,Demographics,Age-15 to 17 Years Old,15_17_YEARS,70
Municipality,MA,Franklin,New Salem,2022,5-Year-Estimates,Demographics,Age-18 to 19 Years Old,18_19_YEARS,33
Municipality,MA,Franklin,New Salem,2022,5-Year-Estimates,Demographics,Age-20 to 24 Years Old,20_24_YEARS,33
Municipality,MA,Franklin,New Salem,2022,5-Year-Estimates,Demographics,Age-25 to 29 Years Old,25_29_YEARS,24
Municipality,MA,Franklin,New Salem,2022,5-Year-Estimates,Demographics,Age-30 to 34 Years Old,30_34_YEARS,44
Municipality,MA,Franklin,New Salem,2022,5-Year-Estimates,Demographics,Age-35 to 39 Years Old,35_39_YEARS,68
Municipality,MA,Franklin,New Salem,2022,5-Year-Estimates,Demographics,Age-40 to 44 Years Old,40_44_YEARS,20
Municipality,MA,Franklin,New Salem,2022,5-Year-Estimates,Demographics,Age-45 to 49 Years Old,45_49_YEARS,53
Municipality,MA,Franklin,New Salem,2022,5-Year-Estimates,Demographics,Age-50 to 54 Years Old,50_54_YEARS,57
Municipality,MA,Franklin,New Salem,2022,5-Year-Estimates,Demographics,Age-55 to 59 Years Old,55_59_YEARS,212
Municipality,MA,Franklin,New Salem,2022,5-Year-Estimates,Demographics,Age-60 to 64 Years Old,60_64_YEARS,179
Municipality,MA,Franklin,New Salem,2022,5-Year-Estimates,Demographics,Age-65 to 69 Years Old,65_69_YEARS,53
Municipality,MA,Franklin,New Salem,2022,5-Year-Estimates,Demographics,Age-70 to 74 Years Old,70_74_YEARS,61
Municipality,MA,Franklin,New Salem,2022,5-Year-Estimates,Demographics,Age-75 to 79 Years Old,75_79_YEARS,27
Municipality,MA,Franklin,New Salem,2022,5-Year-Estimates,Demographics,Age-80 to 84 Years Old,80_84_YEARS,28
Municipality,MA,Franklin,New Salem,2022,5-Year-Estimates,Demographics,Age-85 & older,85+_YEARS,35
Municipality,MA,Franklin,New Salem,2022,5-Year-Estimates,Demographics,Age-Under 3 Years Old,UNDER_3_YEARS,3
Municipality,MA,Franklin,New Salem,2022,5-Year-Estimates,Demographics,Households-Married Couples,CEN_MARRHOU,287
Municipality,MA,Franklin,New Salem,2022,5-Year-Estimates,Demographics,Households-Single Parent,CEN_SINGPARHOU,17
Municipality,MA,Franklin,New Salem,2022,5-Year-Estimates,Demographics,Households-Total,CEN_HOUSEHOLDS,453
Municipality,MA,Franklin,New Salem,2022,5-Year-Estimates,Demographics,Net Domestic Migration,CEN_NET_DOM_MIGR,0
Municipality,MA,Franklin,New Salem,2022,5-Year-Estimates,Demographics,Percent Elderly with Car Access,CAR_AGE_HOUSEHOLDER,1
Municipality,MA,Franklin,New Salem,2022,5-Year-Estimates,Demographics,Percent Grandparents Who Are Primary Caregiver,GRAND_CAREGIVER,1
Municipality,MA,Franklin,New Salem,2022,5-Year-Estimates,Demographics,Percent of Elderly Below Poverty Line,ELDERLY_POV,0.08
Municipality,MA,Franklin,New Salem,2022,5-Year-Estimates,Demographics,Percent of Elderly who Live Alone,ELDERLY_LIVEALONE,0.23
Municipality,MA,Franklin,New Salem,2022,5-Year-Estimates,Demographics,Percent of Population Who are Not White,MINORITY_PERCENT,0.21
Municipality,MA,Franklin,New Salem,2022,5-Year-Estimates,Demographics,Population 5+,CEN_POP_O4,"1,056.00"
Municipality,MA,Franklin,New Salem,2022,5-Year-Estimates,Demographics,Population 25+,CEN_POP_O24,861
Municipality,MA,Franklin,New Salem,2022,5-Year-Estimates,Demographics,Population 65+,CEN_POP_O64,204
Municipality,MA,Franklin,New Salem,2022,5-Year-Estimates,Demographics,Population Living in Rural Areas,CEN_RURALPOP,0
Municipality,MA,Franklin,New Salem,2022,5-Year-Estimates,Demographics,Population living in the same county as five years ago,CEN_SAMECOUNTY,0
Municipality,MA,Franklin,New Salem,2022,5-Year-Estimates,Demographics,Population living in the same house as five years ago,CEN_SAMEHOUSE,0
Municipality,MA,Franklin,New Salem,2022,5-Year-Estimates,Demographics,Population Living in Urban Areas,CEN_URBANPOP,0
Municipality,MA,Franklin,New Salem,2022,5-Year-Estimates,Demographics,Population Under 18,CEN_POP_U18,147
Municipality,MA,Franklin,New Salem,2022,5-Year-Estimates,Demographics,Population-Foreign Born,CEN_FORBORN,29
Municipality,MA,Franklin,New Salem,2022,5-Year-Estimates,Demographics,Single Parent Families,CEN_SINGPAR_CHILD,0
Municipality,MA,Franklin,New Salem,2022,5-Year-Estimates,Demographics,Speak an Asian Language at Home,CEN_ASIANLANG,10
Municipality,MA,Franklin,New Salem,2022,5-Year-Estimates,Demographics,Speak Only English at Home,CEN_ENGLISH,"1,020.00"
Municipality,MA,Franklin,New Salem,2022,5-Year-Estimates,Demographics,Speak Other Language at Home,CEN_OTHLANG,0
Municipality,MA,Franklin,New Salem,2022,5-Year-Estimates,Demographics,Speak Spanish at Home,CEN_SPANISH,17
Municipality,MA,Franklin,New Salem,2022,5-Year-Estimates,Demographics,"Two or More Races, Not Hispanic or Latino",CEN_TWO_MORE_NOT_HISP,121
Municipality,MA,Franklin,New Salem,2022,5-Year-Estimates,Economic,"% Households with Income between $10,000 to $14,999",CEN_PERC_HHINC_10000-14999,0.04
Municipality,MA,Franklin,New Salem,2022,5-Year-Estimates,Economic,"% Households with Income between $15,000 to $24,999",CEN_PERC_HHINC_15000-24999,0.11
Municipality,MA,Franklin,New Salem,2022,5-Year-Estimates,Economic,"%  Households with Income between $25,000 to $34,999",CEN_PERC_HHINC_25000-34999,0.06
Municipality,MA,Franklin,New Salem,2022,5-Year-Estimates,Economic,"%  Households with Income between $35,000 to $49,999",CEN_PERC_HHINC_35000-49999,0.07
Municipality,MA,Franklin,New Salem,2022,5-Year-Estimates,Economic,"% of  Households with Income between $50,000 to $74,999",CEN_PERC_HHINC_50000-74999,0.17
Municipality,MA,Franklin,New Salem,2022,5-Year-Estimates,Economic,"% of  Households with Income between $75,000 to $99,999",CEN_PERC_HHINC_75000-99999,0.21
Municipality,MA,Franklin,New Salem,2022,5-Year-Estimates,Economic,"% of  Households with Income between $100,000 to $149,999",CEN_PERC_HHINC_100000-149999,0.14
Municipality,MA,Franklin,New Salem,2022,5-Year-Estimates,Economic,"%  of Households with Income between $150,000 to $199,999",CEN_PERC_HHINC_150000-199999,0.1
Municipality,MA,Franklin,New Salem,2022,5-Year-Estimates,Economic,"% of  Households with Income between $200,000 or more",CEN_PERC_HHINC_200000_PLUS,0.1
Municipality,MA,Franklin,New Salem,2022,5-Year-Estimates,Economic,"% of Households with Income Less than $10,000",CEN_PERC_HHINC_0-9999,0.02
Municipality,MA,Franklin,New Salem,2022,5-Year-Estimates,Economic,Child Poverty Rate,CEN_CHILD_POV,0.31
Municipality,MA,Franklin,New Salem,2022,5-Year-Estimates,Economic,Employment by sex - Female Total,EMP_FEMALE,560
Municipality,MA,Franklin,New Salem,2022,5-Year-Estimates,Economic,Employment by sex - Male Total,EMP_MALE,708
Municipality,MA,Franklin,New Salem,2022,5-Year-Estimates,Economic,Employment by sex and below the poverty line - Total,UNEMP_TOT_POV,6
Municipality,MA,Franklin,New Salem,2022,5-Year-Estimates,Economic,Employment by sex and below the poverty line - Total Percentage,UNEMP_TOT_POV_PERC,0.43
Municipality,MA,Franklin,New Salem,2022,5-Year-Estimates,Economic,Employment by sex and in poverty - Female,EMP_FEMALE_POV,52
Municipality,MA,Franklin,New Salem,2022,5-Year-Estimates,Economic,Employment by sex and in poverty - Male,EMP_MALE_POV,14
Municipality,MA,Franklin,New Salem,2022,5-Year-Estimates,Economic,Employment by sex and in poverty - Total,EMP_TOT_POV,66
Municipality,MA,Franklin,New Salem,2022,5-Year-Estimates,Economic,Employment by sex and in poverty - Total Percentage,EMP_TOT_POV_PERC,0.1
Municipality,MA,Franklin,New Salem,2022,5-Year-Estimates,Economic,Family Economic Self Sufficiency,CEN_FAMECON_SELF,0
Municipality,MA,Franklin,New Salem,2022,5-Year-Estimates,Economic,Gini Coefficient (Income Inequality),CEN_INCOME_INEQ,0.4
Municipality,MA,Franklin,New Salem,2022,5-Year-Estimates,Economic,"Households with Income between $10,000 to $14,999",CEN_HHINC_10000-14999,17
Municipality,MA,Franklin,New Salem,2022,5-Year-Estimates,Economic,"Households with Income between $15,000 to $24,999",CEN_HHINC_15000-24999,50
Municipality,MA,Franklin,New Salem,2022,5-Year-Estimates,Economic,"Households with Income between $25,000 to $34,999",CEN_HHINC_25000-34999,28
Municipality,MA,Franklin,New Salem,2022,5-Year-Estimates,Economic,"Households with Income between $35,000 to $49,999",CEN_HHINC_35000-49999,32
Municipality,MA,Franklin,New Salem,2022,5-Year-Estimates,Economic,"Households with Income between $50,000 to $74,999",CEN_HHINC_50000-74999,75
Municipality,MA,Franklin,New Salem,2022,5-Year-Estimates,Economic,"Households with Income between $75,000 to $99,999",CEN_HHINC_75000-99999,96
Municipality,MA,Franklin,New Salem,2022,5-Year-Estimates,Economic,"Households with Income between $100,000 to $149,999",CEN_HHINC_100000-149999,61
Municipality,MA,Franklin,New Salem,2022,5-Year-Estimates,Economic,"Households with Income between $150,000 to $199,999",CEN_HHINC_150000-199999,43
Municipality,MA,Franklin,New Salem,2022,5-Year-Estimates,Economic,"Households with Income between $200,000 or more",CEN_HHINC_200000_PLUS,44
Municipality,MA,Franklin,New Salem,2022,5-Year-Estimates,Economic,"Households with Income Less than $10,000",CEN_HHINC_0-9999,7
Municipality,MA,Franklin,New Salem,2022,5-Year-Estimates,Economic,Households with Retirement Income,CEN_RETINC,121
Municipality,MA,Franklin,New Salem,2022,5-Year-Estimates,Economic,Households with Social Security Income,CEN_SOCSECINC,165
Municipality,MA,Franklin,New Salem,2022,5-Year-Estimates,Economic,Income Under 200% of Poverty Line,CENPOV200,0.21
Municipality,MA,Franklin,New Salem,2022,5-Year-Estimates,Economic,Median Family Income,CEN_MEDFAMINC,"110,313.00"
Municipality,MA,Franklin,New Salem,2022,5-Year-Estimates,Economic,Median Household Income,CEN_MEDHHINC,"75,951.00"
Municipality,MA,Franklin,New Salem,2022,5-Year-Estimates,Economic,Per Capita Income,CEN_PERCAPINC,"38,787.00"
Municipality,MA,Franklin,New Salem,2022,5-Year-Estimates,Economic,Percent of Employed Population in Poverty - Female,EMP_FEMALE_POV_PERC,0.19
Municipality,MA,Franklin,New Salem,2022,5-Year-Estimates,Economic,Percent of Employed Population in Poverty - Male,EMP_MALE_POV_PERC,0.04
Municipality,MA,Franklin,New Salem,2022,5-Year-Estimates,Economic,Percent of Families in Poverty,CEN_FAM_POV,0.1
Municipality,MA,Franklin,New Salem,2022,5-Year-Estimates,Economic,Percent of Unemployed Population in Poverty - Female,UNEMP_FEMALE_POV_PERC,0
Municipality,MA,Franklin,New Salem,2022,5-Year-Estimates,Economic,Percent of Unemployed Population in Poverty - Male,UNEMP_MALE_POV_PERC,1.2
Municipality,MA,Franklin,New Salem,2022,5-Year-Estimates,Economic,Population Living below Poverty,CEN_POOR,36
Municipality,MA,Franklin,New Salem,2022,5-Year-Estimates,Economic,Poverty Rate,CEN_POVRATE,0.06
Municipality,MA,Franklin,New Salem,2022,5-Year-Estimates,Economic,Poverty Rate of Foreign Born,CEN_POV_FOR_BORN,0
Municipality,MA,Franklin,New Salem,2022,5-Year-Estimates,Economic,Poverty Rate of Foreign Born Naturalized Citizens,CEN_POV_FOR_BORN_NAT,0
Municipality,MA,Franklin,New Salem,2022,5-Year-Estimates,Economic,Poverty Rate of Foreign Born Non-Citizens,CEN_POV_FOR_BORN_NON_CIT,0
Municipality,MA,Franklin,New Salem,2022,5-Year-Estimates,Economic,Poverty Status Determined Population,CEN_POVTOTALPOP,"1,074.00"
Municipality,MA,Franklin,New Salem,2022,5-Year-Estimates,Economic,Self Employment Income-Household,CEN_SELFEMPINC,128
Municipality,MA,Franklin,New Salem,2022,5-Year-Estimates,Economic,Total population counted for unemployment by sex - Female,UNEMP_FEMALE,18
Municipality,MA,Franklin,New Salem,2022,5-Year-Estimates,Economic,Total population counted for unemployment by sex - Male,UNEMP_MALE,10
Municipality,MA,Franklin,New Salem,2022,5-Year-Estimates,Economic,Unemployment by sex and below the poverty line - Female,UNEMP_FEMALE_POV,0
Municipality,MA,Franklin,New Salem,2022,5-Year-Estimates,Economic,Unemployment by sex and below the poverty line - Male,UNEMP_MALE_POV,6
Municipality,MA,Franklin,Northfield,2022,5-Year-Estimates,Demographics,Population Total,CEN_POP,"2,871.00"
Municipality,MA,Franklin,Northfield,2022,5-Year-Estimates,Demographics,White Population,CEN_WHITE,"2,628.00"
Municipality,MA,Franklin,Northfield,2022,5-Year-Estimates,Demographics,Hispanic or Latino Population (of any race),CEN_HISPANIC,171
Municipality,MA,Franklin,Northfield,2022,5-Year-Estimates,Demographics,Black Population,CEN_BLACK,6
Municipality,MA,Franklin,Northfield,2022,5-Year-Estimates,Demographics,Other Races Population,CEN_OTHRACE,118
Municipality,MA,Franklin,Northfield,2022,5-Year-Estimates,Demographics,Asian Population,CEN_ASIAN,2
Municipality,MA,Franklin,Northfield,2022,5-Year-Estimates,Demographics,Age-3 to 4 Years Old,3_4_YEARS,50
Municipality,MA,Franklin,Northfield,2022,5-Year-Estimates,Demographics,Age-5 Years Old,5_YEARS,14
Municipality,MA,Franklin,Northfield,2022,5-Year-Estimates,Demographics,Age-6 to 8 Years Old,6_8_YEARS,62
Municipality,MA,Franklin,Northfield,2022,5-Year-Estimates,Demographics,Age-9 to 11 Years Old,9_11_YEARS,50
Municipality,MA,Franklin,Northfield,2022,5-Year-Estimates,Demographics,Age-12 to 14 Years Old,12_14_YEARS,127
Municipality,MA,Franklin,Northfield,2022,5-Year-Estimates,Demographics,Age-15 to 17 Years Old,15_17_YEARS,176
Municipality,MA,Franklin,Northfield,2022,5-Year-Estimates,Demographics,Age-18 to 19 Years Old,18_19_YEARS,83
Municipality,MA,Franklin,Northfield,2022,5-Year-Estimates,Demographics,Age-20 to 24 Years Old,20_24_YEARS,134
Municipality,MA,Franklin,Northfield,2022,5-Year-Estimates,Demographics,Age-25 to 29 Years Old,25_29_YEARS,157
Municipality,MA,Franklin,Northfield,2022,5-Year-Estimates,Demographics,Age-30 to 34 Years Old,30_34_YEARS,99
Municipality,MA,Franklin,Northfield,2022,5-Year-Estimates,Demographics,Age-35 to 39 Years Old,35_39_YEARS,137
Municipality,MA,Franklin,Northfield,2022,5-Year-Estimates,Demographics,Age-40 to 44 Years Old,40_44_YEARS,227
Municipality,MA,Franklin,Northfield,2022,5-Year-Estimates,Demographics,Age-45 to 49 Years Old,45_49_YEARS,208
Municipality,MA,Franklin,Northfield,2022,5-Year-Estimates,Demographics,Age-50 to 54 Years Old,50_54_YEARS,190
Municipality,MA,Franklin,Northfield,2022,5-Year-Estimates,Demographics,Age-55 to 59 Years Old,55_59_YEARS,237
Municipality,MA,Franklin,Northfield,2022,5-Year-Estimates,Demographics,Age-60 to 64 Years Old,60_64_YEARS,259
Municipality,MA,Franklin,Northfield,2022,5-Year-Estimates,Demographics,Age-65 to 69 Years Old,65_69_YEARS,178
Municipality,MA,Franklin,Northfield,2022,5-Year-Estimates,Demographics,Age-70 to 74 Years Old,70_74_YEARS,197
Municipality,MA,Franklin,Northfield,2022,5-Year-Estimates,Demographics,Age-75 to 79 Years Old,75_79_YEARS,97
Municipality,MA,Franklin,Northfield,2022,5-Year-Estimates,Demographics,Age-80 to 84 Years Old,80_84_YEARS,42
Municipality,MA,Franklin,Northfield,2022,5-Year-Estimates,Demographics,Age-85 & older,85+_YEARS,130
Municipality,MA,Franklin,Northfield,2022,5-Year-Estimates,Demographics,Age-Under 3 Years Old,UNDER_3_YEARS,9
Municipality,MA,Franklin,Northfield,2022,5-Year-Estimates,Demographics,Households-Married Couples,CEN_MARRHOU,643
Municipality,MA,Franklin,Northfield,2022,5-Year-Estimates,Demographics,Households-Single Parent,CEN_SINGPARHOU,121
Municipality,MA,Franklin,Northfield,2022,5-Year-Estimates,Demographics,Households-Total,CEN_HOUSEHOLDS,"1,225.00"
Municipality,MA,Franklin,Northfield,2022,5-Year-Estimates,Demographics,Net Domestic Migration,CEN_NET_DOM_MIGR,0
Municipality,MA,Franklin,Northfield,2022,5-Year-Estimates,Demographics,Percent Elderly with Car Access,CAR_AGE_HOUSEHOLDER,0.92
Municipality,MA,Franklin,Northfield,2022,5-Year-Estimates,Demographics,Percent Grandparents Who Are Primary Caregiver,GRAND_CAREGIVER,0
Municipality,MA,Franklin,Northfield,2022,5-Year-Estimates,Demographics,Percent of Elderly Below Poverty Line,ELDERLY_POV,0.04
Municipality,MA,Franklin,Northfield,2022,5-Year-Estimates,Demographics,Percent of Elderly who Live Alone,ELDERLY_LIVEALONE,0.19
Municipality,MA,Franklin,Northfield,2022,5-Year-Estimates,Demographics,Percent of Population Who are Not White,MINORITY_PERCENT,0.08
Municipality,MA,Franklin,Northfield,2022,5-Year-Estimates,Demographics,Population 5+,CEN_POP_O4,"2,804.00"
Municipality,MA,Franklin,Northfield,2022,5-Year-Estimates,Demographics,Population 25+,CEN_POP_O24,"2,158.00"
Municipality,MA,Franklin,Northfield,2022,5-Year-Estimates,Demographics,Population 65+,CEN_POP_O64,644
Municipality,MA,Franklin,Northfield,2022,5-Year-Estimates,Demographics,Population Living in Rural Areas,CEN_RURALPOP,0
Municipality,MA,Franklin,Northfield,2022,5-Year-Estimates,Demographics,Population living in the same county as five years ago,CEN_SAMECOUNTY,0
Municipality,MA,Franklin,Northfield,2022,5-Year-Estimates,Demographics,Population living in the same house as five years ago,CEN_SAMEHOUSE,0
Municipality,MA,Franklin,Northfield,2022,5-Year-Estimates,Demographics,Population Living in Urban Areas,CEN_URBANPOP,0
Municipality,MA,Franklin,Northfield,2022,5-Year-Estimates,Demographics,Population Under 18,CEN_POP_U18,488
Municipality,MA,Franklin,Northfield,2022,5-Year-Estimates,Demographics,Population-Foreign Born,CEN_FORBORN,130
Municipality,MA,Franklin,Northfield,2022,5-Year-Estimates,Demographics,Single Parent Families,CEN_SINGPAR_CHILD,0
Municipality,MA,Franklin,Northfield,2022,5-Year-Estimates,Demographics,Speak an Asian Language at Home,CEN_ASIANLANG,2
Municipality,MA,Franklin,Northfield,2022,5-Year-Estimates,Demographics,Speak Only English at Home,CEN_ENGLISH,"2,638.00"
Municipality,MA,Franklin,Northfield,2022,5-Year-Estimates,Demographics,Speak Other Language at Home,CEN_OTHLANG,0
Municipality,MA,Franklin,Northfield,2022,5-Year-Estimates,Demographics,Speak Spanish at Home,CEN_SPANISH,115
Municipality,MA,Franklin,Northfield,2022,5-Year-Estimates,Demographics,"Two or More Races, Not Hispanic or Latino",CEN_TWO_MORE_NOT_HISP,117
Municipality,MA,Franklin,Northfield,2022,5-Year-Estimates,Economic,"% Households with Income between $10,000 to $14,999",CEN_PERC_HHINC_10000-14999,0.02
Municipality,MA,Franklin,Northfield,2022,5-Year-Estimates,Economic,"% Households with Income between $15,000 to $24,999",CEN_PERC_HHINC_15000-24999,0.02
Municipality,MA,Franklin,Northfield,2022,5-Year-Estimates,Economic,"%  Households with Income between $25,000 to $34,999",CEN_PERC_HHINC_25000-34999,0.05
Municipality,MA,Franklin,Northfield,2022,5-Year-Estimates,Economic,"%  Households with Income between $35,000 to $49,999",CEN_PERC_HHINC_35000-49999,0.06
Municipality,MA,Franklin,Northfield,2022,5-Year-Estimates,Economic,"% of  Households with Income between $50,000 to $74,999",CEN_PERC_HHINC_50000-74999,0.15
Municipality,MA,Franklin,Northfield,2022,5-Year-Estimates,Economic,"% of  Households with Income between $75,000 to $99,999",CEN_PERC_HHINC_75000-99999,0.2
Municipality,MA,Franklin,Northfield,2022,5-Year-Estimates,Economic,"% of  Households with Income between $100,000 to $149,999",CEN_PERC_HHINC_100000-149999,0.24
Municipality,MA,Franklin,Northfield,2022,5-Year-Estimates,Economic,"%  of Households with Income between $150,000 to $199,999",CEN_PERC_HHINC_150000-199999,0.12
Municipality,MA,Franklin,Northfield,2022,5-Year-Estimates,Economic,"% of  Households with Income between $200,000 or more",CEN_PERC_HHINC_200000_PLUS,0.09
Municipality,MA,Franklin,Northfield,2022,5-Year-Estimates,Economic,"% of Households with Income Less than $10,000",CEN_PERC_HHINC_0-9999,0.04
Municipality,MA,Franklin,Northfield,2022,5-Year-Estimates,Economic,Child Poverty Rate,CEN_CHILD_POV,0.13
Municipality,MA,Franklin,Northfield,2022,5-Year-Estimates,Economic,Employment by sex - Female Total,EMP_FEMALE,"1,692.00"
Municipality,MA,Franklin,Northfield,2022,5-Year-Estimates,Economic,Employment by sex - Male Total,EMP_MALE,"1,470.00"
Municipality,MA,Franklin,Northfield,2022,5-Year-Estimates,Economic,Employment by sex and below the poverty line - Total,UNEMP_TOT_POV,0
Municipality,MA,Franklin,Northfield,2022,5-Year-Estimates,Economic,Employment by sex and below the poverty line - Total Percentage,UNEMP_TOT_POV_PERC,0
Municipality,MA,Franklin,Northfield,2022,5-Year-Estimates,Economic,Employment by sex and in poverty - Female,EMP_FEMALE_POV,122
Municipality,MA,Franklin,Northfield,2022,5-Year-Estimates,Economic,Employment by sex and in poverty - Male,EMP_MALE_POV,4
Municipality,MA,Franklin,Northfield,2022,5-Year-Estimates,Economic,Employment by sex and in poverty - Total,EMP_TOT_POV,126
Municipality,MA,Franklin,Northfield,2022,5-Year-Estimates,Economic,Employment by sex and in poverty - Total Percentage,EMP_TOT_POV_PERC,0.08
Municipality,MA,Franklin,Northfield,2022,5-Year-Estimates,Economic,Family Economic Self Sufficiency,CEN_FAMECON_SELF,0
Municipality,MA,Franklin,Northfield,2022,5-Year-Estimates,Economic,Gini Coefficient (Income Inequality),CEN_INCOME_INEQ,0.39
Municipality,MA,Franklin,Northfield,2022,5-Year-Estimates,Economic,"Households with Income between $10,000 to $14,999",CEN_HHINC_10000-14999,25
Municipality,MA,Franklin,Northfield,2022,5-Year-Estimates,Economic,"Households with Income between $15,000 to $24,999",CEN_HHINC_15000-24999,27
Municipality,MA,Franklin,Northfield,2022,5-Year-Estimates,Economic,"Households with Income between $25,000 to $34,999",CEN_HHINC_25000-34999,66
Municipality,MA,Franklin,Northfield,2022,5-Year-Estimates,Economic,"Households with Income between $35,000 to $49,999",CEN_HHINC_35000-49999,76
Municipality,MA,Franklin,Northfield,2022,5-Year-Estimates,Economic,"Households with Income between $50,000 to $74,999",CEN_HHINC_50000-74999,185
Municipality,MA,Franklin,Northfield,2022,5-Year-Estimates,Economic,"Households with Income between $75,000 to $99,999",CEN_HHINC_75000-99999,247
Municipality,MA,Franklin,Northfield,2022,5-Year-Estimates,Economic,"Households with Income between $100,000 to $149,999",CEN_HHINC_100000-149999,294
Municipality,MA,Franklin,Northfield,2022,5-Year-Estimates,Economic,"Households with Income between $150,000 to $199,999",CEN_HHINC_150000-199999,151
Municipality,MA,Franklin,Northfield,2022,5-Year-Estimates,Economic,"Households with Income between $200,000 or more",CEN_HHINC_200000_PLUS,104
Municipality,MA,Franklin,Northfield,2022,5-Year-Estimates,Economic,"Households with Income Less than $10,000",CEN_HHINC_0-9999,50
Municipality,MA,Franklin,Northfield,2022,5-Year-Estimates,Economic,Households with Retirement Income,CEN_RETINC,358
Municipality,MA,Franklin,Northfield,2022,5-Year-Estimates,Economic,Households with Social Security Income,CEN_SOCSECINC,438
Municipality,MA,Franklin,Northfield,2022,5-Year-Estimates,Economic,Income Under 200% of Poverty Line,CENPOV200,0.16
Municipality,MA,Franklin,Northfield,2022,5-Year-Estimates,Economic,Median Family Income,CEN_MEDFAMINC,"61,936.00"
Municipality,MA,Franklin,Northfield,2022,5-Year-Estimates,Economic,Median Household Income,CEN_MEDHHINC,"94,775.00"
Municipality,MA,Franklin,Northfield,2022,5-Year-Estimates,Economic,Per Capita Income,CEN_PERCAPINC,"47,383.00"
Municipality,MA,Franklin,Northfield,2022,5-Year-Estimates,Economic,Percent of Employed Population in Poverty - Female,EMP_FEMALE_POV_PERC,0.14
Municipality,MA,Franklin,Northfield,2022,5-Year-Estimates,Economic,Percent of Employed Population in Poverty - Male,EMP_MALE_POV_PERC,0.01
Municipality,MA,Franklin,Northfield,2022,5-Year-Estimates,Economic,Percent of Families in Poverty,CEN_FAM_POV,0.04
Municipality,MA,Franklin,Northfield,2022,5-Year-Estimates,Economic,Percent of Unemployed Population in Poverty - Female,UNEMP_FEMALE_POV_PERC,0
Municipality,MA,Franklin,Northfield,2022,5-Year-Estimates,Economic,Population Living below Poverty,CEN_POOR,63
Municipality,MA,Franklin,Northfield,2022,5-Year-Estimates,Economic,Poverty Rate,CEN_POVRATE,0.04
Municipality,MA,Franklin,Northfield,2022,5-Year-Estimates,Economic,Poverty Rate of Foreign Born,CEN_POV_FOR_BORN,0
Municipality,MA,Franklin,Northfield,2022,5-Year-Estimates,Economic,Poverty Rate of Foreign Born Naturalized Citizens,CEN_POV_FOR_BORN_NAT,0
Municipality,MA,Franklin,Northfield,2022,5-Year-Estimates,Economic,Poverty Rate of Foreign Born Non-Citizens,CEN_POV_FOR_BORN_NON_CIT,0
Municipality,MA,Franklin,Northfield,2022,5-Year-Estimates,Economic,Poverty Status Determined Population,CEN_POVTOTALPOP,"2,853.00"
Municipality,MA,Franklin,Northfield,2022,5-Year-Estimates,Economic,Self Employment Income-Household,CEN_SELFEMPINC,141
Municipality,MA,Franklin,Northfield,2022,5-Year-Estimates,Economic,Total population counted for unemployment by sex - Female,UNEMP_FEMALE,126
Municipality,MA,Franklin,Northfield,2022,5-Year-Estimates,Economic,Total population counted for unemployment by sex - Male,UNEMP_MALE,0
Municipality,MA,Franklin,Northfield,2022,5-Year-Estimates,Economic,Unemployment by sex and below the poverty line - Female,UNEMP_FEMALE_POV,0
Municipality,MA,Franklin,Northfield,2022,5-Year-Estimates,Economic,Unemployment by sex and below the poverty line - Male,UNEMP_MALE_POV,0
Municipality,MA,Franklin,Orange,2022,5-Year-Estimates,Demographics,Population Total,CEN_POP,"7,584.00"
Municipality,MA,Franklin,Orange,2022,5-Year-Estimates,Demographics,White Population,CEN_WHITE,"6,995.00"
Municipality,MA,Franklin,Orange,2022,5-Year-Estimates,Demographics,Hispanic or Latino Population (of any race),CEN_HISPANIC,378
Municipality,MA,Franklin,Orange,2022,5-Year-Estimates,Demographics,Black Population,CEN_BLACK,74
Municipality,MA,Franklin,Orange,2022,5-Year-Estimates,Demographics,Other Races Population,CEN_OTHRACE,12
Municipality,MA,Franklin,Orange,2022,5-Year-Estimates,Demographics,Asian Population,CEN_ASIAN,52
Municipality,MA,Franklin,Orange,2022,5-Year-Estimates,Demographics,Age-3 to 4 Years Old,3_4_YEARS,108
Municipality,MA,Franklin,Orange,2022,5-Year-Estimates,Demographics,Age-5 Years Old,5_YEARS,76
Municipality,MA,Franklin,Orange,2022,5-Year-Estimates,Demographics,Age-6 to 8 Years Old,6_8_YEARS,307
Municipality,MA,Franklin,Orange,2022,5-Year-Estimates,Demographics,Age-9 to 11 Years Old,9_11_YEARS,189
Municipality,MA,Franklin,Orange,2022,5-Year-Estimates,Demographics,Age-12 to 14 Years Old,12_14_YEARS,280
Municipality,MA,Franklin,Orange,2022,5-Year-Estimates,Demographics,Age-15 to 17 Years Old,15_17_YEARS,325
Municipality,MA,Franklin,Orange,2022,5-Year-Estimates,Demographics,Age-18 to 19 Years Old,18_19_YEARS,146
Municipality,MA,Franklin,Orange,2022,5-Year-Estimates,Demographics,Age-20 to 24 Years Old,20_24_YEARS,398
Municipality,MA,Franklin,Orange,2022,5-Year-Estimates,Demographics,Age-25 to 29 Years Old,25_29_YEARS,389
Municipality,MA,Franklin,Orange,2022,5-Year-Estimates,Demographics,Age-30 to 34 Years Old,30_34_YEARS,550
Municipality,MA,Franklin,Orange,2022,5-Year-Estimates,Demographics,Age-35 to 39 Years Old,35_39_YEARS,400
Municipality,MA,Franklin,Orange,2022,5-Year-Estimates,Demographics,Age-40 to 44 Years Old,40_44_YEARS,457
Municipality,MA,Franklin,Orange,2022,5-Year-Estimates,Demographics,Age-45 to 49 Years Old,45_49_YEARS,636
Municipality,MA,Franklin,Orange,2022,5-Year-Estimates,Demographics,Age-50 to 54 Years Old,50_54_YEARS,285
Municipality,MA,Franklin,Orange,2022,5-Year-Estimates,Demographics,Age-55 to 59 Years Old,55_59_YEARS,558
Municipality,MA,Franklin,Orange,2022,5-Year-Estimates,Demographics,Age-60 to 64 Years Old,60_64_YEARS,711
Municipality,MA,Franklin,Orange,2022,5-Year-Estimates,Demographics,Age-65 to 69 Years Old,65_69_YEARS,690
Municipality,MA,Franklin,Orange,2022,5-Year-Estimates,Demographics,Age-70 to 74 Years Old,70_74_YEARS,355
Municipality,MA,Franklin,Orange,2022,5-Year-Estimates,Demographics,Age-75 to 79 Years Old,75_79_YEARS,199
Municipality,MA,Franklin,Orange,2022,5-Year-Estimates,Demographics,Age-80 to 84 Years Old,80_84_YEARS,125
Municipality,MA,Franklin,Orange,2022,5-Year-Estimates,Demographics,Age-85 & older,85+_YEARS,85
Municipality,MA,Franklin,Orange,2022,5-Year-Estimates,Demographics,Age-Under 3 Years Old,UNDER_3_YEARS,309
Municipality,MA,Franklin,Orange,2022,5-Year-Estimates,Demographics,Households-Married Couples,CEN_MARRHOU,"1,338.00"
Municipality,MA,Franklin,Orange,2022,5-Year-Estimates,Demographics,Households-Single Parent,CEN_SINGPARHOU,250
Municipality,MA,Franklin,Orange,2022,5-Year-Estimates,Demographics,Households-Total,CEN_HOUSEHOLDS,"3,006.00"
Municipality,MA,Franklin,Orange,2022,5-Year-Estimates,Demographics,Net Domestic Migration,CEN_NET_DOM_MIGR,0
Municipality,MA,Franklin,Orange,2022,5-Year-Estimates,Demographics,Percent Elderly with Car Access,CAR_AGE_HOUSEHOLDER,0.85
Municipality,MA,Franklin,Orange,2022,5-Year-Estimates,Demographics,Percent Grandparents Who Are Primary Caregiver,GRAND_CAREGIVER,0.42
Municipality,MA,Franklin,Orange,2022,5-Year-Estimates,Demographics,Percent of Elderly Below Poverty Line,ELDERLY_POV,0.08
Municipality,MA,Franklin,Orange,2022,5-Year-Estimates,Demographics,Percent of Elderly who Live Alone,ELDERLY_LIVEALONE,0.41
Municipality,MA,Franklin,Orange,2022,5-Year-Estimates,Demographics,Percent of Population Who are Not White,MINORITY_PERCENT,0.08
Municipality,MA,Franklin,Orange,2022,5-Year-Estimates,Demographics,Population 5+,CEN_POP_O4,"7,161.00"
Municipality,MA,Franklin,Orange,2022,5-Year-Estimates,Demographics,Population 25+,CEN_POP_O24,"5,440.00"
Municipality,MA,Franklin,Orange,2022,5-Year-Estimates,Demographics,Population 65+,CEN_POP_O64,"1,454.00"
Municipality,MA,Franklin,Orange,2022,5-Year-Estimates,Demographics,Population Living in Rural Areas,CEN_RURALPOP,0
Municipality,MA,Franklin,Orange,2022,5-Year-Estimates,Demographics,Population living in the same county as five years ago,CEN_SAMECOUNTY,0
Municipality,MA,Franklin,Orange,2022,5-Year-Estimates,Demographics,Population living in the same house as five years ago,CEN_SAMEHOUSE,0
Municipality,MA,Franklin,Orange,2022,5-Year-Estimates,Demographics,Population Living in Urban Areas,CEN_URBANPOP,0
Municipality,MA,Franklin,Orange,2022,5-Year-Estimates,Demographics,Population Under 18,CEN_POP_U18,"1,594.00"
Municipality,MA,Franklin,Orange,2022,5-Year-Estimates,Demographics,Population-Foreign Born,CEN_FORBORN,321
Municipality,MA,Franklin,Orange,2022,5-Year-Estimates,Demographics,Single Parent Families,CEN_SINGPAR_CHILD,0
Municipality,MA,Franklin,Orange,2022,5-Year-Estimates,Demographics,Speak an Asian Language at Home,CEN_ASIANLANG,31
Municipality,MA,Franklin,Orange,2022,5-Year-Estimates,Demographics,Speak Only English at Home,CEN_ENGLISH,"6,793.00"
Municipality,MA,Franklin,Orange,2022,5-Year-Estimates,Demographics,Speak Other Language at Home,CEN_OTHLANG,13
Municipality,MA,Franklin,Orange,2022,5-Year-Estimates,Demographics,Speak Spanish at Home,CEN_SPANISH,261
Municipality,MA,Franklin,Orange,2022,5-Year-Estimates,Demographics,"Two or More Races, Not Hispanic or Latino",CEN_TWO_MORE_NOT_HISP,440
Municipality,MA,Franklin,Orange,2022,5-Year-Estimates,Economic,"% Households with Income between $10,000 to $14,999",CEN_PERC_HHINC_10000-14999,0.06
Municipality,MA,Franklin,Orange,2022,5-Year-Estimates,Economic,"% Households with Income between $15,000 to $24,999",CEN_PERC_HHINC_15000-24999,0.13
Municipality,MA,Franklin,Orange,2022,5-Year-Estimates,Economic,"%  Households with Income between $25,000 to $34,999",CEN_PERC_HHINC_25000-34999,0.12
Municipality,MA,Franklin,Orange,2022,5-Year-Estimates,Economic,"%  Households with Income between $35,000 to $49,999",CEN_PERC_HHINC_35000-49999,0.07
Municipality,MA,Franklin,Orange,2022,5-Year-Estimates,Economic,"% of  Households with Income between $50,000 to $74,999",CEN_PERC_HHINC_50000-74999,0.19
Municipality,MA,Franklin,Orange,2022,5-Year-Estimates,Economic,"% of  Households with Income between $75,000 to $99,999",CEN_PERC_HHINC_75000-99999,0.13
Municipality,MA,Franklin,Orange,2022,5-Year-Estimates,Economic,"% of  Households with Income between $100,000 to $149,999",CEN_PERC_HHINC_100000-149999,0.17
Municipality,MA,Franklin,Orange,2022,5-Year-Estimates,Economic,"%  of Households with Income between $150,000 to $199,999",CEN_PERC_HHINC_150000-199999,0.04
Municipality,MA,Franklin,Orange,2022,5-Year-Estimates,Economic,"% of  Households with Income between $200,000 or more",CEN_PERC_HHINC_200000_PLUS,0.04
Municipality,MA,Franklin,Orange,2022,5-Year-Estimates,Economic,"% of Households with Income Less than $10,000",CEN_PERC_HHINC_0-9999,0.04
Municipality,MA,Franklin,Orange,2022,5-Year-Estimates,Economic,Child Poverty Rate,CEN_CHILD_POV,0.4
Municipality,MA,Franklin,Orange,2022,5-Year-Estimates,Economic,Employment by sex - Female Total,EMP_FEMALE,"3,202.00"
Municipality,MA,Franklin,Orange,2022,5-Year-Estimates,Economic,Employment by sex - Male Total,EMP_MALE,"3,238.00"
Municipality,MA,Franklin,Orange,2022,5-Year-Estimates,Economic,Employment by sex and below the poverty line - Total,UNEMP_TOT_POV,138
Municipality,MA,Franklin,Orange,2022,5-Year-Estimates,Economic,Employment by sex and below the poverty line - Total Percentage,UNEMP_TOT_POV_PERC,0.44
Municipality,MA,Franklin,Orange,2022,5-Year-Estimates,Economic,Employment by sex and in poverty - Female,EMP_FEMALE_POV,332
Municipality,MA,Franklin,Orange,2022,5-Year-Estimates,Economic,Employment by sex and in poverty - Male,EMP_MALE_POV,244
Municipality,MA,Franklin,Orange,2022,5-Year-Estimates,Economic,Employment by sex and in poverty - Total,EMP_TOT_POV,576
Municipality,MA,Franklin,Orange,2022,5-Year-Estimates,Economic,Employment by sex and in poverty - Total Percentage,EMP_TOT_POV_PERC,0.18
Municipality,MA,Franklin,Orange,2022,5-Year-Estimates,Economic,Family Economic Self Sufficiency,CEN_FAMECON_SELF,0
Municipality,MA,Franklin,Orange,2022,5-Year-Estimates,Economic,Gini Coefficient (Income Inequality),CEN_INCOME_INEQ,0.42
Municipality,MA,Franklin,Orange,2022,5-Year-Estimates,Economic,"Households with Income between $10,000 to $14,999",CEN_HHINC_10000-14999,169
Municipality,MA,Franklin,Orange,2022,5-Year-Estimates,Economic,"Households with Income between $15,000 to $24,999",CEN_HHINC_15000-24999,402
Municipality,MA,Franklin,Orange,2022,5-Year-Estimates,Economic,"Households with Income between $25,000 to $34,999",CEN_HHINC_25000-34999,355
Municipality,MA,Franklin,Orange,2022,5-Year-Estimates,Economic,"Households with Income between $35,000 to $49,999",CEN_HHINC_35000-49999,203
Municipality,MA,Franklin,Orange,2022,5-Year-Estimates,Economic,"Households with Income between $50,000 to $74,999",CEN_HHINC_50000-74999,577
Municipality,MA,Franklin,Orange,2022,5-Year-Estimates,Economic,"Households with Income between $75,000 to $99,999",CEN_HHINC_75000-99999,389
Municipality,MA,Franklin,Orange,2022,5-Year-Estimates,Economic,"Households with Income between $100,000 to $149,999",CEN_HHINC_100000-149999,516
Municipality,MA,Franklin,Orange,2022,5-Year-Estimates,Economic,"Households with Income between $150,000 to $199,999",CEN_HHINC_150000-199999,133
Municipality,MA,Franklin,Orange,2022,5-Year-Estimates,Economic,"Households with Income between $200,000 or more",CEN_HHINC_200000_PLUS,130
Municipality,MA,Franklin,Orange,2022,5-Year-Estimates,Economic,"Households with Income Less than $10,000",CEN_HHINC_0-9999,132
Municipality,MA,Franklin,Orange,2022,5-Year-Estimates,Economic,Households with Retirement Income,CEN_RETINC,777
Municipality,MA,Franklin,Orange,2022,5-Year-Estimates,Economic,Households with Social Security Income,CEN_SOCSECINC,"1,378.00"
Municipality,MA,Franklin,Orange,2022,5-Year-Estimates,Economic,Income Under 200% of Poverty Line,CENPOV200,0.4
Municipality,MA,Franklin,Orange,2022,5-Year-Estimates,Economic,Median Family Income,CEN_MEDFAMINC,"128,542.00"
Municipality,MA,Franklin,Orange,2022,5-Year-Estimates,Economic,Median Household Income,CEN_MEDHHINC,"56,000.00"
Municipality,MA,Franklin,Orange,2022,5-Year-Estimates,Economic,Per Capita Income,CEN_PERCAPINC,"29,640.00"
Municipality,MA,Franklin,Orange,2022,5-Year-Estimates,Economic,Percent of Employed Population in Poverty - Female,EMP_FEMALE_POV_PERC,0.21
Municipality,MA,Franklin,Orange,2022,5-Year-Estimates,Economic,Percent of Employed Population in Poverty - Male,EMP_MALE_POV_PERC,0.15
Municipality,MA,Franklin,Orange,2022,5-Year-Estimates,Economic,Percent of Families in Poverty,CEN_FAM_POV,0.14
Municipality,MA,Franklin,Orange,2022,5-Year-Estimates,Economic,Percent of Unemployed Population in Poverty - Female,UNEMP_FEMALE_POV_PERC,0.6
Municipality,MA,Franklin,Orange,2022,5-Year-Estimates,Economic,Percent of Unemployed Population in Poverty - Male,UNEMP_MALE_POV_PERC,0.17
Municipality,MA,Franklin,Orange,2022,5-Year-Estimates,Economic,Population Living below Poverty,CEN_POOR,357
Municipality,MA,Franklin,Orange,2022,5-Year-Estimates,Economic,Poverty Rate,CEN_POVRATE,0.1
Municipality,MA,Franklin,Orange,2022,5-Year-Estimates,Economic,Poverty Rate of Foreign Born,CEN_POV_FOR_BORN,0
Municipality,MA,Franklin,Orange,2022,5-Year-Estimates,Economic,Poverty Rate of Foreign Born Naturalized Citizens,CEN_POV_FOR_BORN_NAT,0
Municipality,MA,Franklin,Orange,2022,5-Year-Estimates,Economic,Poverty Rate of Foreign Born Non-Citizens,CEN_POV_FOR_BORN_NON_CIT,0
Municipality,MA,Franklin,Orange,2022,5-Year-Estimates,Economic,Poverty Status Determined Population,CEN_POVTOTALPOP,"7,529.00"
Municipality,MA,Franklin,Orange,2022,5-Year-Estimates,Economic,Self Employment Income-Household,CEN_SELFEMPINC,321
Municipality,MA,Franklin,Orange,2022,5-Year-Estimates,Economic,Total population counted for unemployment by sex - Female,UNEMP_FEMALE,394
Municipality,MA,Franklin,Orange,2022,5-Year-Estimates,Economic,Total population counted for unemployment by sex - Male,UNEMP_MALE,236
Municipality,MA,Franklin,Orange,2022,5-Year-Estimates,Economic,Unemployment by sex and below the poverty line - Female,UNEMP_FEMALE_POV,118
Municipality,MA,Franklin,Orange,2022,5-Year-Estimates,Economic,Unemployment by sex and below the poverty line - Male,UNEMP_MALE_POV,20
Municipality,MA,Franklin,Rowe,2022,5-Year-Estimates,Demographics,Population Total,CEN_POP,447
Municipality,MA,Franklin,Rowe,2022,5-Year-Estimates,Demographics,White Population,CEN_WHITE,386
Municipality,MA,Franklin,Rowe,2022,5-Year-Estimates,Demographics,Hispanic or Latino Population (of any race),CEN_HISPANIC,11
Municipality,MA,Franklin,Rowe,2022,5-Year-Estimates,Demographics,Black Population,CEN_BLACK,5
Municipality,MA,Franklin,Rowe,2022,5-Year-Estimates,Demographics,Other Races Population,CEN_OTHRACE,15
Municipality,MA,Franklin,Rowe,2022,5-Year-Estimates,Demographics,Asian Population,CEN_ASIAN,2
Municipality,MA,Franklin,Rowe,2022,5-Year-Estimates,Demographics,Age-3 to 4 Years Old,3_4_YEARS,8
Municipality,MA,Franklin,Rowe,2022,5-Year-Estimates,Demographics,Age-5 Years Old,5_YEARS,0
Municipality,MA,Franklin,Rowe,2022,5-Year-Estimates,Demographics,Age-6 to 8 Years Old,6_8_YEARS,22
Municipality,MA,Franklin,Rowe,2022,5-Year-Estimates,Demographics,Age-9 to 11 Years Old,9_11_YEARS,19
Municipality,MA,Franklin,Rowe,2022,5-Year-Estimates,Demographics,Age-12 to 14 Years Old,12_14_YEARS,27
Municipality,MA,Franklin,Rowe,2022,5-Year-Estimates,Demographics,Age-15 to 17 Years Old,15_17_YEARS,14
Municipality,MA,Franklin,Rowe,2022,5-Year-Estimates,Demographics,Age-18 to 19 Years Old,18_19_YEARS,10
Municipality,MA,Franklin,Rowe,2022,5-Year-Estimates,Demographics,Age-20 to 24 Years Old,20_24_YEARS,14
Municipality,MA,Franklin,Rowe,2022,5-Year-Estimates,Demographics,Age-25 to 29 Years Old,25_29_YEARS,17
Municipality,MA,Franklin,Rowe,2022,5-Year-Estimates,Demographics,Age-30 to 34 Years Old,30_34_YEARS,21
Municipality,MA,Franklin,Rowe,2022,5-Year-Estimates,Demographics,Age-35 to 39 Years Old,35_39_YEARS,34
Municipality,MA,Franklin,Rowe,2022,5-Year-Estimates,Demographics,Age-40 to 44 Years Old,40_44_YEARS,21
Municipality,MA,Franklin,Rowe,2022,5-Year-Estimates,Demographics,Age-45 to 49 Years Old,45_49_YEARS,16
Municipality,MA,Franklin,Rowe,2022,5-Year-Estimates,Demographics,Age-50 to 54 Years Old,50_54_YEARS,30
Municipality,MA,Franklin,Rowe,2022,5-Year-Estimates,Demographics,Age-55 to 59 Years Old,55_59_YEARS,29
Municipality,MA,Franklin,Rowe,2022,5-Year-Estimates,Demographics,Age-60 to 64 Years Old,60_64_YEARS,31
Municipality,MA,Franklin,Rowe,2022,5-Year-Estimates,Demographics,Age-65 to 69 Years Old,65_69_YEARS,40
Municipality,MA,Franklin,Rowe,2022,5-Year-Estimates,Demographics,Age-70 to 74 Years Old,70_74_YEARS,33
Municipality,MA,Franklin,Rowe,2022,5-Year-Estimates,Demographics,Age-75 to 79 Years Old,75_79_YEARS,20
Municipality,MA,Franklin,Rowe,2022,5-Year-Estimates,Demographics,Age-80 to 84 Years Old,80_84_YEARS,11
Municipality,MA,Franklin,Rowe,2022,5-Year-Estimates,Demographics,Age-85 & older,85+_YEARS,11
Municipality,MA,Franklin,Rowe,2022,5-Year-Estimates,Demographics,Age-Under 3 Years Old,UNDER_3_YEARS,19
Municipality,MA,Franklin,Rowe,2022,5-Year-Estimates,Demographics,Households-Married Couples,CEN_MARRHOU,105
Municipality,MA,Franklin,Rowe,2022,5-Year-Estimates,Demographics,Households-Single Parent,CEN_SINGPARHOU,7
Municipality,MA,Franklin,Rowe,2022,5-Year-Estimates,Demographics,Households-Total,CEN_HOUSEHOLDS,173
Municipality,MA,Franklin,Rowe,2022,5-Year-Estimates,Demographics,Net Domestic Migration,CEN_NET_DOM_MIGR,0
Municipality,MA,Franklin,Rowe,2022,5-Year-Estimates,Demographics,Percent Elderly with Car Access,CAR_AGE_HOUSEHOLDER,0.97
Municipality,MA,Franklin,Rowe,2022,5-Year-Estimates,Demographics,Percent Grandparents Who Are Primary Caregiver,GRAND_CAREGIVER,0
Municipality,MA,Franklin,Rowe,2022,5-Year-Estimates,Demographics,Percent of Elderly Below Poverty Line,ELDERLY_POV,0.03
Municipality,MA,Franklin,Rowe,2022,5-Year-Estimates,Demographics,Percent of Elderly who Live Alone,ELDERLY_LIVEALONE,0.19
Municipality,MA,Franklin,Rowe,2022,5-Year-Estimates,Demographics,Percent of Population Who are Not White,MINORITY_PERCENT,0.14
Municipality,MA,Franklin,Rowe,2022,5-Year-Estimates,Demographics,Population 5+,CEN_POP_O4,420
Municipality,MA,Franklin,Rowe,2022,5-Year-Estimates,Demographics,Population 25+,CEN_POP_O24,314
Municipality,MA,Franklin,Rowe,2022,5-Year-Estimates,Demographics,Population 65+,CEN_POP_O64,115
Municipality,MA,Franklin,Rowe,2022,5-Year-Estimates,Demographics,Population Living in Rural Areas,CEN_RURALPOP,0
Municipality,MA,Franklin,Rowe,2022,5-Year-Estimates,Demographics,Population living in the same county as five years ago,CEN_SAMECOUNTY,0
Municipality,MA,Franklin,Rowe,2022,5-Year-Estimates,Demographics,Population living in the same house as five years ago,CEN_SAMEHOUSE,0
Municipality,MA,Franklin,Rowe,2022,5-Year-Estimates,Demographics,Population Living in Urban Areas,CEN_URBANPOP,0
Municipality,MA,Franklin,Rowe,2022,5-Year-Estimates,Demographics,Population Under 18,CEN_POP_U18,109
Municipality,MA,Franklin,Rowe,2022,5-Year-Estimates,Demographics,Population-Foreign Born,CEN_FORBORN,8
Municipality,MA,Franklin,Rowe,2022,5-Year-Estimates,Demographics,Single Parent Families,CEN_SINGPAR_CHILD,0
Municipality,MA,Franklin,Rowe,2022,5-Year-Estimates,Demographics,Speak an Asian Language at Home,CEN_ASIANLANG,0
Municipality,MA,Franklin,Rowe,2022,5-Year-Estimates,Demographics,Speak Only English at Home,CEN_ENGLISH,412
Municipality,MA,Franklin,Rowe,2022,5-Year-Estimates,Demographics,Speak Other Language at Home,CEN_OTHLANG,0
Municipality,MA,Franklin,Rowe,2022,5-Year-Estimates,Demographics,Speak Spanish at Home,CEN_SPANISH,7
Municipality,MA,Franklin,Rowe,2022,5-Year-Estimates,Demographics,"Two or More Races, Not Hispanic or Latino",CEN_TWO_MORE_NOT_HISP,39
Municipality,MA,Franklin,Rowe,2022,5-Year-Estimates,Economic,"% Households with Income between $10,000 to $14,999",CEN_PERC_HHINC_10000-14999,0.01
Municipality,MA,Franklin,Rowe,2022,5-Year-Estimates,Economic,"% Households with Income between $15,000 to $24,999",CEN_PERC_HHINC_15000-24999,0.05
Municipality,MA,Franklin,Rowe,2022,5-Year-Estimates,Economic,"%  Households with Income between $25,000 to $34,999",CEN_PERC_HHINC_25000-34999,0.13
Municipality,MA,Franklin,Rowe,2022,5-Year-Estimates,Economic,"%  Households with Income between $35,000 to $49,999",CEN_PERC_HHINC_35000-49999,0.08
Municipality,MA,Franklin,Rowe,2022,5-Year-Estimates,Economic,"% of  Households with Income between $50,000 to $74,999",CEN_PERC_HHINC_50000-74999,0.17
Municipality,MA,Franklin,Rowe,2022,5-Year-Estimates,Economic,"% of  Households with Income between $75,000 to $99,999",CEN_PERC_HHINC_75000-99999,0.18
Municipality,MA,Franklin,Rowe,2022,5-Year-Estimates,Economic,"% of  Households with Income between $100,000 to $149,999",CEN_PERC_HHINC_100000-149999,0.25
Municipality,MA,Franklin,Rowe,2022,5-Year-Estimates,Economic,"%  of Households with Income between $150,000 to $199,999",CEN_PERC_HHINC_150000-199999,0.06
Municipality,MA,Franklin,Rowe,2022,5-Year-Estimates,Economic,"% of  Households with Income between $200,000 or more",CEN_PERC_HHINC_200000_PLUS,0.04
Municipality,MA,Franklin,Rowe,2022,5-Year-Estimates,Economic,"% of Households with Income Less than $10,000",CEN_PERC_HHINC_0-9999,0.03
Municipality,MA,Franklin,Rowe,2022,5-Year-Estimates,Economic,Child Poverty Rate,CEN_CHILD_POV,0.43
Municipality,MA,Franklin,Rowe,2022,5-Year-Estimates,Economic,Employment by sex - Female Total,EMP_FEMALE,168
Municipality,MA,Franklin,Rowe,2022,5-Year-Estimates,Economic,Employment by sex - Male Total,EMP_MALE,196
Municipality,MA,Franklin,Rowe,2022,5-Year-Estimates,Economic,Employment by sex and below the poverty line - Total,UNEMP_TOT_POV,8
Municipality,MA,Franklin,Rowe,2022,5-Year-Estimates,Economic,Employment by sex and below the poverty line - Total Percentage,UNEMP_TOT_POV_PERC,2
Municipality,MA,Franklin,Rowe,2022,5-Year-Estimates,Economic,Employment by sex and in poverty - Female,EMP_FEMALE_POV,2
Municipality,MA,Franklin,Rowe,2022,5-Year-Estimates,Economic,Employment by sex and in poverty - Male,EMP_MALE_POV,0
Municipality,MA,Franklin,Rowe,2022,5-Year-Estimates,Economic,Employment by sex and in poverty - Total,EMP_TOT_POV,2
Municipality,MA,Franklin,Rowe,2022,5-Year-Estimates,Economic,Employment by sex and in poverty - Total Percentage,EMP_TOT_POV_PERC,0.01
Municipality,MA,Franklin,Rowe,2022,5-Year-Estimates,Economic,Family Economic Self Sufficiency,CEN_FAMECON_SELF,0
Municipality,MA,Franklin,Rowe,2022,5-Year-Estimates,Economic,Gini Coefficient (Income Inequality),CEN_INCOME_INEQ,0.37
Municipality,MA,Franklin,Rowe,2022,5-Year-Estimates,Economic,"Households with Income between $10,000 to $14,999",CEN_HHINC_10000-14999,1
Municipality,MA,Franklin,Rowe,2022,5-Year-Estimates,Economic,"Households with Income between $15,000 to $24,999",CEN_HHINC_15000-24999,9
Municipality,MA,Franklin,Rowe,2022,5-Year-Estimates,Economic,"Households with Income between $25,000 to $34,999",CEN_HHINC_25000-34999,23
Municipality,MA,Franklin,Rowe,2022,5-Year-Estimates,Economic,"Households with Income between $35,000 to $49,999",CEN_HHINC_35000-49999,14
Municipality,MA,Franklin,Rowe,2022,5-Year-Estimates,Economic,"Households with Income between $50,000 to $74,999",CEN_HHINC_50000-74999,30
Municipality,MA,Franklin,Rowe,2022,5-Year-Estimates,Economic,"Households with Income between $75,000 to $99,999",CEN_HHINC_75000-99999,31
Municipality,MA,Franklin,Rowe,2022,5-Year-Estimates,Economic,"Households with Income between $100,000 to $149,999",CEN_HHINC_100000-149999,44
Municipality,MA,Franklin,Rowe,2022,5-Year-Estimates,Economic,"Households with Income between $150,000 to $199,999",CEN_HHINC_150000-199999,10
Municipality,MA,Franklin,Rowe,2022,5-Year-Estimates,Economic,"Households with Income between $200,000 or more",CEN_HHINC_200000_PLUS,6
Municipality,MA,Franklin,Rowe,2022,5-Year-Estimates,Economic,"Households with Income Less than $10,000",CEN_HHINC_0-9999,5
Municipality,MA,Franklin,Rowe,2022,5-Year-Estimates,Economic,Households with Retirement Income,CEN_RETINC,68
Municipality,MA,Franklin,Rowe,2022,5-Year-Estimates,Economic,Households with Social Security Income,CEN_SOCSECINC,77
Municipality,MA,Franklin,Rowe,2022,5-Year-Estimates,Economic,Income Under 200% of Poverty Line,CENPOV200,0.35
Municipality,MA,Franklin,Rowe,2022,5-Year-Estimates,Economic,Median Family Income,CEN_MEDFAMINC,"148,024.00"
Municipality,MA,Franklin,Rowe,2022,5-Year-Estimates,Economic,Median Household Income,CEN_MEDHHINC,"78,281.00"
Municipality,MA,Franklin,Rowe,2022,5-Year-Estimates,Economic,Per Capita Income,CEN_PERCAPINC,"34,136.00"
Municipality,MA,Franklin,Rowe,2022,5-Year-Estimates,Economic,Percent of Employed Population in Poverty - Female,EMP_FEMALE_POV_PERC,0.02
Municipality,MA,Franklin,Rowe,2022,5-Year-Estimates,Economic,Percent of Employed Population in Poverty - Male,EMP_MALE_POV_PERC,0
Municipality,MA,Franklin,Rowe,2022,5-Year-Estimates,Economic,Percent of Families in Poverty,CEN_FAM_POV,0.08
Municipality,MA,Franklin,Rowe,2022,5-Year-Estimates,Economic,Percent of Unemployed Population in Poverty - Male,UNEMP_MALE_POV_PERC,2
Municipality,MA,Franklin,Rowe,2022,5-Year-Estimates,Economic,Population Living below Poverty,CEN_POOR,5
Municipality,MA,Franklin,Rowe,2022,5-Year-Estimates,Economic,Poverty Rate,CEN_POVRATE,0.03
Municipality,MA,Franklin,Rowe,2022,5-Year-Estimates,Economic,Poverty Rate of Foreign Born,CEN_POV_FOR_BORN,0
Municipality,MA,Franklin,Rowe,2022,5-Year-Estimates,Economic,Poverty Rate of Foreign Born Naturalized Citizens,CEN_POV_FOR_BORN_NAT,0
Municipality,MA,Franklin,Rowe,2022,5-Year-Estimates,Economic,Poverty Rate of Foreign Born Non-Citizens,CEN_POV_FOR_BORN_NON_CIT,0
Municipality,MA,Franklin,Rowe,2022,5-Year-Estimates,Economic,Poverty Status Determined Population,CEN_POVTOTALPOP,445
Municipality,MA,Franklin,Rowe,2022,5-Year-Estimates,Economic,Self Employment Income-Household,CEN_SELFEMPINC,29
Municipality,MA,Franklin,Rowe,2022,5-Year-Estimates,Economic,Total population counted for unemployment by sex - Female,UNEMP_FEMALE,0
Municipality,MA,Franklin,Rowe,2022,5-Year-Estimates,Economic,Total population counted for unemployment by sex - Male,UNEMP_MALE,8
Municipality,MA,Franklin,Rowe,2022,5-Year-Estimates,Economic,Unemployment by sex and below the poverty line - Female,UNEMP_FEMALE_POV,0
Municipality,MA,Franklin,Rowe,2022,5-Year-Estimates,Economic,Unemployment by sex and below the poverty line - Male,UNEMP_MALE_POV,8
Municipality,MA,Franklin,Shelburne,2022,5-Year-Estimates,Demographics,Population Total,CEN_POP,"1,407.00"
Municipality,MA,Franklin,Shelburne,2022,5-Year-Estimates,Demographics,White Population,CEN_WHITE,"1,250.00"
Municipality,MA,Franklin,Shelburne,2022,5-Year-Estimates,Demographics,Hispanic or Latino Population (of any race),CEN_HISPANIC,109
Municipality,MA,Franklin,Shelburne,2022,5-Year-Estimates,Demographics,Black Population,CEN_BLACK,14
Municipality,MA,Franklin,Shelburne,2022,5-Year-Estimates,Demographics,Other Races Population,CEN_OTHRACE,0
Municipality,MA,Franklin,Shelburne,2022,5-Year-Estimates,Demographics,Asian Population,CEN_ASIAN,18
Municipality,MA,Franklin,Shelburne,2022,5-Year-Estimates,Demographics,Age-3 to 4 Years Old,3_4_YEARS,16
Municipality,MA,Franklin,Shelburne,2022,5-Year-Estimates,Demographics,Age-5 Years Old,5_YEARS,17
Municipality,MA,Franklin,Shelburne,2022,5-Year-Estimates,Demographics,Age-6 to 8 Years Old,6_8_YEARS,13
Municipality,MA,Franklin,Shelburne,2022,5-Year-Estimates,Demographics,Age-9 to 11 Years Old,9_11_YEARS,18
Municipality,MA,Franklin,Shelburne,2022,5-Year-Estimates,Demographics,Age-12 to 14 Years Old,12_14_YEARS,26
Municipality,MA,Franklin,Shelburne,2022,5-Year-Estimates,Demographics,Age-15 to 17 Years Old,15_17_YEARS,44
Municipality,MA,Franklin,Shelburne,2022,5-Year-Estimates,Demographics,Age-18 to 19 Years Old,18_19_YEARS,20
Municipality,MA,Franklin,Shelburne,2022,5-Year-Estimates,Demographics,Age-20 to 24 Years Old,20_24_YEARS,43
Municipality,MA,Franklin,Shelburne,2022,5-Year-Estimates,Demographics,Age-25 to 29 Years Old,25_29_YEARS,27
Municipality,MA,Franklin,Shelburne,2022,5-Year-Estimates,Demographics,Age-30 to 34 Years Old,30_34_YEARS,88
Municipality,MA,Franklin,Shelburne,2022,5-Year-Estimates,Demographics,Age-35 to 39 Years Old,35_39_YEARS,41
Municipality,MA,Franklin,Shelburne,2022,5-Year-Estimates,Demographics,Age-40 to 44 Years Old,40_44_YEARS,85
Municipality,MA,Franklin,Shelburne,2022,5-Year-Estimates,Demographics,Age-45 to 49 Years Old,45_49_YEARS,77
Municipality,MA,Franklin,Shelburne,2022,5-Year-Estimates,Demographics,Age-50 to 54 Years Old,50_54_YEARS,47
Municipality,MA,Franklin,Shelburne,2022,5-Year-Estimates,Demographics,Age-55 to 59 Years Old,55_59_YEARS,99
Municipality,MA,Franklin,Shelburne,2022,5-Year-Estimates,Demographics,Age-60 to 64 Years Old,60_64_YEARS,210
Municipality,MA,Franklin,Shelburne,2022,5-Year-Estimates,Demographics,Age-65 to 69 Years Old,65_69_YEARS,175
Municipality,MA,Franklin,Shelburne,2022,5-Year-Estimates,Demographics,Age-70 to 74 Years Old,70_74_YEARS,166
Municipality,MA,Franklin,Shelburne,2022,5-Year-Estimates,Demographics,Age-75 to 79 Years Old,75_79_YEARS,89
Municipality,MA,Franklin,Shelburne,2022,5-Year-Estimates,Demographics,Age-80 to 84 Years Old,80_84_YEARS,24
Municipality,MA,Franklin,Shelburne,2022,5-Year-Estimates,Demographics,Age-85 & older,85+_YEARS,66
Municipality,MA,Franklin,Shelburne,2022,5-Year-Estimates,Demographics,Age-Under 3 Years Old,UNDER_3_YEARS,16
Municipality,MA,Franklin,Shelburne,2022,5-Year-Estimates,Demographics,Households-Married Couples,CEN_MARRHOU,281
Municipality,MA,Franklin,Shelburne,2022,5-Year-Estimates,Demographics,Households-Single Parent,CEN_SINGPARHOU,33
Municipality,MA,Franklin,Shelburne,2022,5-Year-Estimates,Demographics,Households-Total,CEN_HOUSEHOLDS,722
Municipality,MA,Franklin,Shelburne,2022,5-Year-Estimates,Demographics,Net Domestic Migration,CEN_NET_DOM_MIGR,0
Municipality,MA,Franklin,Shelburne,2022,5-Year-Estimates,Demographics,Percent Elderly with Car Access,CAR_AGE_HOUSEHOLDER,0.92
Municipality,MA,Franklin,Shelburne,2022,5-Year-Estimates,Demographics,Percent Grandparents Who Are Primary Caregiver,GRAND_CAREGIVER,0
Municipality,MA,Franklin,Shelburne,2022,5-Year-Estimates,Demographics,Percent of Elderly Below Poverty Line,ELDERLY_POV,0.04
Municipality,MA,Franklin,Shelburne,2022,5-Year-Estimates,Demographics,Percent of Elderly who Live Alone,ELDERLY_LIVEALONE,0.39
Municipality,MA,Franklin,Shelburne,2022,5-Year-Estimates,Demographics,Percent of Population Who are Not White,MINORITY_PERCENT,0.11
Municipality,MA,Franklin,Shelburne,2022,5-Year-Estimates,Demographics,Population 5+,CEN_POP_O4,"1,375.00"
Municipality,MA,Franklin,Shelburne,2022,5-Year-Estimates,Demographics,Population 25+,CEN_POP_O24,"1,194.00"
Municipality,MA,Franklin,Shelburne,2022,5-Year-Estimates,Demographics,Population 65+,CEN_POP_O64,520
Municipality,MA,Franklin,Shelburne,2022,5-Year-Estimates,Demographics,Population Living in Rural Areas,CEN_RURALPOP,0
Municipality,MA,Franklin,Shelburne,2022,5-Year-Estimates,Demographics,Population living in the same county as five years ago,CEN_SAMECOUNTY,0
Municipality,MA,Franklin,Shelburne,2022,5-Year-Estimates,Demographics,Population living in the same house as five years ago,CEN_SAMEHOUSE,0
Municipality,MA,Franklin,Shelburne,2022,5-Year-Estimates,Demographics,Population Living in Urban Areas,CEN_URBANPOP,0
Municipality,MA,Franklin,Shelburne,2022,5-Year-Estimates,Demographics,Population Under 18,CEN_POP_U18,150
Municipality,MA,Franklin,Shelburne,2022,5-Year-Estimates,Demographics,Population-Foreign Born,CEN_FORBORN,48
Municipality,MA,Franklin,Shelburne,2022,5-Year-Estimates,Demographics,Single Parent Families,CEN_SINGPAR_CHILD,0
Municipality,MA,Franklin,Shelburne,2022,5-Year-Estimates,Demographics,Speak an Asian Language at Home,CEN_ASIANLANG,4
Municipality,MA,Franklin,Shelburne,2022,5-Year-Estimates,Demographics,Speak Only English at Home,CEN_ENGLISH,"1,268.00"
Municipality,MA,Franklin,Shelburne,2022,5-Year-Estimates,Demographics,Speak Other Language at Home,CEN_OTHLANG,0
Municipality,MA,Franklin,Shelburne,2022,5-Year-Estimates,Demographics,Speak Spanish at Home,CEN_SPANISH,47
Municipality,MA,Franklin,Shelburne,2022,5-Year-Estimates,Demographics,"Two or More Races, Not Hispanic or Latino",CEN_TWO_MORE_NOT_HISP,125
Municipality,MA,Franklin,Shelburne,2022,5-Year-Estimates,Economic,"% Households with Income between $10,000 to $14,999",CEN_PERC_HHINC_10000-14999,0.03
Municipality,MA,Franklin,Shelburne,2022,5-Year-Estimates,Economic,"% Households with Income between $15,000 to $24,999",CEN_PERC_HHINC_15000-24999,0.06
Municipality,MA,Franklin,Shelburne,2022,5-Year-Estimates,Economic,"%  Households with Income between $25,000 to $34,999",CEN_PERC_HHINC_25000-34999,0.07
Municipality,MA,Franklin,Shelburne,2022,5-Year-Estimates,Economic,"%  Households with Income between $35,000 to $49,999",CEN_PERC_HHINC_35000-49999,0.08
Municipality,MA,Franklin,Shelburne,2022,5-Year-Estimates,Economic,"% of  Households with Income between $50,000 to $74,999",CEN_PERC_HHINC_50000-74999,0.13
Municipality,MA,Franklin,Shelburne,2022,5-Year-Estimates,Economic,"% of  Households with Income between $75,000 to $99,999",CEN_PERC_HHINC_75000-99999,0.2
Municipality,MA,Franklin,Shelburne,2022,5-Year-Estimates,Economic,"% of  Households with Income between $100,000 to $149,999",CEN_PERC_HHINC_100000-149999,0.17
Municipality,MA,Franklin,Shelburne,2022,5-Year-Estimates,Economic,"%  of Households with Income between $150,000 to $199,999",CEN_PERC_HHINC_150000-199999,0.07
Municipality,MA,Franklin,Shelburne,2022,5-Year-Estimates,Economic,"% of  Households with Income between $200,000 or more",CEN_PERC_HHINC_200000_PLUS,0.12
Municipality,MA,Franklin,Shelburne,2022,5-Year-Estimates,Economic,"% of Households with Income Less than $10,000",CEN_PERC_HHINC_0-9999,0.08
Municipality,MA,Franklin,Shelburne,2022,5-Year-Estimates,Economic,Child Poverty Rate,CEN_CHILD_POV,0.03
Municipality,MA,Franklin,Shelburne,2022,5-Year-Estimates,Economic,Employment by sex - Female Total,EMP_FEMALE,724
Municipality,MA,Franklin,Shelburne,2022,5-Year-Estimates,Economic,Employment by sex - Male Total,EMP_MALE,738
Municipality,MA,Franklin,Shelburne,2022,5-Year-Estimates,Economic,Employment by sex and below the poverty line - Total,UNEMP_TOT_POV,50
Municipality,MA,Franklin,Shelburne,2022,5-Year-Estimates,Economic,Employment by sex and below the poverty line - Total Percentage,UNEMP_TOT_POV_PERC,1.04
Municipality,MA,Franklin,Shelburne,2022,5-Year-Estimates,Economic,Employment by sex and in poverty - Female,EMP_FEMALE_POV,30
Municipality,MA,Franklin,Shelburne,2022,5-Year-Estimates,Economic,Employment by sex and in poverty - Male,EMP_MALE_POV,12
Municipality,MA,Franklin,Shelburne,2022,5-Year-Estimates,Economic,Employment by sex and in poverty - Total,EMP_TOT_POV,42
Municipality,MA,Franklin,Shelburne,2022,5-Year-Estimates,Economic,Employment by sex and in poverty - Total Percentage,EMP_TOT_POV_PERC,0.06
Municipality,MA,Franklin,Shelburne,2022,5-Year-Estimates,Economic,Family Economic Self Sufficiency,CEN_FAMECON_SELF,0
Municipality,MA,Franklin,Shelburne,2022,5-Year-Estimates,Economic,Gini Coefficient (Income Inequality),CEN_INCOME_INEQ,0.42
Municipality,MA,Franklin,Shelburne,2022,5-Year-Estimates,Economic,"Households with Income between $10,000 to $14,999",CEN_HHINC_10000-14999,19
Municipality,MA,Franklin,Shelburne,2022,5-Year-Estimates,Economic,"Households with Income between $15,000 to $24,999",CEN_HHINC_15000-24999,44
Municipality,MA,Franklin,Shelburne,2022,5-Year-Estimates,Economic,"Households with Income between $25,000 to $34,999",CEN_HHINC_25000-34999,51
Municipality,MA,Franklin,Shelburne,2022,5-Year-Estimates,Economic,"Households with Income between $35,000 to $49,999",CEN_HHINC_35000-49999,60
Municipality,MA,Franklin,Shelburne,2022,5-Year-Estimates,Economic,"Households with Income between $50,000 to $74,999",CEN_HHINC_50000-74999,92
Municipality,MA,Franklin,Shelburne,2022,5-Year-Estimates,Economic,"Households with Income between $75,000 to $99,999",CEN_HHINC_75000-99999,146
Municipality,MA,Franklin,Shelburne,2022,5-Year-Estimates,Economic,"Households with Income between $100,000 to $149,999",CEN_HHINC_100000-149999,120
Municipality,MA,Franklin,Shelburne,2022,5-Year-Estimates,Economic,"Households with Income between $150,000 to $199,999",CEN_HHINC_150000-199999,48
Municipality,MA,Franklin,Shelburne,2022,5-Year-Estimates,Economic,"Households with Income between $200,000 or more",CEN_HHINC_200000_PLUS,83
Municipality,MA,Franklin,Shelburne,2022,5-Year-Estimates,Economic,"Households with Income Less than $10,000",CEN_HHINC_0-9999,59
Municipality,MA,Franklin,Shelburne,2022,5-Year-Estimates,Economic,Households with Retirement Income,CEN_RETINC,261
Municipality,MA,Franklin,Shelburne,2022,5-Year-Estimates,Economic,Households with Social Security Income,CEN_SOCSECINC,369
Municipality,MA,Franklin,Shelburne,2022,5-Year-Estimates,Economic,Income Under 200% of Poverty Line,CENPOV200,0.18
Municipality,MA,Franklin,Shelburne,2022,5-Year-Estimates,Economic,Median Family Income,CEN_MEDFAMINC,"123,908.00"
Municipality,MA,Franklin,Shelburne,2022,5-Year-Estimates,Economic,Median Household Income,CEN_MEDHHINC,"76,800.00"
Municipality,MA,Franklin,Shelburne,2022,5-Year-Estimates,Economic,Per Capita Income,CEN_PERCAPINC,"47,082.00"
Municipality,MA,Franklin,Shelburne,2022,5-Year-Estimates,Economic,Percent of Employed Population in Poverty - Female,EMP_FEMALE_POV_PERC,0.08
Municipality,MA,Franklin,Shelburne,2022,5-Year-Estimates,Economic,Percent of Employed Population in Poverty - Male,EMP_MALE_POV_PERC,0.03
Municipality,MA,Franklin,Shelburne,2022,5-Year-Estimates,Economic,Percent of Families in Poverty,CEN_FAM_POV,0.01
Municipality,MA,Franklin,Shelburne,2022,5-Year-Estimates,Economic,Percent of Unemployed Population in Poverty - Female,UNEMP_FEMALE_POV_PERC,1.1
Municipality,MA,Franklin,Shelburne,2022,5-Year-Estimates,Economic,Percent of Unemployed Population in Poverty - Male,UNEMP_MALE_POV_PERC,1
Municipality,MA,Franklin,Shelburne,2022,5-Year-Estimates,Economic,Population Living below Poverty,CEN_POOR,46
Municipality,MA,Franklin,Shelburne,2022,5-Year-Estimates,Economic,Poverty Rate,CEN_POVRATE,0.06
Municipality,MA,Franklin,Shelburne,2022,5-Year-Estimates,Economic,Poverty Rate of Foreign Born,CEN_POV_FOR_BORN,0
Municipality,MA,Franklin,Shelburne,2022,5-Year-Estimates,Economic,Poverty Rate of Foreign Born Naturalized Citizens,CEN_POV_FOR_BORN_NAT,0
Municipality,MA,Franklin,Shelburne,2022,5-Year-Estimates,Economic,Poverty Rate of Foreign Born Non-Citizens,CEN_POV_FOR_BORN_NON_CIT,0
Municipality,MA,Franklin,Shelburne,2022,5-Year-Estimates,Economic,Poverty Status Determined Population,CEN_POVTOTALPOP,"1,397.00"
Municipality,MA,Franklin,Shelburne,2022,5-Year-Estimates,Economic,Self Employment Income-Household,CEN_SELFEMPINC,161
Municipality,MA,Franklin,Shelburne,2022,5-Year-Estimates,Economic,Total population counted for unemployment by sex - Female,UNEMP_FEMALE,40
Municipality,MA,Franklin,Shelburne,2022,5-Year-Estimates,Economic,Total population counted for unemployment by sex - Male,UNEMP_MALE,56
Municipality,MA,Franklin,Shelburne,2022,5-Year-Estimates,Economic,Unemployment by sex and below the poverty line - Female,UNEMP_FEMALE_POV,22
Municipality,MA,Franklin,Shelburne,2022,5-Year-Estimates,Economic,Unemployment by sex and below the poverty line - Male,UNEMP_MALE_POV,28
Municipality,MA,Franklin,Shutesbury,2022,5-Year-Estimates,Demographics,Population Total,CEN_POP,"1,754.00"
Municipality,MA,Franklin,Shutesbury,2022,5-Year-Estimates,Demographics,White Population,CEN_WHITE,"1,603.00"
Municipality,MA,Franklin,Shutesbury,2022,5-Year-Estimates,Demographics,Hispanic or Latino Population (of any race),CEN_HISPANIC,145
Municipality,MA,Franklin,Shutesbury,2022,5-Year-Estimates,Demographics,Black Population,CEN_BLACK,6
Municipality,MA,Franklin,Shutesbury,2022,5-Year-Estimates,Demographics,Other Races Population,CEN_OTHRACE,13
Municipality,MA,Franklin,Shutesbury,2022,5-Year-Estimates,Demographics,Asian Population,CEN_ASIAN,12
Municipality,MA,Franklin,Shutesbury,2022,5-Year-Estimates,Demographics,Age-3 to 4 Years Old,3_4_YEARS,36
Municipality,MA,Franklin,Shutesbury,2022,5-Year-Estimates,Demographics,Age-5 Years Old,5_YEARS,7
Municipality,MA,Franklin,Shutesbury,2022,5-Year-Estimates,Demographics,Age-6 to 8 Years Old,6_8_YEARS,32
Municipality,MA,Franklin,Shutesbury,2022,5-Year-Estimates,Demographics,Age-9 to 11 Years Old,9_11_YEARS,54
Municipality,MA,Franklin,Shutesbury,2022,5-Year-Estimates,Demographics,Age-12 to 14 Years Old,12_14_YEARS,37
Municipality,MA,Franklin,Shutesbury,2022,5-Year-Estimates,Demographics,Age-15 to 17 Years Old,15_17_YEARS,39
Municipality,MA,Franklin,Shutesbury,2022,5-Year-Estimates,Demographics,Age-18 to 19 Years Old,18_19_YEARS,21
Municipality,MA,Franklin,Shutesbury,2022,5-Year-Estimates,Demographics,Age-20 to 24 Years Old,20_24_YEARS,72
Municipality,MA,Franklin,Shutesbury,2022,5-Year-Estimates,Demographics,Age-25 to 29 Years Old,25_29_YEARS,62
Municipality,MA,Franklin,Shutesbury,2022,5-Year-Estimates,Demographics,Age-30 to 34 Years Old,30_34_YEARS,100
Municipality,MA,Franklin,Shutesbury,2022,5-Year-Estimates,Demographics,Age-35 to 39 Years Old,35_39_YEARS,147
Municipality,MA,Franklin,Shutesbury,2022,5-Year-Estimates,Demographics,Age-40 to 44 Years Old,40_44_YEARS,75
Municipality,MA,Franklin,Shutesbury,2022,5-Year-Estimates,Demographics,Age-45 to 49 Years Old,45_49_YEARS,91
Municipality,MA,Franklin,Shutesbury,2022,5-Year-Estimates,Demographics,Age-50 to 54 Years Old,50_54_YEARS,76
Municipality,MA,Franklin,Shutesbury,2022,5-Year-Estimates,Demographics,Age-55 to 59 Years Old,55_59_YEARS,234
Municipality,MA,Franklin,Shutesbury,2022,5-Year-Estimates,Demographics,Age-60 to 64 Years Old,60_64_YEARS,189
Municipality,MA,Franklin,Shutesbury,2022,5-Year-Estimates,Demographics,Age-65 to 69 Years Old,65_69_YEARS,279
Municipality,MA,Franklin,Shutesbury,2022,5-Year-Estimates,Demographics,Age-70 to 74 Years Old,70_74_YEARS,90
Municipality,MA,Franklin,Shutesbury,2022,5-Year-Estimates,Demographics,Age-75 to 79 Years Old,75_79_YEARS,39
Municipality,MA,Franklin,Shutesbury,2022,5-Year-Estimates,Demographics,Age-80 to 84 Years Old,80_84_YEARS,13
Municipality,MA,Franklin,Shutesbury,2022,5-Year-Estimates,Demographics,Age-85 & older,85+_YEARS,30
Municipality,MA,Franklin,Shutesbury,2022,5-Year-Estimates,Demographics,Age-Under 3 Years Old,UNDER_3_YEARS,31
Municipality,MA,Franklin,Shutesbury,2022,5-Year-Estimates,Demographics,Households-Married Couples,CEN_MARRHOU,368
Municipality,MA,Franklin,Shutesbury,2022,5-Year-Estimates,Demographics,Households-Single Parent,CEN_SINGPARHOU,39
Municipality,MA,Franklin,Shutesbury,2022,5-Year-Estimates,Demographics,Households-Total,CEN_HOUSEHOLDS,754
Municipality,MA,Franklin,Shutesbury,2022,5-Year-Estimates,Demographics,Net Domestic Migration,CEN_NET_DOM_MIGR,0
Municipality,MA,Franklin,Shutesbury,2022,5-Year-Estimates,Demographics,Percent Elderly with Car Access,CAR_AGE_HOUSEHOLDER,0.99
Municipality,MA,Franklin,Shutesbury,2022,5-Year-Estimates,Demographics,Percent Grandparents Who Are Primary Caregiver,GRAND_CAREGIVER,0.9
Municipality,MA,Franklin,Shutesbury,2022,5-Year-Estimates,Demographics,Percent of Elderly Below Poverty Line,ELDERLY_POV,0
Municipality,MA,Franklin,Shutesbury,2022,5-Year-Estimates,Demographics,Percent of Elderly who Live Alone,ELDERLY_LIVEALONE,0.2
Municipality,MA,Franklin,Shutesbury,2022,5-Year-Estimates,Demographics,Percent of Population Who are Not White,MINORITY_PERCENT,0.09
Municipality,MA,Franklin,Shutesbury,2022,5-Year-Estimates,Demographics,Population 5+,CEN_POP_O4,"1,687.00"
Municipality,MA,Franklin,Shutesbury,2022,5-Year-Estimates,Demographics,Population 25+,CEN_POP_O24,"1,425.00"
Municipality,MA,Franklin,Shutesbury,2022,5-Year-Estimates,Demographics,Population 65+,CEN_POP_O64,451
Municipality,MA,Franklin,Shutesbury,2022,5-Year-Estimates,Demographics,Population Living in Rural Areas,CEN_RURALPOP,0
Municipality,MA,Franklin,Shutesbury,2022,5-Year-Estimates,Demographics,Population living in the same county as five years ago,CEN_SAMECOUNTY,0
Municipality,MA,Franklin,Shutesbury,2022,5-Year-Estimates,Demographics,Population living in the same house as five years ago,CEN_SAMEHOUSE,0
Municipality,MA,Franklin,Shutesbury,2022,5-Year-Estimates,Demographics,Population Living in Urban Areas,CEN_URBANPOP,0
Municipality,MA,Franklin,Shutesbury,2022,5-Year-Estimates,Demographics,Population Under 18,CEN_POP_U18,236
Municipality,MA,Franklin,Shutesbury,2022,5-Year-Estimates,Demographics,Population-Foreign Born,CEN_FORBORN,116
Municipality,MA,Franklin,Shutesbury,2022,5-Year-Estimates,Demographics,Single Parent Families,CEN_SINGPAR_CHILD,0
Municipality,MA,Franklin,Shutesbury,2022,5-Year-Estimates,Demographics,Speak an Asian Language at Home,CEN_ASIANLANG,0
Municipality,MA,Franklin,Shutesbury,2022,5-Year-Estimates,Demographics,Speak Only English at Home,CEN_ENGLISH,"1,523.00"
Municipality,MA,Franklin,Shutesbury,2022,5-Year-Estimates,Demographics,Speak Other Language at Home,CEN_OTHLANG,3
Municipality,MA,Franklin,Shutesbury,2022,5-Year-Estimates,Demographics,Speak Spanish at Home,CEN_SPANISH,119
Municipality,MA,Franklin,Shutesbury,2022,5-Year-Estimates,Demographics,"Two or More Races, Not Hispanic or Latino",CEN_TWO_MORE_NOT_HISP,120
Municipality,MA,Franklin,Shutesbury,2022,5-Year-Estimates,Economic,"% Households with Income between $10,000 to $14,999",CEN_PERC_HHINC_10000-14999,0.02
Municipality,MA,Franklin,Shutesbury,2022,5-Year-Estimates,Economic,"% Households with Income between $15,000 to $24,999",CEN_PERC_HHINC_15000-24999,0.01
Municipality,MA,Franklin,Shutesbury,2022,5-Year-Estimates,Economic,"%  Households with Income between $25,000 to $34,999",CEN_PERC_HHINC_25000-34999,0.03
Municipality,MA,Franklin,Shutesbury,2022,5-Year-Estimates,Economic,"%  Households with Income between $35,000 to $49,999",CEN_PERC_HHINC_35000-49999,0.07
Municipality,MA,Franklin,Shutesbury,2022,5-Year-Estimates,Economic,"% of  Households with Income between $50,000 to $74,999",CEN_PERC_HHINC_50000-74999,0.17
Municipality,MA,Franklin,Shutesbury,2022,5-Year-Estimates,Economic,"% of  Households with Income between $75,000 to $99,999",CEN_PERC_HHINC_75000-99999,0.16
Municipality,MA,Franklin,Shutesbury,2022,5-Year-Estimates,Economic,"% of  Households with Income between $100,000 to $149,999",CEN_PERC_HHINC_100000-149999,0.23
Municipality,MA,Franklin,Shutesbury,2022,5-Year-Estimates,Economic,"%  of Households with Income between $150,000 to $199,999",CEN_PERC_HHINC_150000-199999,0.17
Municipality,MA,Franklin,Shutesbury,2022,5-Year-Estimates,Economic,"% of  Households with Income between $200,000 or more",CEN_PERC_HHINC_200000_PLUS,0.12
Municipality,MA,Franklin,Shutesbury,2022,5-Year-Estimates,Economic,"% of Households with Income Less than $10,000",CEN_PERC_HHINC_0-9999,0.03
Municipality,MA,Franklin,Shutesbury,2022,5-Year-Estimates,Economic,Child Poverty Rate,CEN_CHILD_POV,0.05
Municipality,MA,Franklin,Shutesbury,2022,5-Year-Estimates,Economic,Employment by sex - Female Total,EMP_FEMALE,"1,102.00"
Municipality,MA,Franklin,Shutesbury,2022,5-Year-Estimates,Economic,Employment by sex - Male Total,EMP_MALE,752
Municipality,MA,Franklin,Shutesbury,2022,5-Year-Estimates,Economic,Employment by sex and below the poverty line - Total,UNEMP_TOT_POV,44
Municipality,MA,Franklin,Shutesbury,2022,5-Year-Estimates,Economic,Employment by sex and below the poverty line - Total Percentage,UNEMP_TOT_POV_PERC,0.47
Municipality,MA,Franklin,Shutesbury,2022,5-Year-Estimates,Economic,Employment by sex and in poverty - Female,EMP_FEMALE_POV,46
Municipality,MA,Franklin,Shutesbury,2022,5-Year-Estimates,Economic,Employment by sex and in poverty - Male,EMP_MALE_POV,8
Municipality,MA,Franklin,Shutesbury,2022,5-Year-Estimates,Economic,Employment by sex and in poverty - Total,EMP_TOT_POV,54
Municipality,MA,Franklin,Shutesbury,2022,5-Year-Estimates,Economic,Employment by sex and in poverty - Total Percentage,EMP_TOT_POV_PERC,0.06
Municipality,MA,Franklin,Shutesbury,2022,5-Year-Estimates,Economic,Family Economic Self Sufficiency,CEN_FAMECON_SELF,0
Municipality,MA,Franklin,Shutesbury,2022,5-Year-Estimates,Economic,Gini Coefficient (Income Inequality),CEN_INCOME_INEQ,0.36
Municipality,MA,Franklin,Shutesbury,2022,5-Year-Estimates,Economic,"Households with Income between $10,000 to $14,999",CEN_HHINC_10000-14999,15
Municipality,MA,Franklin,Shutesbury,2022,5-Year-Estimates,Economic,"Households with Income between $15,000 to $24,999",CEN_HHINC_15000-24999,7
Municipality,MA,Franklin,Shutesbury,2022,5-Year-Estimates,Economic,"Households with Income between $25,000 to $34,999",CEN_HHINC_25000-34999,25
Municipality,MA,Franklin,Shutesbury,2022,5-Year-Estimates,Economic,"Households with Income between $35,000 to $49,999",CEN_HHINC_35000-49999,50
Municipality,MA,Franklin,Shutesbury,2022,5-Year-Estimates,Economic,"Households with Income between $50,000 to $74,999",CEN_HHINC_50000-74999,125
Municipality,MA,Franklin,Shutesbury,2022,5-Year-Estimates,Economic,"Households with Income between $75,000 to $99,999",CEN_HHINC_75000-99999,121
Municipality,MA,Franklin,Shutesbury,2022,5-Year-Estimates,Economic,"Households with Income between $100,000 to $149,999",CEN_HHINC_100000-149999,174
Municipality,MA,Franklin,Shutesbury,2022,5-Year-Estimates,Economic,"Households with Income between $150,000 to $199,999",CEN_HHINC_150000-199999,129
Municipality,MA,Franklin,Shutesbury,2022,5-Year-Estimates,Economic,"Households with Income between $200,000 or more",CEN_HHINC_200000_PLUS,88
Municipality,MA,Franklin,Shutesbury,2022,5-Year-Estimates,Economic,"Households with Income Less than $10,000",CEN_HHINC_0-9999,20
Municipality,MA,Franklin,Shutesbury,2022,5-Year-Estimates,Economic,Households with Retirement Income,CEN_RETINC,272
Municipality,MA,Franklin,Shutesbury,2022,5-Year-Estimates,Economic,Households with Social Security Income,CEN_SOCSECINC,280
Municipality,MA,Franklin,Shutesbury,2022,5-Year-Estimates,Economic,Income Under 200% of Poverty Line,CENPOV200,0.14
Municipality,MA,Franklin,Shutesbury,2022,5-Year-Estimates,Economic,Median Family Income,CEN_MEDFAMINC,"99,000.00"
Municipality,MA,Franklin,Shutesbury,2022,5-Year-Estimates,Economic,Median Household Income,CEN_MEDHHINC,"101,458.00"
Municipality,MA,Franklin,Shutesbury,2022,5-Year-Estimates,Economic,Per Capita Income,CEN_PERCAPINC,"53,763.00"
Municipality,MA,Franklin,Shutesbury,2022,5-Year-Estimates,Economic,Percent of Employed Population in Poverty - Female,EMP_FEMALE_POV_PERC,0.08
Municipality,MA,Franklin,Shutesbury,2022,5-Year-Estimates,Economic,Percent of Employed Population in Poverty - Male,EMP_MALE_POV_PERC,0.02
Municipality,MA,Franklin,Shutesbury,2022,5-Year-Estimates,Economic,Percent of Families in Poverty,CEN_FAM_POV,0.04
Municipality,MA,Franklin,Shutesbury,2022,5-Year-Estimates,Economic,Percent of Unemployed Population in Poverty - Female,UNEMP_FEMALE_POV_PERC,0.06
Municipality,MA,Franklin,Shutesbury,2022,5-Year-Estimates,Economic,Percent of Unemployed Population in Poverty - Male,UNEMP_MALE_POV_PERC,0.72
Municipality,MA,Franklin,Shutesbury,2022,5-Year-Estimates,Economic,Population Living below Poverty,CEN_POOR,49
Municipality,MA,Franklin,Shutesbury,2022,5-Year-Estimates,Economic,Poverty Rate,CEN_POVRATE,0.05
Municipality,MA,Franklin,Shutesbury,2022,5-Year-Estimates,Economic,Poverty Rate of Foreign Born,CEN_POV_FOR_BORN,0.01
Municipality,MA,Franklin,Shutesbury,2022,5-Year-Estimates,Economic,Poverty Rate of Foreign Born Naturalized Citizens,CEN_POV_FOR_BORN_NAT,0
Municipality,MA,Franklin,Shutesbury,2022,5-Year-Estimates,Economic,Poverty Rate of Foreign Born Non-Citizens,CEN_POV_FOR_BORN_NON_CIT,0
Municipality,MA,Franklin,Shutesbury,2022,5-Year-Estimates,Economic,Poverty Status Determined Population,CEN_POVTOTALPOP,"1,754.00"
Municipality,MA,Franklin,Shutesbury,2022,5-Year-Estimates,Economic,Self Employment Income-Household,CEN_SELFEMPINC,169
Municipality,MA,Franklin,Shutesbury,2022,5-Year-Estimates,Economic,Total population counted for unemployment by sex - Female,UNEMP_FEMALE,72
Municipality,MA,Franklin,Shutesbury,2022,5-Year-Estimates,Economic,Total population counted for unemployment by sex - Male,UNEMP_MALE,116
Municipality,MA,Franklin,Shutesbury,2022,5-Year-Estimates,Economic,Unemployment by sex and below the poverty line - Female,UNEMP_FEMALE_POV,2
Municipality,MA,Franklin,Shutesbury,2022,5-Year-Estimates,Economic,Unemployment by sex and below the poverty line - Male,UNEMP_MALE_POV,42
Municipality,MA,Franklin,Sunderland,2022,5-Year-Estimates,Demographics,Population Total,CEN_POP,"3,658.00"
Municipality,MA,Franklin,Sunderland,2022,5-Year-Estimates,Demographics,White Population,CEN_WHITE,"2,878.00"
Municipality,MA,Franklin,Sunderland,2022,5-Year-Estimates,Demographics,Hispanic or Latino Population (of any race),CEN_HISPANIC,184
Municipality,MA,Franklin,Sunderland,2022,5-Year-Estimates,Demographics,Black Population,CEN_BLACK,101
Municipality,MA,Franklin,Sunderland,2022,5-Year-Estimates,Demographics,Other Races Population,CEN_OTHRACE,50
Municipality,MA,Franklin,Sunderland,2022,5-Year-Estimates,Demographics,Asian Population,CEN_ASIAN,551
Municipality,MA,Franklin,Sunderland,2022,5-Year-Estimates,Demographics,Age-3 to 4 Years Old,3_4_YEARS,22
Municipality,MA,Franklin,Sunderland,2022,5-Year-Estimates,Demographics,Age-5 Years Old,5_YEARS,0
Municipality,MA,Franklin,Sunderland,2022,5-Year-Estimates,Demographics,Age-6 to 8 Years Old,6_8_YEARS,32
Municipality,MA,Franklin,Sunderland,2022,5-Year-Estimates,Demographics,Age-9 to 11 Years Old,9_11_YEARS,68
Municipality,MA,Franklin,Sunderland,2022,5-Year-Estimates,Demographics,Age-12 to 14 Years Old,12_14_YEARS,54
Municipality,MA,Franklin,Sunderland,2022,5-Year-Estimates,Demographics,Age-15 to 17 Years Old,15_17_YEARS,57
Municipality,MA,Franklin,Sunderland,2022,5-Year-Estimates,Demographics,Age-18 to 19 Years Old,18_19_YEARS,61
Municipality,MA,Franklin,Sunderland,2022,5-Year-Estimates,Demographics,Age-20 to 24 Years Old,20_24_YEARS,673
Municipality,MA,Franklin,Sunderland,2022,5-Year-Estimates,Demographics,Age-25 to 29 Years Old,25_29_YEARS,582
Municipality,MA,Franklin,Sunderland,2022,5-Year-Estimates,Demographics,Age-30 to 34 Years Old,30_34_YEARS,300
Municipality,MA,Franklin,Sunderland,2022,5-Year-Estimates,Demographics,Age-35 to 39 Years Old,35_39_YEARS,369
Municipality,MA,Franklin,Sunderland,2022,5-Year-Estimates,Demographics,Age-40 to 44 Years Old,40_44_YEARS,97
Municipality,MA,Franklin,Sunderland,2022,5-Year-Estimates,Demographics,Age-45 to 49 Years Old,45_49_YEARS,214
Municipality,MA,Franklin,Sunderland,2022,5-Year-Estimates,Demographics,Age-50 to 54 Years Old,50_54_YEARS,178
Municipality,MA,Franklin,Sunderland,2022,5-Year-Estimates,Demographics,Age-55 to 59 Years Old,55_59_YEARS,199
Municipality,MA,Franklin,Sunderland,2022,5-Year-Estimates,Demographics,Age-60 to 64 Years Old,60_64_YEARS,188
Municipality,MA,Franklin,Sunderland,2022,5-Year-Estimates,Demographics,Age-65 to 69 Years Old,65_69_YEARS,120
Municipality,MA,Franklin,Sunderland,2022,5-Year-Estimates,Demographics,Age-70 to 74 Years Old,70_74_YEARS,163
Municipality,MA,Franklin,Sunderland,2022,5-Year-Estimates,Demographics,Age-75 to 79 Years Old,75_79_YEARS,99
Municipality,MA,Franklin,Sunderland,2022,5-Year-Estimates,Demographics,Age-80 to 84 Years Old,80_84_YEARS,11
Municipality,MA,Franklin,Sunderland,2022,5-Year-Estimates,Demographics,Age-85 & older,85+_YEARS,102
Municipality,MA,Franklin,Sunderland,2022,5-Year-Estimates,Demographics,Age-Under 3 Years Old,UNDER_3_YEARS,69
Municipality,MA,Franklin,Sunderland,2022,5-Year-Estimates,Demographics,Households-Married Couples,CEN_MARRHOU,482
Municipality,MA,Franklin,Sunderland,2022,5-Year-Estimates,Demographics,Households-Single Parent,CEN_SINGPARHOU,51
Municipality,MA,Franklin,Sunderland,2022,5-Year-Estimates,Demographics,Households-Total,CEN_HOUSEHOLDS,"1,765.00"
Municipality,MA,Franklin,Sunderland,2022,5-Year-Estimates,Demographics,Net Domestic Migration,CEN_NET_DOM_MIGR,0
Municipality,MA,Franklin,Sunderland,2022,5-Year-Estimates,Demographics,Percent Elderly with Car Access,CAR_AGE_HOUSEHOLDER,1
Municipality,MA,Franklin,Sunderland,2022,5-Year-Estimates,Demographics,Percent Grandparents Who Are Primary Caregiver,GRAND_CAREGIVER,0
Municipality,MA,Franklin,Sunderland,2022,5-Year-Estimates,Demographics,Percent of Elderly Below Poverty Line,ELDERLY_POV,0.03
Municipality,MA,Franklin,Sunderland,2022,5-Year-Estimates,Demographics,Percent of Elderly who Live Alone,ELDERLY_LIVEALONE,0.31
Municipality,MA,Franklin,Sunderland,2022,5-Year-Estimates,Demographics,Percent of Population Who are Not White,MINORITY_PERCENT,0.21
Municipality,MA,Franklin,Sunderland,2022,5-Year-Estimates,Demographics,Population 5+,CEN_POP_O4,"3,567.00"
Municipality,MA,Franklin,Sunderland,2022,5-Year-Estimates,Demographics,Population 25+,CEN_POP_O24,"2,622.00"
Municipality,MA,Franklin,Sunderland,2022,5-Year-Estimates,Demographics,Population 65+,CEN_POP_O64,495
Municipality,MA,Franklin,Sunderland,2022,5-Year-Estimates,Demographics,Population Living in Rural Areas,CEN_RURALPOP,0
Municipality,MA,Franklin,Sunderland,2022,5-Year-Estimates,Demographics,Population living in the same county as five years ago,CEN_SAMECOUNTY,0
Municipality,MA,Franklin,Sunderland,2022,5-Year-Estimates,Demographics,Population living in the same house as five years ago,CEN_SAMEHOUSE,0
Municipality,MA,Franklin,Sunderland,2022,5-Year-Estimates,Demographics,Population Living in Urban Areas,CEN_URBANPOP,0
Municipality,MA,Franklin,Sunderland,2022,5-Year-Estimates,Demographics,Population Under 18,CEN_POP_U18,302
Municipality,MA,Franklin,Sunderland,2022,5-Year-Estimates,Demographics,Population-Foreign Born,CEN_FORBORN,475
Municipality,MA,Franklin,Sunderland,2022,5-Year-Estimates,Demographics,Single Parent Families,CEN_SINGPAR_CHILD,0
Municipality,MA,Franklin,Sunderland,2022,5-Year-Estimates,Demographics,Speak an Asian Language at Home,CEN_ASIANLANG,273
Municipality,MA,Franklin,Sunderland,2022,5-Year-Estimates,Demographics,Speak Only English at Home,CEN_ENGLISH,"3,016.00"
Municipality,MA,Franklin,Sunderland,2022,5-Year-Estimates,Demographics,Speak Other Language at Home,CEN_OTHLANG,0
Municipality,MA,Franklin,Sunderland,2022,5-Year-Estimates,Demographics,Speak Spanish at Home,CEN_SPANISH,41
Municipality,MA,Franklin,Sunderland,2022,5-Year-Estimates,Demographics,"Two or More Races, Not Hispanic or Latino",CEN_TWO_MORE_NOT_HISP,78
Municipality,MA,Franklin,Sunderland,2022,5-Year-Estimates,Economic,"% Households with Income between $10,000 to $14,999",CEN_PERC_HHINC_10000-14999,0.02
Municipality,MA,Franklin,Sunderland,2022,5-Year-Estimates,Economic,"% Households with Income between $15,000 to $24,999",CEN_PERC_HHINC_15000-24999,0.04
Municipality,MA,Franklin,Sunderland,2022,5-Year-Estimates,Economic,"%  Households with Income between $25,000 to $34,999",CEN_PERC_HHINC_25000-34999,0.13
Municipality,MA,Franklin,Sunderland,2022,5-Year-Estimates,Economic,"%  Households with Income between $35,000 to $49,999",CEN_PERC_HHINC_35000-49999,0.07
Municipality,MA,Franklin,Sunderland,2022,5-Year-Estimates,Economic,"% of  Households with Income between $50,000 to $74,999",CEN_PERC_HHINC_50000-74999,0.22
Municipality,MA,Franklin,Sunderland,2022,5-Year-Estimates,Economic,"% of  Households with Income between $75,000 to $99,999",CEN_PERC_HHINC_75000-99999,0.12
Municipality,MA,Franklin,Sunderland,2022,5-Year-Estimates,Economic,"% of  Households with Income between $100,000 to $149,999",CEN_PERC_HHINC_100000-149999,0.14
Municipality,MA,Franklin,Sunderland,2022,5-Year-Estimates,Economic,"%  of Households with Income between $150,000 to $199,999",CEN_PERC_HHINC_150000-199999,0.1
Municipality,MA,Franklin,Sunderland,2022,5-Year-Estimates,Economic,"% of  Households with Income between $200,000 or more",CEN_PERC_HHINC_200000_PLUS,0.04
Municipality,MA,Franklin,Sunderland,2022,5-Year-Estimates,Economic,"% of Households with Income Less than $10,000",CEN_PERC_HHINC_0-9999,0.13
Municipality,MA,Franklin,Sunderland,2022,5-Year-Estimates,Economic,Child Poverty Rate,CEN_CHILD_POV,0.16
Municipality,MA,Franklin,Sunderland,2022,5-Year-Estimates,Economic,Employment by sex - Female Total,EMP_FEMALE,"2,148.00"
Municipality,MA,Franklin,Sunderland,2022,5-Year-Estimates,Economic,Employment by sex - Male Total,EMP_MALE,"2,662.00"
Municipality,MA,Franklin,Sunderland,2022,5-Year-Estimates,Economic,Employment by sex and below the poverty line - Total,UNEMP_TOT_POV,304
Municipality,MA,Franklin,Sunderland,2022,5-Year-Estimates,Economic,Employment by sex and below the poverty line - Total Percentage,UNEMP_TOT_POV_PERC,1.43
Municipality,MA,Franklin,Sunderland,2022,5-Year-Estimates,Economic,Employment by sex and in poverty - Female,EMP_FEMALE_POV,428
Municipality,MA,Franklin,Sunderland,2022,5-Year-Estimates,Economic,Employment by sex and in poverty - Male,EMP_MALE_POV,272
Municipality,MA,Franklin,Sunderland,2022,5-Year-Estimates,Economic,Employment by sex and in poverty - Total,EMP_TOT_POV,700
Municipality,MA,Franklin,Sunderland,2022,5-Year-Estimates,Economic,Employment by sex and in poverty - Total Percentage,EMP_TOT_POV_PERC,0.29
Municipality,MA,Franklin,Sunderland,2022,5-Year-Estimates,Economic,Family Economic Self Sufficiency,CEN_FAMECON_SELF,0
Municipality,MA,Franklin,Sunderland,2022,5-Year-Estimates,Economic,Gini Coefficient (Income Inequality),CEN_INCOME_INEQ,0.44
Municipality,MA,Franklin,Sunderland,2022,5-Year-Estimates,Economic,"Households with Income between $10,000 to $14,999",CEN_HHINC_10000-14999,34
Municipality,MA,Franklin,Sunderland,2022,5-Year-Estimates,Economic,"Households with Income between $15,000 to $24,999",CEN_HHINC_15000-24999,72
Municipality,MA,Franklin,Sunderland,2022,5-Year-Estimates,Economic,"Households with Income between $25,000 to $34,999",CEN_HHINC_25000-34999,230
Municipality,MA,Franklin,Sunderland,2022,5-Year-Estimates,Economic,"Households with Income between $35,000 to $49,999",CEN_HHINC_35000-49999,117
Municipality,MA,Franklin,Sunderland,2022,5-Year-Estimates,Economic,"Households with Income between $50,000 to $74,999",CEN_HHINC_50000-74999,384
Municipality,MA,Franklin,Sunderland,2022,5-Year-Estimates,Economic,"Households with Income between $75,000 to $99,999",CEN_HHINC_75000-99999,208
Municipality,MA,Franklin,Sunderland,2022,5-Year-Estimates,Economic,"Households with Income between $100,000 to $149,999",CEN_HHINC_100000-149999,246
Municipality,MA,Franklin,Sunderland,2022,5-Year-Estimates,Economic,"Households with Income between $150,000 to $199,999",CEN_HHINC_150000-199999,171
Municipality,MA,Franklin,Sunderland,2022,5-Year-Estimates,Economic,"Households with Income between $200,000 or more",CEN_HHINC_200000_PLUS,66
Municipality,MA,Franklin,Sunderland,2022,5-Year-Estimates,Economic,"Households with Income Less than $10,000",CEN_HHINC_0-9999,237
Municipality,MA,Franklin,Sunderland,2022,5-Year-Estimates,Economic,Households with Retirement Income,CEN_RETINC,383
Municipality,MA,Franklin,Sunderland,2022,5-Year-Estimates,Economic,Households with Social Security Income,CEN_SOCSECINC,364
Municipality,MA,Franklin,Sunderland,2022,5-Year-Estimates,Economic,Income Under 200% of Poverty Line,CENPOV200,0.33
Municipality,MA,Franklin,Sunderland,2022,5-Year-Estimates,Economic,Median Family Income,CEN_MEDFAMINC,"139,177.00"
Municipality,MA,Franklin,Sunderland,2022,5-Year-Estimates,Economic,Median Household Income,CEN_MEDHHINC,"59,185.00"
Municipality,MA,Franklin,Sunderland,2022,5-Year-Estimates,Economic,Per Capita Income,CEN_PERCAPINC,"37,032.00"
Municipality,MA,Franklin,Sunderland,2022,5-Year-Estimates,Economic,Percent of Employed Population in Poverty - Female,EMP_FEMALE_POV_PERC,0.4
Municipality,MA,Franklin,Sunderland,2022,5-Year-Estimates,Economic,Percent of Employed Population in Poverty - Male,EMP_MALE_POV_PERC,0.2
Municipality,MA,Franklin,Sunderland,2022,5-Year-Estimates,Economic,Percent of Families in Poverty,CEN_FAM_POV,0.04
Municipality,MA,Franklin,Sunderland,2022,5-Year-Estimates,Economic,Percent of Unemployed Population in Poverty - Female,UNEMP_FEMALE_POV_PERC,1.8
Municipality,MA,Franklin,Sunderland,2022,5-Year-Estimates,Economic,Percent of Unemployed Population in Poverty - Male,UNEMP_MALE_POV_PERC,0.57
Municipality,MA,Franklin,Sunderland,2022,5-Year-Estimates,Economic,Population Living below Poverty,CEN_POOR,502
Municipality,MA,Franklin,Sunderland,2022,5-Year-Estimates,Economic,Poverty Rate,CEN_POVRATE,0.19
Municipality,MA,Franklin,Sunderland,2022,5-Year-Estimates,Economic,Poverty Rate of Foreign Born,CEN_POV_FOR_BORN,0.06
Municipality,MA,Franklin,Sunderland,2022,5-Year-Estimates,Economic,Poverty Rate of Foreign Born Naturalized Citizens,CEN_POV_FOR_BORN_NAT,0
Municipality,MA,Franklin,Sunderland,2022,5-Year-Estimates,Economic,Poverty Rate of Foreign Born Non-Citizens,CEN_POV_FOR_BORN_NON_CIT,0
Municipality,MA,Franklin,Sunderland,2022,5-Year-Estimates,Economic,Poverty Status Determined Population,CEN_POVTOTALPOP,"3,588.00"
Municipality,MA,Franklin,Sunderland,2022,5-Year-Estimates,Economic,Self Employment Income-Household,CEN_SELFEMPINC,239
Municipality,MA,Franklin,Sunderland,2022,5-Year-Estimates,Economic,Total population counted for unemployment by sex - Female,UNEMP_FEMALE,298
Municipality,MA,Franklin,Sunderland,2022,5-Year-Estimates,Economic,Total population counted for unemployment by sex - Male,UNEMP_MALE,126
Municipality,MA,Franklin,Sunderland,2022,5-Year-Estimates,Economic,Unemployment by sex and below the poverty line - Female,UNEMP_FEMALE_POV,268
Municipality,MA,Franklin,Sunderland,2022,5-Year-Estimates,Economic,Unemployment by sex and below the poverty line - Male,UNEMP_MALE_POV,36
Municipality,MA,Franklin,Warwick,2022,5-Year-Estimates,Demographics,Population Total,CEN_POP,814
Municipality,MA,Franklin,Warwick,2022,5-Year-Estimates,Demographics,White Population,CEN_WHITE,787
Municipality,MA,Franklin,Warwick,2022,5-Year-Estimates,Demographics,Hispanic or Latino Population (of any race),CEN_HISPANIC,8
Municipality,MA,Franklin,Warwick,2022,5-Year-Estimates,Demographics,Black Population,CEN_BLACK,0
Municipality,MA,Franklin,Warwick,2022,5-Year-Estimates,Demographics,Other Races Population,CEN_OTHRACE,0
Municipality,MA,Franklin,Warwick,2022,5-Year-Estimates,Demographics,Asian Population,CEN_ASIAN,9
Municipality,MA,Franklin,Warwick,2022,5-Year-Estimates,Demographics,Age-3 to 4 Years Old,3_4_YEARS,7
Municipality,MA,Franklin,Warwick,2022,5-Year-Estimates,Demographics,Age-5 Years Old,5_YEARS,10
Municipality,MA,Franklin,Warwick,2022,5-Year-Estimates,Demographics,Age-6 to 8 Years Old,6_8_YEARS,18
Municipality,MA,Franklin,Warwick,2022,5-Year-Estimates,Demographics,Age-9 to 11 Years Old,9_11_YEARS,17
Municipality,MA,Franklin,Warwick,2022,5-Year-Estimates,Demographics,Age-12 to 14 Years Old,12_14_YEARS,25
Municipality,MA,Franklin,Warwick,2022,5-Year-Estimates,Demographics,Age-15 to 17 Years Old,15_17_YEARS,9
Municipality,MA,Franklin,Warwick,2022,5-Year-Estimates,Demographics,Age-18 to 19 Years Old,18_19_YEARS,15
Municipality,MA,Franklin,Warwick,2022,5-Year-Estimates,Demographics,Age-20 to 24 Years Old,20_24_YEARS,16
Municipality,MA,Franklin,Warwick,2022,5-Year-Estimates,Demographics,Age-25 to 29 Years Old,25_29_YEARS,59
Municipality,MA,Franklin,Warwick,2022,5-Year-Estimates,Demographics,Age-30 to 34 Years Old,30_34_YEARS,39
Municipality,MA,Franklin,Warwick,2022,5-Year-Estimates,Demographics,Age-35 to 39 Years Old,35_39_YEARS,44
Municipality,MA,Franklin,Warwick,2022,5-Year-Estimates,Demographics,Age-40 to 44 Years Old,40_44_YEARS,35
Municipality,MA,Franklin,Warwick,2022,5-Year-Estimates,Demographics,Age-45 to 49 Years Old,45_49_YEARS,85
Municipality,MA,Franklin,Warwick,2022,5-Year-Estimates,Demographics,Age-50 to 54 Years Old,50_54_YEARS,32
Municipality,MA,Franklin,Warwick,2022,5-Year-Estimates,Demographics,Age-55 to 59 Years Old,55_59_YEARS,108
Municipality,MA,Franklin,Warwick,2022,5-Year-Estimates,Demographics,Age-60 to 64 Years Old,60_64_YEARS,116
Municipality,MA,Franklin,Warwick,2022,5-Year-Estimates,Demographics,Age-65 to 69 Years Old,65_69_YEARS,56
Municipality,MA,Franklin,Warwick,2022,5-Year-Estimates,Demographics,Age-70 to 74 Years Old,70_74_YEARS,33
Municipality,MA,Franklin,Warwick,2022,5-Year-Estimates,Demographics,Age-75 to 79 Years Old,75_79_YEARS,31
Municipality,MA,Franklin,Warwick,2022,5-Year-Estimates,Demographics,Age-80 to 84 Years Old,80_84_YEARS,26
Municipality,MA,Franklin,Warwick,2022,5-Year-Estimates,Demographics,Age-85 & older,85+_YEARS,9
Municipality,MA,Franklin,Warwick,2022,5-Year-Estimates,Demographics,Age-Under 3 Years Old,UNDER_3_YEARS,24
Municipality,MA,Franklin,Warwick,2022,5-Year-Estimates,Demographics,Households-Married Couples,CEN_MARRHOU,202
Municipality,MA,Franklin,Warwick,2022,5-Year-Estimates,Demographics,Households-Single Parent,CEN_SINGPARHOU,0
Municipality,MA,Franklin,Warwick,2022,5-Year-Estimates,Demographics,Households-Total,CEN_HOUSEHOLDS,348
Municipality,MA,Franklin,Warwick,2022,5-Year-Estimates,Demographics,Net Domestic Migration,CEN_NET_DOM_MIGR,0
Municipality,MA,Franklin,Warwick,2022,5-Year-Estimates,Demographics,Percent Elderly with Car Access,CAR_AGE_HOUSEHOLDER,1
Municipality,MA,Franklin,Warwick,2022,5-Year-Estimates,Demographics,Percent Grandparents Who Are Primary Caregiver,GRAND_CAREGIVER,0.86
Municipality,MA,Franklin,Warwick,2022,5-Year-Estimates,Demographics,Percent of Elderly Below Poverty Line,ELDERLY_POV,0.03
Municipality,MA,Franklin,Warwick,2022,5-Year-Estimates,Demographics,Percent of Elderly who Live Alone,ELDERLY_LIVEALONE,0.25
Municipality,MA,Franklin,Warwick,2022,5-Year-Estimates,Demographics,Percent of Population Who are Not White,MINORITY_PERCENT,0.03
Municipality,MA,Franklin,Warwick,2022,5-Year-Estimates,Demographics,Population 5+,CEN_POP_O4,783
Municipality,MA,Franklin,Warwick,2022,5-Year-Estimates,Demographics,Population 25+,CEN_POP_O24,673
Municipality,MA,Franklin,Warwick,2022,5-Year-Estimates,Demographics,Population 65+,CEN_POP_O64,155
Municipality,MA,Franklin,Warwick,2022,5-Year-Estimates,Demographics,Population Living in Rural Areas,CEN_RURALPOP,0
Municipality,MA,Franklin,Warwick,2022,5-Year-Estimates,Demographics,Population living in the same county as five years ago,CEN_SAMECOUNTY,0
Municipality,MA,Franklin,Warwick,2022,5-Year-Estimates,Demographics,Population living in the same house as five years ago,CEN_SAMEHOUSE,0
Municipality,MA,Franklin,Warwick,2022,5-Year-Estimates,Demographics,Population Living in Urban Areas,CEN_URBANPOP,0
Municipality,MA,Franklin,Warwick,2022,5-Year-Estimates,Demographics,Population Under 18,CEN_POP_U18,110
Municipality,MA,Franklin,Warwick,2022,5-Year-Estimates,Demographics,Population-Foreign Born,CEN_FORBORN,25
Municipality,MA,Franklin,Warwick,2022,5-Year-Estimates,Demographics,Single Parent Families,CEN_SINGPAR_CHILD,0
Municipality,MA,Franklin,Warwick,2022,5-Year-Estimates,Demographics,Speak an Asian Language at Home,CEN_ASIANLANG,3
Municipality,MA,Franklin,Warwick,2022,5-Year-Estimates,Demographics,Speak Only English at Home,CEN_ENGLISH,753
Municipality,MA,Franklin,Warwick,2022,5-Year-Estimates,Demographics,Speak Other Language at Home,CEN_OTHLANG,0
Municipality,MA,Franklin,Warwick,2022,5-Year-Estimates,Demographics,Speak Spanish at Home,CEN_SPANISH,5
Municipality,MA,Franklin,Warwick,2022,5-Year-Estimates,Demographics,"Two or More Races, Not Hispanic or Latino",CEN_TWO_MORE_NOT_HISP,18
Municipality,MA,Franklin,Warwick,2022,5-Year-Estimates,Economic,"% Households with Income between $10,000 to $14,999",CEN_PERC_HHINC_10000-14999,0.02
Municipality,MA,Franklin,Warwick,2022,5-Year-Estimates,Economic,"% Households with Income between $15,000 to $24,999",CEN_PERC_HHINC_15000-24999,0.03
Municipality,MA,Franklin,Warwick,2022,5-Year-Estimates,Economic,"%  Households with Income between $25,000 to $34,999",CEN_PERC_HHINC_25000-34999,0.08
Municipality,MA,Franklin,Warwick,2022,5-Year-Estimates,Economic,"%  Households with Income between $35,000 to $49,999",CEN_PERC_HHINC_35000-49999,0.09
Municipality,MA,Franklin,Warwick,2022,5-Year-Estimates,Economic,"% of  Households with Income between $50,000 to $74,999",CEN_PERC_HHINC_50000-74999,0.14
Municipality,MA,Franklin,Warwick,2022,5-Year-Estimates,Economic,"% of  Households with Income between $75,000 to $99,999",CEN_PERC_HHINC_75000-99999,0.19
Municipality,MA,Franklin,Warwick,2022,5-Year-Estimates,Economic,"% of  Households with Income between $100,000 to $149,999",CEN_PERC_HHINC_100000-149999,0.18
Municipality,MA,Franklin,Warwick,2022,5-Year-Estimates,Economic,"%  of Households with Income between $150,000 to $199,999",CEN_PERC_HHINC_150000-199999,0.13
Municipality,MA,Franklin,Warwick,2022,5-Year-Estimates,Economic,"% of  Households with Income between $200,000 or more",CEN_PERC_HHINC_200000_PLUS,0.12
Municipality,MA,Franklin,Warwick,2022,5-Year-Estimates,Economic,"% of Households with Income Less than $10,000",CEN_PERC_HHINC_0-9999,0.01
Municipality,MA,Franklin,Warwick,2022,5-Year-Estimates,Economic,Child Poverty Rate,CEN_CHILD_POV,0.09
Municipality,MA,Franklin,Warwick,2022,5-Year-Estimates,Economic,Employment by sex - Female Total,EMP_FEMALE,446
Municipality,MA,Franklin,Warwick,2022,5-Year-Estimates,Economic,Employment by sex - Male Total,EMP_MALE,422
Municipality,MA,Franklin,Warwick,2022,5-Year-Estimates,Economic,Employment by sex and below the poverty line - Total,UNEMP_TOT_POV,26
Municipality,MA,Franklin,Warwick,2022,5-Year-Estimates,Economic,Employment by sex and below the poverty line - Total Percentage,UNEMP_TOT_POV_PERC,0.9
Municipality,MA,Franklin,Warwick,2022,5-Year-Estimates,Economic,Employment by sex and in poverty - Female,EMP_FEMALE_POV,20
Municipality,MA,Franklin,Warwick,2022,5-Year-Estimates,Economic,Employment by sex and in poverty - Male,EMP_MALE_POV,0
Municipality,MA,Franklin,Warwick,2022,5-Year-Estimates,Economic,Employment by sex and in poverty - Total,EMP_TOT_POV,20
Municipality,MA,Franklin,Warwick,2022,5-Year-Estimates,Economic,Employment by sex and in poverty - Total Percentage,EMP_TOT_POV_PERC,0.05
Municipality,MA,Franklin,Warwick,2022,5-Year-Estimates,Economic,Family Economic Self Sufficiency,CEN_FAMECON_SELF,0
Municipality,MA,Franklin,Warwick,2022,5-Year-Estimates,Economic,Gini Coefficient (Income Inequality),CEN_INCOME_INEQ,0.36
Municipality,MA,Franklin,Warwick,2022,5-Year-Estimates,Economic,"Households with Income between $10,000 to $14,999",CEN_HHINC_10000-14999,7
Municipality,MA,Franklin,Warwick,2022,5-Year-Estimates,Economic,"Households with Income between $15,000 to $24,999",CEN_HHINC_15000-24999,12
Municipality,MA,Franklin,Warwick,2022,5-Year-Estimates,Economic,"Households with Income between $25,000 to $34,999",CEN_HHINC_25000-34999,29
Municipality,MA,Franklin,Warwick,2022,5-Year-Estimates,Economic,"Households with Income between $35,000 to $49,999",CEN_HHINC_35000-49999,30
Municipality,MA,Franklin,Warwick,2022,5-Year-Estimates,Economic,"Households with Income between $50,000 to $74,999",CEN_HHINC_50000-74999,50
Municipality,MA,Franklin,Warwick,2022,5-Year-Estimates,Economic,"Households with Income between $75,000 to $99,999",CEN_HHINC_75000-99999,66
Municipality,MA,Franklin,Warwick,2022,5-Year-Estimates,Economic,"Households with Income between $100,000 to $149,999",CEN_HHINC_100000-149999,64
Municipality,MA,Franklin,Warwick,2022,5-Year-Estimates,Economic,"Households with Income between $150,000 to $199,999",CEN_HHINC_150000-199999,45
Municipality,MA,Franklin,Warwick,2022,5-Year-Estimates,Economic,"Households with Income between $200,000 or more",CEN_HHINC_200000_PLUS,41
Municipality,MA,Franklin,Warwick,2022,5-Year-Estimates,Economic,"Households with Income Less than $10,000",CEN_HHINC_0-9999,4
Municipality,MA,Franklin,Warwick,2022,5-Year-Estimates,Economic,Households with Retirement Income,CEN_RETINC,124
Municipality,MA,Franklin,Warwick,2022,5-Year-Estimates,Economic,Households with Social Security Income,CEN_SOCSECINC,104
Municipality,MA,Franklin,Warwick,2022,5-Year-Estimates,Economic,Income Under 200% of Poverty Line,CENPOV200,0.16
Municipality,MA,Franklin,Warwick,2022,5-Year-Estimates,Economic,Median Family Income,CEN_MEDFAMINC,"123,871.00"
Municipality,MA,Franklin,Warwick,2022,5-Year-Estimates,Economic,Median Household Income,CEN_MEDHHINC,"89,643.00"
Municipality,MA,Franklin,Warwick,2022,5-Year-Estimates,Economic,Per Capita Income,CEN_PERCAPINC,"45,425.00"
Municipality,MA,Franklin,Warwick,2022,5-Year-Estimates,Economic,Percent of Employed Population in Poverty - Female,EMP_FEMALE_POV_PERC,0.09
Municipality,MA,Franklin,Warwick,2022,5-Year-Estimates,Economic,Percent of Employed Population in Poverty - Male,EMP_MALE_POV_PERC,0
Municipality,MA,Franklin,Warwick,2022,5-Year-Estimates,Economic,Percent of Families in Poverty,CEN_FAM_POV,0.02
Municipality,MA,Franklin,Warwick,2022,5-Year-Estimates,Economic,Percent of Unemployed Population in Poverty - Female,UNEMP_FEMALE_POV_PERC,2
Municipality,MA,Franklin,Warwick,2022,5-Year-Estimates,Economic,Percent of Unemployed Population in Poverty - Male,UNEMP_MALE_POV_PERC,0.61
Municipality,MA,Franklin,Warwick,2022,5-Year-Estimates,Economic,Population Living below Poverty,CEN_POOR,23
Municipality,MA,Franklin,Warwick,2022,5-Year-Estimates,Economic,Poverty Rate,CEN_POVRATE,0.05
Municipality,MA,Franklin,Warwick,2022,5-Year-Estimates,Economic,Poverty Rate of Foreign Born,CEN_POV_FOR_BORN,0
Municipality,MA,Franklin,Warwick,2022,5-Year-Estimates,Economic,Poverty Rate of Foreign Born Naturalized Citizens,CEN_POV_FOR_BORN_NAT,0
Municipality,MA,Franklin,Warwick,2022,5-Year-Estimates,Economic,Poverty Rate of Foreign Born Non-Citizens,CEN_POV_FOR_BORN_NON_CIT,0
Municipality,MA,Franklin,Warwick,2022,5-Year-Estimates,Economic,Poverty Status Determined Population,CEN_POVTOTALPOP,811
Municipality,MA,Franklin,Warwick,2022,5-Year-Estimates,Economic,Self Employment Income-Household,CEN_SELFEMPINC,67
Municipality,MA,Franklin,Warwick,2022,5-Year-Estimates,Economic,Total population counted for unemployment by sex - Female,UNEMP_FEMALE,12
Municipality,MA,Franklin,Warwick,2022,5-Year-Estimates,Economic,Total population counted for unemployment by sex - Male,UNEMP_MALE,46
Municipality,MA,Franklin,Warwick,2022,5-Year-Estimates,Economic,Unemployment by sex and below the poverty line - Female,UNEMP_FEMALE_POV,12
Municipality,MA,Franklin,Warwick,2022,5-Year-Estimates,Economic,Unemployment by sex and below the poverty line - Male,UNEMP_MALE_POV,14
Municipality,MA,Franklin,Wendell,2022,5-Year-Estimates,Demographics,Population Total,CEN_POP,847
Municipality,MA,Franklin,Wendell,2022,5-Year-Estimates,Demographics,White Population,CEN_WHITE,730
Municipality,MA,Franklin,Wendell,2022,5-Year-Estimates,Demographics,Hispanic or Latino Population (of any race),CEN_HISPANIC,36
Municipality,MA,Franklin,Wendell,2022,5-Year-Estimates,Demographics,Black Population,CEN_BLACK,50
Municipality,MA,Franklin,Wendell,2022,5-Year-Estimates,Demographics,Other Races Population,CEN_OTHRACE,7
Municipality,MA,Franklin,Wendell,2022,5-Year-Estimates,Demographics,Asian Population,CEN_ASIAN,18
Municipality,MA,Franklin,Wendell,2022,5-Year-Estimates,Demographics,Age-3 to 4 Years Old,3_4_YEARS,10
Municipality,MA,Franklin,Wendell,2022,5-Year-Estimates,Demographics,Age-5 Years Old,5_YEARS,0
Municipality,MA,Franklin,Wendell,2022,5-Year-Estimates,Demographics,Age-6 to 8 Years Old,6_8_YEARS,17
Municipality,MA,Franklin,Wendell,2022,5-Year-Estimates,Demographics,Age-9 to 11 Years Old,9_11_YEARS,26
Municipality,MA,Franklin,Wendell,2022,5-Year-Estimates,Demographics,Age-12 to 14 Years Old,12_14_YEARS,33
Municipality,MA,Franklin,Wendell,2022,5-Year-Estimates,Demographics,Age-15 to 17 Years Old,15_17_YEARS,21
Municipality,MA,Franklin,Wendell,2022,5-Year-Estimates,Demographics,Age-18 to 19 Years Old,18_19_YEARS,10
Municipality,MA,Franklin,Wendell,2022,5-Year-Estimates,Demographics,Age-20 to 24 Years Old,20_24_YEARS,7
Municipality,MA,Franklin,Wendell,2022,5-Year-Estimates,Demographics,Age-25 to 29 Years Old,25_29_YEARS,22
Municipality,MA,Franklin,Wendell,2022,5-Year-Estimates,Demographics,Age-30 to 34 Years Old,30_34_YEARS,40
Municipality,MA,Franklin,Wendell,2022,5-Year-Estimates,Demographics,Age-35 to 39 Years Old,35_39_YEARS,89
Municipality,MA,Franklin,Wendell,2022,5-Year-Estimates,Demographics,Age-40 to 44 Years Old,40_44_YEARS,45
Municipality,MA,Franklin,Wendell,2022,5-Year-Estimates,Demographics,Age-45 to 49 Years Old,45_49_YEARS,57
Municipality,MA,Franklin,Wendell,2022,5-Year-Estimates,Demographics,Age-50 to 54 Years Old,50_54_YEARS,97
Municipality,MA,Franklin,Wendell,2022,5-Year-Estimates,Demographics,Age-55 to 59 Years Old,55_59_YEARS,45
Municipality,MA,Franklin,Wendell,2022,5-Year-Estimates,Demographics,Age-60 to 64 Years Old,60_64_YEARS,98
Municipality,MA,Franklin,Wendell,2022,5-Year-Estimates,Demographics,Age-65 to 69 Years Old,65_69_YEARS,77
Municipality,MA,Franklin,Wendell,2022,5-Year-Estimates,Demographics,Age-70 to 74 Years Old,70_74_YEARS,49
Municipality,MA,Franklin,Wendell,2022,5-Year-Estimates,Demographics,Age-75 to 79 Years Old,75_79_YEARS,70
Municipality,MA,Franklin,Wendell,2022,5-Year-Estimates,Demographics,Age-80 to 84 Years Old,80_84_YEARS,18
Municipality,MA,Franklin,Wendell,2022,5-Year-Estimates,Demographics,Age-85 & older,85+_YEARS,7
Municipality,MA,Franklin,Wendell,2022,5-Year-Estimates,Demographics,Age-Under 3 Years Old,UNDER_3_YEARS,9
Municipality,MA,Franklin,Wendell,2022,5-Year-Estimates,Demographics,Households-Married Couples,CEN_MARRHOU,185
Municipality,MA,Franklin,Wendell,2022,5-Year-Estimates,Demographics,Households-Single Parent,CEN_SINGPARHOU,23
Municipality,MA,Franklin,Wendell,2022,5-Year-Estimates,Demographics,Households-Total,CEN_HOUSEHOLDS,389
Municipality,MA,Franklin,Wendell,2022,5-Year-Estimates,Demographics,Net Domestic Migration,CEN_NET_DOM_MIGR,0
Municipality,MA,Franklin,Wendell,2022,5-Year-Estimates,Demographics,Percent Elderly with Car Access,CAR_AGE_HOUSEHOLDER,0.96
Municipality,MA,Franklin,Wendell,2022,5-Year-Estimates,Demographics,Percent Grandparents Who Are Primary Caregiver,GRAND_CAREGIVER,0
Municipality,MA,Franklin,Wendell,2022,5-Year-Estimates,Demographics,Percent of Elderly Below Poverty Line,ELDERLY_POV,0.14
Municipality,MA,Franklin,Wendell,2022,5-Year-Estimates,Demographics,Percent of Elderly who Live Alone,ELDERLY_LIVEALONE,0.23
Municipality,MA,Franklin,Wendell,2022,5-Year-Estimates,Demographics,Percent of Population Who are Not White,MINORITY_PERCENT,0.14
Municipality,MA,Franklin,Wendell,2022,5-Year-Estimates,Demographics,Population 5+,CEN_POP_O4,828
Municipality,MA,Franklin,Wendell,2022,5-Year-Estimates,Demographics,Population 25+,CEN_POP_O24,714
Municipality,MA,Franklin,Wendell,2022,5-Year-Estimates,Demographics,Population 65+,CEN_POP_O64,221
Municipality,MA,Franklin,Wendell,2022,5-Year-Estimates,Demographics,Population Living in Rural Areas,CEN_RURALPOP,0
Municipality,MA,Franklin,Wendell,2022,5-Year-Estimates,Demographics,Population living in the same county as five years ago,CEN_SAMECOUNTY,0
Municipality,MA,Franklin,Wendell,2022,5-Year-Estimates,Demographics,Population living in the same house as five years ago,CEN_SAMEHOUSE,0
Municipality,MA,Franklin,Wendell,2022,5-Year-Estimates,Demographics,Population Living in Urban Areas,CEN_URBANPOP,0
Municipality,MA,Franklin,Wendell,2022,5-Year-Estimates,Demographics,Population Under 18,CEN_POP_U18,116
Municipality,MA,Franklin,Wendell,2022,5-Year-Estimates,Demographics,Population-Foreign Born,CEN_FORBORN,28
Municipality,MA,Franklin,Wendell,2022,5-Year-Estimates,Demographics,Single Parent Families,CEN_SINGPAR_CHILD,0
Municipality,MA,Franklin,Wendell,2022,5-Year-Estimates,Demographics,Speak an Asian Language at Home,CEN_ASIANLANG,25
Municipality,MA,Franklin,Wendell,2022,5-Year-Estimates,Demographics,Speak Only English at Home,CEN_ENGLISH,797
Municipality,MA,Franklin,Wendell,2022,5-Year-Estimates,Demographics,Speak Other Language at Home,CEN_OTHLANG,0
Municipality,MA,Franklin,Wendell,2022,5-Year-Estimates,Demographics,Speak Spanish at Home,CEN_SPANISH,4
Municipality,MA,Franklin,Wendell,2022,5-Year-Estimates,Demographics,"Two or More Races, Not Hispanic or Latino",CEN_TWO_MORE_NOT_HISP,42
Municipality,MA,Franklin,Wendell,2022,5-Year-Estimates,Economic,"% Households with Income between $10,000 to $14,999",CEN_PERC_HHINC_10000-14999,0.05
Municipality,MA,Franklin,Wendell,2022,5-Year-Estimates,Economic,"% Households with Income between $15,000 to $24,999",CEN_PERC_HHINC_15000-24999,0.05
Municipality,MA,Franklin,Wendell,2022,5-Year-Estimates,Economic,"%  Households with Income between $25,000 to $34,999",CEN_PERC_HHINC_25000-34999,0.04
Municipality,MA,Franklin,Wendell,2022,5-Year-Estimates,Economic,"%  Households with Income between $35,000 to $49,999",CEN_PERC_HHINC_35000-49999,0.12
Municipality,MA,Franklin,Wendell,2022,5-Year-Estimates,Economic,"% of  Households with Income between $50,000 to $74,999",CEN_PERC_HHINC_50000-74999,0.24
Municipality,MA,Franklin,Wendell,2022,5-Year-Estimates,Economic,"% of  Households with Income between $75,000 to $99,999",CEN_PERC_HHINC_75000-99999,0.16
Municipality,MA,Franklin,Wendell,2022,5-Year-Estimates,Economic,"% of  Households with Income between $100,000 to $149,999",CEN_PERC_HHINC_100000-149999,0.13
Municipality,MA,Franklin,Wendell,2022,5-Year-Estimates,Economic,"%  of Households with Income between $150,000 to $199,999",CEN_PERC_HHINC_150000-199999,0.08
Municipality,MA,Franklin,Wendell,2022,5-Year-Estimates,Economic,"% of  Households with Income between $200,000 or more",CEN_PERC_HHINC_200000_PLUS,0.04
Municipality,MA,Franklin,Wendell,2022,5-Year-Estimates,Economic,"% of Households with Income Less than $10,000",CEN_PERC_HHINC_0-9999,0.09
Municipality,MA,Franklin,Wendell,2022,5-Year-Estimates,Economic,Child Poverty Rate,CEN_CHILD_POV,0.1
Municipality,MA,Franklin,Wendell,2022,5-Year-Estimates,Economic,Employment by sex - Female Total,EMP_FEMALE,388
Municipality,MA,Franklin,Wendell,2022,5-Year-Estimates,Economic,Employment by sex - Male Total,EMP_MALE,386
Municipality,MA,Franklin,Wendell,2022,5-Year-Estimates,Economic,Employment by sex and below the poverty line - Total,UNEMP_TOT_POV,20
Municipality,MA,Franklin,Wendell,2022,5-Year-Estimates,Economic,Employment by sex and below the poverty line - Total Percentage,UNEMP_TOT_POV_PERC,0.56
Municipality,MA,Franklin,Wendell,2022,5-Year-Estimates,Economic,Employment by sex and in poverty - Female,EMP_FEMALE_POV,22
Municipality,MA,Franklin,Wendell,2022,5-Year-Estimates,Economic,Employment by sex and in poverty - Male,EMP_MALE_POV,20
Municipality,MA,Franklin,Wendell,2022,5-Year-Estimates,Economic,Employment by sex and in poverty - Total,EMP_TOT_POV,42
Municipality,MA,Franklin,Wendell,2022,5-Year-Estimates,Economic,Employment by sex and in poverty - Total Percentage,EMP_TOT_POV_PERC,0.11
Municipality,MA,Franklin,Wendell,2022,5-Year-Estimates,Economic,Family Economic Self Sufficiency,CEN_FAMECON_SELF,0
Municipality,MA,Franklin,Wendell,2022,5-Year-Estimates,Economic,Gini Coefficient (Income Inequality),CEN_INCOME_INEQ,0.41
Municipality,MA,Franklin,Wendell,2022,5-Year-Estimates,Economic,"Households with Income between $10,000 to $14,999",CEN_HHINC_10000-14999,19
Municipality,MA,Franklin,Wendell,2022,5-Year-Estimates,Economic,"Households with Income between $15,000 to $24,999",CEN_HHINC_15000-24999,21
Municipality,MA,Franklin,Wendell,2022,5-Year-Estimates,Economic,"Households with Income between $25,000 to $34,999",CEN_HHINC_25000-34999,17
Municipality,MA,Franklin,Wendell,2022,5-Year-Estimates,Economic,"Households with Income between $35,000 to $49,999",CEN_HHINC_35000-49999,45
Municipality,MA,Franklin,Wendell,2022,5-Year-Estimates,Economic,"Households with Income between $50,000 to $74,999",CEN_HHINC_50000-74999,94
Municipality,MA,Franklin,Wendell,2022,5-Year-Estimates,Economic,"Households with Income between $75,000 to $99,999",CEN_HHINC_75000-99999,61
Municipality,MA,Franklin,Wendell,2022,5-Year-Estimates,Economic,"Households with Income between $100,000 to $149,999",CEN_HHINC_100000-149999,52
Municipality,MA,Franklin,Wendell,2022,5-Year-Estimates,Economic,"Households with Income between $150,000 to $199,999",CEN_HHINC_150000-199999,30
Municipality,MA,Franklin,Wendell,2022,5-Year-Estimates,Economic,"Households with Income between $200,000 or more",CEN_HHINC_200000_PLUS,16
Municipality,MA,Franklin,Wendell,2022,5-Year-Estimates,Economic,"Households with Income Less than $10,000",CEN_HHINC_0-9999,34
Municipality,MA,Franklin,Wendell,2022,5-Year-Estimates,Economic,Households with Retirement Income,CEN_RETINC,130
Municipality,MA,Franklin,Wendell,2022,5-Year-Estimates,Economic,Households with Social Security Income,CEN_SOCSECINC,159
Municipality,MA,Franklin,Wendell,2022,5-Year-Estimates,Economic,Income Under 200% of Poverty Line,CENPOV200,0.26
Municipality,MA,Franklin,Wendell,2022,5-Year-Estimates,Economic,Median Family Income,CEN_MEDFAMINC,"135,250.00"
Municipality,MA,Franklin,Wendell,2022,5-Year-Estimates,Economic,Median Household Income,CEN_MEDHHINC,"66,815.00"
Municipality,MA,Franklin,Wendell,2022,5-Year-Estimates,Economic,Per Capita Income,CEN_PERCAPINC,"37,194.00"
Municipality,MA,Franklin,Wendell,2022,5-Year-Estimates,Economic,Percent of Employed Population in Poverty - Female,EMP_FEMALE_POV_PERC,0.11
Municipality,MA,Franklin,Wendell,2022,5-Year-Estimates,Economic,Percent of Employed Population in Poverty - Male,EMP_MALE_POV_PERC,0.1
Municipality,MA,Franklin,Wendell,2022,5-Year-Estimates,Economic,Percent of Families in Poverty,CEN_FAM_POV,0.04
Municipality,MA,Franklin,Wendell,2022,5-Year-Estimates,Economic,Percent of Unemployed Population in Poverty - Female,UNEMP_FEMALE_POV_PERC,1.43
Municipality,MA,Franklin,Wendell,2022,5-Year-Estimates,Economic,Percent of Unemployed Population in Poverty - Male,UNEMP_MALE_POV_PERC,0.34
Municipality,MA,Franklin,Wendell,2022,5-Year-Estimates,Economic,Population Living below Poverty,CEN_POOR,31
Municipality,MA,Franklin,Wendell,2022,5-Year-Estimates,Economic,Poverty Rate,CEN_POVRATE,0.07
Municipality,MA,Franklin,Wendell,2022,5-Year-Estimates,Economic,Poverty Rate of Foreign Born,CEN_POV_FOR_BORN,0
Municipality,MA,Franklin,Wendell,2022,5-Year-Estimates,Economic,Poverty Rate of Foreign Born Naturalized Citizens,CEN_POV_FOR_BORN_NAT,0
Municipality,MA,Franklin,Wendell,2022,5-Year-Estimates,Economic,Poverty Rate of Foreign Born Non-Citizens,CEN_POV_FOR_BORN_NON_CIT,0
Municipality,MA,Franklin,Wendell,2022,5-Year-Estimates,Economic,Poverty Status Determined Population,CEN_POVTOTALPOP,847
Municipality,MA,Franklin,Wendell,2022,5-Year-Estimates,Economic,Self Employment Income-Household,CEN_SELFEMPINC,94
Municipality,MA,Franklin,Wendell,2022,5-Year-Estimates,Economic,Total population counted for unemployment by sex - Female,UNEMP_FEMALE,14
Municipality,MA,Franklin,Wendell,2022,5-Year-Estimates,Economic,Total population counted for unemployment by sex - Male,UNEMP_MALE,58
Municipality,MA,Franklin,Wendell,2022,5-Year-Estimates,Economic,Unemployment by sex and below the poverty line - Female,UNEMP_FEMALE_POV,10
Municipality,MA,Franklin,Wendell,2022,5-Year-Estimates,Economic,Unemployment by sex and below the poverty line - Male,UNEMP_MALE_POV,10
Municipality,MA,Franklin,Whately,2022,5-Year-Estimates,Demographics,Population Total,CEN_POP,"1,736.00"
Municipality,MA,Franklin,Whately,2022,5-Year-Estimates,Demographics,White Population,CEN_WHITE,"1,641.00"
Municipality,MA,Franklin,Whately,2022,5-Year-Estimates,Demographics,Hispanic or Latino Population (of any race),CEN_HISPANIC,48
Municipality,MA,Franklin,Whately,2022,5-Year-Estimates,Demographics,Black Population,CEN_BLACK,11
Municipality,MA,Franklin,Whately,2022,5-Year-Estimates,Demographics,Other Races Population,CEN_OTHRACE,7
Municipality,MA,Franklin,Whately,2022,5-Year-Estimates,Demographics,Asian Population,CEN_ASIAN,1
Municipality,MA,Franklin,Whately,2022,5-Year-Estimates,Demographics,Age-3 to 4 Years Old,3_4_YEARS,29
Municipality,MA,Franklin,Whately,2022,5-Year-Estimates,Demographics,Age-5 Years Old,5_YEARS,30
Municipality,MA,Franklin,Whately,2022,5-Year-Estimates,Demographics,Age-6 to 8 Years Old,6_8_YEARS,66
Municipality,MA,Franklin,Whately,2022,5-Year-Estimates,Demographics,Age-9 to 11 Years Old,9_11_YEARS,58
Municipality,MA,Franklin,Whately,2022,5-Year-Estimates,Demographics,Age-12 to 14 Years Old,12_14_YEARS,50
Municipality,MA,Franklin,Whately,2022,5-Year-Estimates,Demographics,Age-15 to 17 Years Old,15_17_YEARS,36
Municipality,MA,Franklin,Whately,2022,5-Year-Estimates,Demographics,Age-18 to 19 Years Old,18_19_YEARS,65
Municipality,MA,Franklin,Whately,2022,5-Year-Estimates,Demographics,Age-20 to 24 Years Old,20_24_YEARS,59
Municipality,MA,Franklin,Whately,2022,5-Year-Estimates,Demographics,Age-25 to 29 Years Old,25_29_YEARS,49
Municipality,MA,Franklin,Whately,2022,5-Year-Estimates,Demographics,Age-30 to 34 Years Old,30_34_YEARS,56
Municipality,MA,Franklin,Whately,2022,5-Year-Estimates,Demographics,Age-35 to 39 Years Old,35_39_YEARS,131
Municipality,MA,Franklin,Whately,2022,5-Year-Estimates,Demographics,Age-40 to 44 Years Old,40_44_YEARS,136
Municipality,MA,Franklin,Whately,2022,5-Year-Estimates,Demographics,Age-45 to 49 Years Old,45_49_YEARS,99
Municipality,MA,Franklin,Whately,2022,5-Year-Estimates,Demographics,Age-50 to 54 Years Old,50_54_YEARS,172
Municipality,MA,Franklin,Whately,2022,5-Year-Estimates,Demographics,Age-55 to 59 Years Old,55_59_YEARS,124
Municipality,MA,Franklin,Whately,2022,5-Year-Estimates,Demographics,Age-60 to 64 Years Old,60_64_YEARS,119
Municipality,MA,Franklin,Whately,2022,5-Year-Estimates,Demographics,Age-65 to 69 Years Old,65_69_YEARS,159
Municipality,MA,Franklin,Whately,2022,5-Year-Estimates,Demographics,Age-70 to 74 Years Old,70_74_YEARS,151
Municipality,MA,Franklin,Whately,2022,5-Year-Estimates,Demographics,Age-75 to 79 Years Old,75_79_YEARS,66
Municipality,MA,Franklin,Whately,2022,5-Year-Estimates,Demographics,Age-80 to 84 Years Old,80_84_YEARS,24
Municipality,MA,Franklin,Whately,2022,5-Year-Estimates,Demographics,Age-85 & older,85+_YEARS,17
Municipality,MA,Franklin,Whately,2022,5-Year-Estimates,Demographics,Age-Under 3 Years Old,UNDER_3_YEARS,40
Municipality,MA,Franklin,Whately,2022,5-Year-Estimates,Demographics,Households-Married Couples,CEN_MARRHOU,395
Municipality,MA,Franklin,Whately,2022,5-Year-Estimates,Demographics,Households-Single Parent,CEN_SINGPARHOU,43
Municipality,MA,Franklin,Whately,2022,5-Year-Estimates,Demographics,Households-Total,CEN_HOUSEHOLDS,715
Municipality,MA,Franklin,Whately,2022,5-Year-Estimates,Demographics,Net Domestic Migration,CEN_NET_DOM_MIGR,0
Municipality,MA,Franklin,Whately,2022,5-Year-Estimates,Demographics,Percent Elderly with Car Access,CAR_AGE_HOUSEHOLDER,0.95
Municipality,MA,Franklin,Whately,2022,5-Year-Estimates,Demographics,Percent Grandparents Who Are Primary Caregiver,GRAND_CAREGIVER,0
Municipality,MA,Franklin,Whately,2022,5-Year-Estimates,Demographics,Percent of Elderly Below Poverty Line,ELDERLY_POV,0.04
Municipality,MA,Franklin,Whately,2022,5-Year-Estimates,Demographics,Percent of Elderly who Live Alone,ELDERLY_LIVEALONE,0.21
Municipality,MA,Franklin,Whately,2022,5-Year-Estimates,Demographics,Percent of Population Who are Not White,MINORITY_PERCENT,0.05
Municipality,MA,Franklin,Whately,2022,5-Year-Estimates,Demographics,Population 5+,CEN_POP_O4,"1,667.00"
Municipality,MA,Franklin,Whately,2022,5-Year-Estimates,Demographics,Population 25+,CEN_POP_O24,"1,303.00"
Municipality,MA,Franklin,Whately,2022,5-Year-Estimates,Demographics,Population 65+,CEN_POP_O64,417
Municipality,MA,Franklin,Whately,2022,5-Year-Estimates,Demographics,Population Living in Rural Areas,CEN_RURALPOP,0
Municipality,MA,Franklin,Whately,2022,5-Year-Estimates,Demographics,Population living in the same county as five years ago,CEN_SAMECOUNTY,0
Municipality,MA,Franklin,Whately,2022,5-Year-Estimates,Demographics,Population living in the same house as five years ago,CEN_SAMEHOUSE,0
Municipality,MA,Franklin,Whately,2022,5-Year-Estimates,Demographics,Population Living in Urban Areas,CEN_URBANPOP,0
Municipality,MA,Franklin,Whately,2022,5-Year-Estimates,Demographics,Population Under 18,CEN_POP_U18,309
Municipality,MA,Franklin,Whately,2022,5-Year-Estimates,Demographics,Population-Foreign Born,CEN_FORBORN,59
Municipality,MA,Franklin,Whately,2022,5-Year-Estimates,Demographics,Single Parent Families,CEN_SINGPAR_CHILD,0
Municipality,MA,Franklin,Whately,2022,5-Year-Estimates,Demographics,Speak an Asian Language at Home,CEN_ASIANLANG,4
Municipality,MA,Franklin,Whately,2022,5-Year-Estimates,Demographics,Speak Only English at Home,CEN_ENGLISH,"1,583.00"
Municipality,MA,Franklin,Whately,2022,5-Year-Estimates,Demographics,Speak Other Language at Home,CEN_OTHLANG,13
Municipality,MA,Franklin,Whately,2022,5-Year-Estimates,Demographics,Speak Spanish at Home,CEN_SPANISH,19
Municipality,MA,Franklin,Whately,2022,5-Year-Estimates,Demographics,"Two or More Races, Not Hispanic or Latino",CEN_TWO_MORE_NOT_HISP,76
Municipality,MA,Franklin,Whately,2022,5-Year-Estimates,Economic,"% Households with Income between $10,000 to $14,999",CEN_PERC_HHINC_10000-14999,0.02
Municipality,MA,Franklin,Whately,2022,5-Year-Estimates,Economic,"% Households with Income between $15,000 to $24,999",CEN_PERC_HHINC_15000-24999,0.04
Municipality,MA,Franklin,Whately,2022,5-Year-Estimates,Economic,"%  Households with Income between $25,000 to $34,999",CEN_PERC_HHINC_25000-34999,0.06
Municipality,MA,Franklin,Whately,2022,5-Year-Estimates,Economic,"%  Households with Income between $35,000 to $49,999",CEN_PERC_HHINC_35000-49999,0.05
Municipality,MA,Franklin,Whately,2022,5-Year-Estimates,Economic,"% of  Households with Income between $50,000 to $74,999",CEN_PERC_HHINC_50000-74999,0.19
Municipality,MA,Franklin,Whately,2022,5-Year-Estimates,Economic,"% of  Households with Income between $75,000 to $99,999",CEN_PERC_HHINC_75000-99999,0.16
Municipality,MA,Franklin,Whately,2022,5-Year-Estimates,Economic,"% of  Households with Income between $100,000 to $149,999",CEN_PERC_HHINC_100000-149999,0.21
Municipality,MA,Franklin,Whately,2022,5-Year-Estimates,Economic,"%  of Households with Income between $150,000 to $199,999",CEN_PERC_HHINC_150000-199999,0.08
Municipality,MA,Franklin,Whately,2022,5-Year-Estimates,Economic,"% of  Households with Income between $200,000 or more",CEN_PERC_HHINC_200000_PLUS,0.19
Municipality,MA,Franklin,Whately,2022,5-Year-Estimates,Economic,"% of Households with Income Less than $10,000",CEN_PERC_HHINC_0-9999,0.01
Municipality,MA,Franklin,Whately,2022,5-Year-Estimates,Economic,Child Poverty Rate,CEN_CHILD_POV,0.05
Municipality,MA,Franklin,Whately,2022,5-Year-Estimates,Economic,Employment by sex - Female Total,EMP_FEMALE,818
Municipality,MA,Franklin,Whately,2022,5-Year-Estimates,Economic,Employment by sex - Male Total,EMP_MALE,966
Municipality,MA,Franklin,Whately,2022,5-Year-Estimates,Economic,Employment by sex and below the poverty line - Total,UNEMP_TOT_POV,6
Municipality,MA,Franklin,Whately,2022,5-Year-Estimates,Economic,Employment by sex and below the poverty line - Total Percentage,UNEMP_TOT_POV_PERC,0.08
Municipality,MA,Franklin,Whately,2022,5-Year-Estimates,Economic,Employment by sex and in poverty - Female,EMP_FEMALE_POV,18
Municipality,MA,Franklin,Whately,2022,5-Year-Estimates,Economic,Employment by sex and in poverty - Male,EMP_MALE_POV,18
Municipality,MA,Franklin,Whately,2022,5-Year-Estimates,Economic,Employment by sex and in poverty - Total,EMP_TOT_POV,36
Municipality,MA,Franklin,Whately,2022,5-Year-Estimates,Economic,Employment by sex and in poverty - Total Percentage,EMP_TOT_POV_PERC,0.04
Municipality,MA,Franklin,Whately,2022,5-Year-Estimates,Economic,Family Economic Self Sufficiency,CEN_FAMECON_SELF,0
Municipality,MA,Franklin,Whately,2022,5-Year-Estimates,Economic,Gini Coefficient (Income Inequality),CEN_INCOME_INEQ,0.49
Municipality,MA,Franklin,Whately,2022,5-Year-Estimates,Economic,"Households with Income between $10,000 to $14,999",CEN_HHINC_10000-14999,15
Municipality,MA,Franklin,Whately,2022,5-Year-Estimates,Economic,"Households with Income between $15,000 to $24,999",CEN_HHINC_15000-24999,26
Municipality,MA,Franklin,Whately,2022,5-Year-Estimates,Economic,"Households with Income between $25,000 to $34,999",CEN_HHINC_25000-34999,41
Municipality,MA,Franklin,Whately,2022,5-Year-Estimates,Economic,"Households with Income between $35,000 to $49,999",CEN_HHINC_35000-49999,36
Municipality,MA,Franklin,Whately,2022,5-Year-Estimates,Economic,"Households with Income between $50,000 to $74,999",CEN_HHINC_50000-74999,135
Municipality,MA,Franklin,Whately,2022,5-Year-Estimates,Economic,"Households with Income between $75,000 to $99,999",CEN_HHINC_75000-99999,112
Municipality,MA,Franklin,Whately,2022,5-Year-Estimates,Economic,"Households with Income between $100,000 to $149,999",CEN_HHINC_100000-149999,153
Municipality,MA,Franklin,Whately,2022,5-Year-Estimates,Economic,"Households with Income between $150,000 to $199,999",CEN_HHINC_150000-199999,56
Municipality,MA,Franklin,Whately,2022,5-Year-Estimates,Economic,"Households with Income between $200,000 or more",CEN_HHINC_200000_PLUS,135
Municipality,MA,Franklin,Whately,2022,5-Year-Estimates,Economic,"Households with Income Less than $10,000",CEN_HHINC_0-9999,6
Municipality,MA,Franklin,Whately,2022,5-Year-Estimates,Economic,Households with Retirement Income,CEN_RETINC,228
Municipality,MA,Franklin,Whately,2022,5-Year-Estimates,Economic,Households with Social Security Income,CEN_SOCSECINC,267
Municipality,MA,Franklin,Whately,2022,5-Year-Estimates,Economic,Income Under 200% of Poverty Line,CENPOV200,0.22
Municipality,MA,Franklin,Whately,2022,5-Year-Estimates,Economic,Median Family Income,CEN_MEDFAMINC,"85,759.00"
Municipality,MA,Franklin,Whately,2022,5-Year-Estimates,Economic,Median Household Income,CEN_MEDHHINC,"98,015.00"
Municipality,MA,Franklin,Whately,2022,5-Year-Estimates,Economic,Per Capita Income,CEN_PERCAPINC,"62,568.00"
Municipality,MA,Franklin,Whately,2022,5-Year-Estimates,Economic,Percent of Employed Population in Poverty - Female,EMP_FEMALE_POV_PERC,0.04
Municipality,MA,Franklin,Whately,2022,5-Year-Estimates,Economic,Percent of Employed Population in Poverty - Male,EMP_MALE_POV_PERC,0.04
Municipality,MA,Franklin,Whately,2022,5-Year-Estimates,Economic,Percent of Families in Poverty,CEN_FAM_POV,0.03
Municipality,MA,Franklin,Whately,2022,5-Year-Estimates,Economic,Percent of Unemployed Population in Poverty - Female,UNEMP_FEMALE_POV_PERC,0
Municipality,MA,Franklin,Whately,2022,5-Year-Estimates,Economic,Percent of Unemployed Population in Poverty - Male,UNEMP_MALE_POV_PERC,0.21
Municipality,MA,Franklin,Whately,2022,5-Year-Estimates,Economic,Population Living below Poverty,CEN_POOR,21
Municipality,MA,Franklin,Whately,2022,5-Year-Estimates,Economic,Poverty Rate,CEN_POVRATE,0.02
Municipality,MA,Franklin,Whately,2022,5-Year-Estimates,Economic,Poverty Rate of Foreign Born,CEN_POV_FOR_BORN,0
Municipality,MA,Franklin,Whately,2022,5-Year-Estimates,Economic,Poverty Rate of Foreign Born Naturalized Citizens,CEN_POV_FOR_BORN_NAT,0
Municipality,MA,Franklin,Whately,2022,5-Year-Estimates,Economic,Poverty Rate of Foreign Born Non-Citizens,CEN_POV_FOR_BORN_NON_CIT,0
Municipality,MA,Franklin,Whately,2022,5-Year-Estimates,Economic,Poverty Status Determined Population,CEN_POVTOTALPOP,"1,736.00"
Municipality,MA,Franklin,Whately,2022,5-Year-Estimates,Economic,Self Employment Income-Household,CEN_SELFEMPINC,159
Municipality,MA,Franklin,Whately,2022,5-Year-Estimates,Economic,Total population counted for unemployment by sex - Female,UNEMP_FEMALE,100
Municipality,MA,Franklin,Whately,2022,5-Year-Estimates,Economic,Total population counted for unemployment by sex - Male,UNEMP_MALE,56
Municipality,MA,Franklin,Whately,2022,5-Year-Estimates,Economic,Unemployment by sex and below the poverty line - Female,UNEMP_FEMALE_POV,0
Municipality,MA,Franklin,Whately,2022,5-Year-Estimates,Economic,Unemployment by sex and below the poverty line - Male,UNEMP_MALE_POV,6
Municipality,MA,Hampden,Agawam,2022,5-Year-Estimates,Demographics,Population Total,CEN_POP,"28,606.00"
Municipality,MA,Hampden,Agawam,2022,5-Year-Estimates,Demographics,White Population,CEN_WHITE,"26,105.00"
Municipality,MA,Hampden,Agawam,2022,5-Year-Estimates,Demographics,Hispanic or Latino Population (of any race),CEN_HISPANIC,"1,621.00"
Municipality,MA,Hampden,Agawam,2022,5-Year-Estimates,Demographics,Black Population,CEN_BLACK,685
Municipality,MA,Hampden,Agawam,2022,5-Year-Estimates,Demographics,Other Races Population,CEN_OTHRACE,292
Municipality,MA,Hampden,Agawam,2022,5-Year-Estimates,Demographics,Asian Population,CEN_ASIAN,570
Municipality,MA,Hampden,Agawam,2022,5-Year-Estimates,Demographics,Age-3 to 4 Years Old,3_4_YEARS,587
Municipality,MA,Hampden,Agawam,2022,5-Year-Estimates,Demographics,Age-5 Years Old,5_YEARS,305
Municipality,MA,Hampden,Agawam,2022,5-Year-Estimates,Demographics,Age-6 to 8 Years Old,6_8_YEARS,678
Municipality,MA,Hampden,Agawam,2022,5-Year-Estimates,Demographics,Age-9 to 11 Years Old,9_11_YEARS,869
Municipality,MA,Hampden,Agawam,2022,5-Year-Estimates,Demographics,Age-12 to 14 Years Old,12_14_YEARS,"1,003.00"
Municipality,MA,Hampden,Agawam,2022,5-Year-Estimates,Demographics,Age-15 to 17 Years Old,15_17_YEARS,968
Municipality,MA,Hampden,Agawam,2022,5-Year-Estimates,Demographics,Age-18 to 19 Years Old,18_19_YEARS,514
Municipality,MA,Hampden,Agawam,2022,5-Year-Estimates,Demographics,Age-20 to 24 Years Old,20_24_YEARS,"1,677.00"
Municipality,MA,Hampden,Agawam,2022,5-Year-Estimates,Demographics,Age-25 to 29 Years Old,25_29_YEARS,"1,756.00"
Municipality,MA,Hampden,Agawam,2022,5-Year-Estimates,Demographics,Age-30 to 34 Years Old,30_34_YEARS,"1,549.00"
Municipality,MA,Hampden,Agawam,2022,5-Year-Estimates,Demographics,Age-35 to 39 Years Old,35_39_YEARS,"1,483.00"
Municipality,MA,Hampden,Agawam,2022,5-Year-Estimates,Demographics,Age-40 to 44 Years Old,40_44_YEARS,"1,874.00"
Municipality,MA,Hampden,Agawam,2022,5-Year-Estimates,Demographics,Age-45 to 49 Years Old,45_49_YEARS,"1,835.00"
Municipality,MA,Hampden,Agawam,2022,5-Year-Estimates,Demographics,Age-50 to 54 Years Old,50_54_YEARS,"2,264.00"
Municipality,MA,Hampden,Agawam,2022,5-Year-Estimates,Demographics,Age-55 to 59 Years Old,55_59_YEARS,"2,189.00"
Municipality,MA,Hampden,Agawam,2022,5-Year-Estimates,Demographics,Age-60 to 64 Years Old,60_64_YEARS,"2,249.00"
Municipality,MA,Hampden,Agawam,2022,5-Year-Estimates,Demographics,Age-65 to 69 Years Old,65_69_YEARS,"1,973.00"
Municipality,MA,Hampden,Agawam,2022,5-Year-Estimates,Demographics,Age-70 to 74 Years Old,70_74_YEARS,"1,232.00"
Municipality,MA,Hampden,Agawam,2022,5-Year-Estimates,Demographics,Age-75 to 79 Years Old,75_79_YEARS,"1,130.00"
Municipality,MA,Hampden,Agawam,2022,5-Year-Estimates,Demographics,Age-80 to 84 Years Old,80_84_YEARS,623
Municipality,MA,Hampden,Agawam,2022,5-Year-Estimates,Demographics,Age-85 & older,85+_YEARS,"1,188.00"
Municipality,MA,Hampden,Agawam,2022,5-Year-Estimates,Demographics,Age-Under 3 Years Old,UNDER_3_YEARS,660
Municipality,MA,Hampden,Agawam,2022,5-Year-Estimates,Demographics,Households-Married Couples,CEN_MARRHOU,"5,661.00"
Municipality,MA,Hampden,Agawam,2022,5-Year-Estimates,Demographics,Households-Single Parent,CEN_SINGPARHOU,661
Municipality,MA,Hampden,Agawam,2022,5-Year-Estimates,Demographics,Households-Total,CEN_HOUSEHOLDS,"11,577.00"
Municipality,MA,Hampden,Agawam,2022,5-Year-Estimates,Demographics,Net Domestic Migration,CEN_NET_DOM_MIGR,0
Municipality,MA,Hampden,Agawam,2022,5-Year-Estimates,Demographics,Percent Elderly with Car Access,CAR_AGE_HOUSEHOLDER,0.85
Municipality,MA,Hampden,Agawam,2022,5-Year-Estimates,Demographics,Percent Grandparents Who Are Primary Caregiver,GRAND_CAREGIVER,0.22
Municipality,MA,Hampden,Agawam,2022,5-Year-Estimates,Demographics,Percent of Elderly Below Poverty Line,ELDERLY_POV,0.07
Municipality,MA,Hampden,Agawam,2022,5-Year-Estimates,Demographics,Percent of Elderly who Live Alone,ELDERLY_LIVEALONE,0.27
Municipality,MA,Hampden,Agawam,2022,5-Year-Estimates,Demographics,Percent of Population Who are Not White,MINORITY_PERCENT,0.09
Municipality,MA,Hampden,Agawam,2022,5-Year-Estimates,Demographics,Population 5+,CEN_POP_O4,"27,359.00"
Municipality,MA,Hampden,Agawam,2022,5-Year-Estimates,Demographics,Population 25+,CEN_POP_O24,"21,345.00"
Municipality,MA,Hampden,Agawam,2022,5-Year-Estimates,Demographics,Population 65+,CEN_POP_O64,"6,146.00"
Municipality,MA,Hampden,Agawam,2022,5-Year-Estimates,Demographics,Population Living in Rural Areas,CEN_RURALPOP,0
Municipality,MA,Hampden,Agawam,2022,5-Year-Estimates,Demographics,Population living in the same county as five years ago,CEN_SAMECOUNTY,0
Municipality,MA,Hampden,Agawam,2022,5-Year-Estimates,Demographics,Population living in the same house as five years ago,CEN_SAMEHOUSE,0
Municipality,MA,Hampden,Agawam,2022,5-Year-Estimates,Demographics,Population Living in Urban Areas,CEN_URBANPOP,0
Municipality,MA,Hampden,Agawam,2022,5-Year-Estimates,Demographics,Population Under 18,CEN_POP_U18,"5,070.00"
Municipality,MA,Hampden,Agawam,2022,5-Year-Estimates,Demographics,Population-Foreign Born,CEN_FORBORN,"2,256.00"
Municipality,MA,Hampden,Agawam,2022,5-Year-Estimates,Demographics,Single Parent Families,CEN_SINGPAR_CHILD,0
Municipality,MA,Hampden,Agawam,2022,5-Year-Estimates,Demographics,Speak an Asian Language at Home,CEN_ASIANLANG,452
Municipality,MA,Hampden,Agawam,2022,5-Year-Estimates,Demographics,Speak Only English at Home,CEN_ENGLISH,"24,214.00"
Municipality,MA,Hampden,Agawam,2022,5-Year-Estimates,Demographics,Speak Other Language at Home,CEN_OTHLANG,109
Municipality,MA,Hampden,Agawam,2022,5-Year-Estimates,Demographics,Speak Spanish at Home,CEN_SPANISH,580
Municipality,MA,Hampden,Agawam,2022,5-Year-Estimates,Demographics,"Two or More Races, Not Hispanic or Latino",CEN_TWO_MORE_NOT_HISP,954
Municipality,MA,Hampden,Agawam,2022,5-Year-Estimates,Economic,"% Households with Income between $10,000 to $14,999",CEN_PERC_HHINC_10000-14999,0.03
Municipality,MA,Hampden,Agawam,2022,5-Year-Estimates,Economic,"% Households with Income between $15,000 to $24,999",CEN_PERC_HHINC_15000-24999,0.05
Municipality,MA,Hampden,Agawam,2022,5-Year-Estimates,Economic,"%  Households with Income between $25,000 to $34,999",CEN_PERC_HHINC_25000-34999,0.07
Municipality,MA,Hampden,Agawam,2022,5-Year-Estimates,Economic,"%  Households with Income between $35,000 to $49,999",CEN_PERC_HHINC_35000-49999,0.11
Municipality,MA,Hampden,Agawam,2022,5-Year-Estimates,Economic,"% of  Households with Income between $50,000 to $74,999",CEN_PERC_HHINC_50000-74999,0.15
Municipality,MA,Hampden,Agawam,2022,5-Year-Estimates,Economic,"% of  Households with Income between $75,000 to $99,999",CEN_PERC_HHINC_75000-99999,0.12
Municipality,MA,Hampden,Agawam,2022,5-Year-Estimates,Economic,"% of  Households with Income between $100,000 to $149,999",CEN_PERC_HHINC_100000-149999,0.2
Municipality,MA,Hampden,Agawam,2022,5-Year-Estimates,Economic,"%  of Households with Income between $150,000 to $199,999",CEN_PERC_HHINC_150000-199999,0.12
Municipality,MA,Hampden,Agawam,2022,5-Year-Estimates,Economic,"% of  Households with Income between $200,000 or more",CEN_PERC_HHINC_200000_PLUS,0.11
Municipality,MA,Hampden,Agawam,2022,5-Year-Estimates,Economic,"% of Households with Income Less than $10,000",CEN_PERC_HHINC_0-9999,0.05
Municipality,MA,Hampden,Agawam,2022,5-Year-Estimates,Economic,Child Poverty Rate,CEN_CHILD_POV,0.05
Municipality,MA,Hampden,Agawam,2022,5-Year-Estimates,Economic,Employment by sex - Female Total,EMP_FEMALE,"14,252.00"
Municipality,MA,Hampden,Agawam,2022,5-Year-Estimates,Economic,Employment by sex - Male Total,EMP_MALE,"15,186.00"
Municipality,MA,Hampden,Agawam,2022,5-Year-Estimates,Economic,Employment by sex and below the poverty line - Total,UNEMP_TOT_POV,288
Municipality,MA,Hampden,Agawam,2022,5-Year-Estimates,Economic,Employment by sex and below the poverty line - Total Percentage,UNEMP_TOT_POV_PERC,0.36
Municipality,MA,Hampden,Agawam,2022,5-Year-Estimates,Economic,Employment by sex and in poverty - Female,EMP_FEMALE_POV,442
Municipality,MA,Hampden,Agawam,2022,5-Year-Estimates,Economic,Employment by sex and in poverty - Male,EMP_MALE_POV,358
Municipality,MA,Hampden,Agawam,2022,5-Year-Estimates,Economic,Employment by sex and in poverty - Total,EMP_TOT_POV,800
Municipality,MA,Hampden,Agawam,2022,5-Year-Estimates,Economic,Employment by sex and in poverty - Total Percentage,EMP_TOT_POV_PERC,0.05
Municipality,MA,Hampden,Agawam,2022,5-Year-Estimates,Economic,Family Economic Self Sufficiency,CEN_FAMECON_SELF,0
Municipality,MA,Hampden,Agawam,2022,5-Year-Estimates,Economic,Gini Coefficient (Income Inequality),CEN_INCOME_INEQ,0.44
Municipality,MA,Hampden,Agawam,2022,5-Year-Estimates,Economic,"Households with Income between $10,000 to $14,999",CEN_HHINC_10000-14999,371
Municipality,MA,Hampden,Agawam,2022,5-Year-Estimates,Economic,"Households with Income between $15,000 to $24,999",CEN_HHINC_15000-24999,531
Municipality,MA,Hampden,Agawam,2022,5-Year-Estimates,Economic,"Households with Income between $25,000 to $34,999",CEN_HHINC_25000-34999,859
Municipality,MA,Hampden,Agawam,2022,5-Year-Estimates,Economic,"Households with Income between $35,000 to $49,999",CEN_HHINC_35000-49999,"1,306.00"
Municipality,MA,Hampden,Agawam,2022,5-Year-Estimates,Economic,"Households with Income between $50,000 to $74,999",CEN_HHINC_50000-74999,"1,769.00"
Municipality,MA,Hampden,Agawam,2022,5-Year-Estimates,Economic,"Households with Income between $75,000 to $99,999",CEN_HHINC_75000-99999,"1,331.00"
Municipality,MA,Hampden,Agawam,2022,5-Year-Estimates,Economic,"Households with Income between $100,000 to $149,999",CEN_HHINC_100000-149999,"2,321.00"
Municipality,MA,Hampden,Agawam,2022,5-Year-Estimates,Economic,"Households with Income between $150,000 to $199,999",CEN_HHINC_150000-199999,"1,344.00"
Municipality,MA,Hampden,Agawam,2022,5-Year-Estimates,Economic,"Households with Income between $200,000 or more",CEN_HHINC_200000_PLUS,"1,227.00"
Municipality,MA,Hampden,Agawam,2022,5-Year-Estimates,Economic,"Households with Income Less than $10,000",CEN_HHINC_0-9999,518
Municipality,MA,Hampden,Agawam,2022,5-Year-Estimates,Economic,Households with Retirement Income,CEN_RETINC,"2,854.00"
Municipality,MA,Hampden,Agawam,2022,5-Year-Estimates,Economic,Households with Social Security Income,CEN_SOCSECINC,"4,252.00"
Municipality,MA,Hampden,Agawam,2022,5-Year-Estimates,Economic,Income Under 200% of Poverty Line,CENPOV200,0.18
Municipality,MA,Hampden,Agawam,2022,5-Year-Estimates,Economic,Median Family Income,CEN_MEDFAMINC,"122,530.00"
Municipality,MA,Hampden,Agawam,2022,5-Year-Estimates,Economic,Median Household Income,CEN_MEDHHINC,"80,809.00"
Municipality,MA,Hampden,Agawam,2022,5-Year-Estimates,Economic,Per Capita Income,CEN_PERCAPINC,"43,172.00"
Municipality,MA,Hampden,Agawam,2022,5-Year-Estimates,Economic,Percent of Employed Population in Poverty - Female,EMP_FEMALE_POV_PERC,0.06
Municipality,MA,Hampden,Agawam,2022,5-Year-Estimates,Economic,Percent of Employed Population in Poverty - Male,EMP_MALE_POV_PERC,0.05
Municipality,MA,Hampden,Agawam,2022,5-Year-Estimates,Economic,Percent of Families in Poverty,CEN_FAM_POV,0.03
Municipality,MA,Hampden,Agawam,2022,5-Year-Estimates,Economic,Percent of Unemployed Population in Poverty - Female,UNEMP_FEMALE_POV_PERC,0.33
Municipality,MA,Hampden,Agawam,2022,5-Year-Estimates,Economic,Percent of Unemployed Population in Poverty - Male,UNEMP_MALE_POV_PERC,0.39
Municipality,MA,Hampden,Agawam,2022,5-Year-Estimates,Economic,Population Living below Poverty,CEN_POOR,544
Municipality,MA,Hampden,Agawam,2022,5-Year-Estimates,Economic,Poverty Rate,CEN_POVRATE,0.04
Municipality,MA,Hampden,Agawam,2022,5-Year-Estimates,Economic,Poverty Rate of Foreign Born,CEN_POV_FOR_BORN,0
Municipality,MA,Hampden,Agawam,2022,5-Year-Estimates,Economic,Poverty Rate of Foreign Born Naturalized Citizens,CEN_POV_FOR_BORN_NAT,0
Municipality,MA,Hampden,Agawam,2022,5-Year-Estimates,Economic,Poverty Rate of Foreign Born Non-Citizens,CEN_POV_FOR_BORN_NON_CIT,0
Municipality,MA,Hampden,Agawam,2022,5-Year-Estimates,Economic,Poverty Status Determined Population,CEN_POVTOTALPOP,"28,038.00"
Municipality,MA,Hampden,Agawam,2022,5-Year-Estimates,Economic,Self Employment Income-Household,CEN_SELFEMPINC,818
Municipality,MA,Hampden,Agawam,2022,5-Year-Estimates,Economic,Total population counted for unemployment by sex - Female,UNEMP_FEMALE,818
Municipality,MA,Hampden,Agawam,2022,5-Year-Estimates,Economic,Total population counted for unemployment by sex - Male,UNEMP_MALE,800
Municipality,MA,Hampden,Agawam,2022,5-Year-Estimates,Economic,Unemployment by sex and below the poverty line - Female,UNEMP_FEMALE_POV,134
Municipality,MA,Hampden,Agawam,2022,5-Year-Estimates,Economic,Unemployment by sex and below the poverty line - Male,UNEMP_MALE_POV,154
Municipality,MA,Hampden,Blandford,2022,5-Year-Estimates,Demographics,Population Total,CEN_POP,"1,052.00"
Municipality,MA,Hampden,Blandford,2022,5-Year-Estimates,Demographics,White Population,CEN_WHITE,"1,033.00"
Municipality,MA,Hampden,Blandford,2022,5-Year-Estimates,Demographics,Hispanic or Latino Population (of any race),CEN_HISPANIC,19
Municipality,MA,Hampden,Blandford,2022,5-Year-Estimates,Demographics,Black Population,CEN_BLACK,0
Municipality,MA,Hampden,Blandford,2022,5-Year-Estimates,Demographics,Other Races Population,CEN_OTHRACE,0
Municipality,MA,Hampden,Blandford,2022,5-Year-Estimates,Demographics,Asian Population,CEN_ASIAN,0
Municipality,MA,Hampden,Blandford,2022,5-Year-Estimates,Demographics,Age-3 to 4 Years Old,3_4_YEARS,10
Municipality,MA,Hampden,Blandford,2022,5-Year-Estimates,Demographics,Age-5 Years Old,5_YEARS,7
Municipality,MA,Hampden,Blandford,2022,5-Year-Estimates,Demographics,Age-6 to 8 Years Old,6_8_YEARS,15
Municipality,MA,Hampden,Blandford,2022,5-Year-Estimates,Demographics,Age-9 to 11 Years Old,9_11_YEARS,23
Municipality,MA,Hampden,Blandford,2022,5-Year-Estimates,Demographics,Age-12 to 14 Years Old,12_14_YEARS,21
Municipality,MA,Hampden,Blandford,2022,5-Year-Estimates,Demographics,Age-15 to 17 Years Old,15_17_YEARS,26
Municipality,MA,Hampden,Blandford,2022,5-Year-Estimates,Demographics,Age-18 to 19 Years Old,18_19_YEARS,11
Municipality,MA,Hampden,Blandford,2022,5-Year-Estimates,Demographics,Age-20 to 24 Years Old,20_24_YEARS,59
Municipality,MA,Hampden,Blandford,2022,5-Year-Estimates,Demographics,Age-25 to 29 Years Old,25_29_YEARS,64
Municipality,MA,Hampden,Blandford,2022,5-Year-Estimates,Demographics,Age-30 to 34 Years Old,30_34_YEARS,50
Municipality,MA,Hampden,Blandford,2022,5-Year-Estimates,Demographics,Age-35 to 39 Years Old,35_39_YEARS,40
Municipality,MA,Hampden,Blandford,2022,5-Year-Estimates,Demographics,Age-40 to 44 Years Old,40_44_YEARS,51
Municipality,MA,Hampden,Blandford,2022,5-Year-Estimates,Demographics,Age-45 to 49 Years Old,45_49_YEARS,85
Municipality,MA,Hampden,Blandford,2022,5-Year-Estimates,Demographics,Age-50 to 54 Years Old,50_54_YEARS,70
Municipality,MA,Hampden,Blandford,2022,5-Year-Estimates,Demographics,Age-55 to 59 Years Old,55_59_YEARS,91
Municipality,MA,Hampden,Blandford,2022,5-Year-Estimates,Demographics,Age-60 to 64 Years Old,60_64_YEARS,117
Municipality,MA,Hampden,Blandford,2022,5-Year-Estimates,Demographics,Age-65 to 69 Years Old,65_69_YEARS,113
Municipality,MA,Hampden,Blandford,2022,5-Year-Estimates,Demographics,Age-70 to 74 Years Old,70_74_YEARS,120
Municipality,MA,Hampden,Blandford,2022,5-Year-Estimates,Demographics,Age-75 to 79 Years Old,75_79_YEARS,25
Municipality,MA,Hampden,Blandford,2022,5-Year-Estimates,Demographics,Age-80 to 84 Years Old,80_84_YEARS,17
Municipality,MA,Hampden,Blandford,2022,5-Year-Estimates,Demographics,Age-85 & older,85+_YEARS,9
Municipality,MA,Hampden,Blandford,2022,5-Year-Estimates,Demographics,Age-Under 3 Years Old,UNDER_3_YEARS,28
Municipality,MA,Hampden,Blandford,2022,5-Year-Estimates,Demographics,Households-Married Couples,CEN_MARRHOU,241
Municipality,MA,Hampden,Blandford,2022,5-Year-Estimates,Demographics,Households-Single Parent,CEN_SINGPARHOU,6
Municipality,MA,Hampden,Blandford,2022,5-Year-Estimates,Demographics,Households-Total,CEN_HOUSEHOLDS,481
Municipality,MA,Hampden,Blandford,2022,5-Year-Estimates,Demographics,Net Domestic Migration,CEN_NET_DOM_MIGR,0
Municipality,MA,Hampden,Blandford,2022,5-Year-Estimates,Demographics,Percent Elderly with Car Access,CAR_AGE_HOUSEHOLDER,1
Municipality,MA,Hampden,Blandford,2022,5-Year-Estimates,Demographics,Percent Grandparents Who Are Primary Caregiver,GRAND_CAREGIVER,0
Municipality,MA,Hampden,Blandford,2022,5-Year-Estimates,Demographics,Percent of Elderly Below Poverty Line,ELDERLY_POV,0.01
Municipality,MA,Hampden,Blandford,2022,5-Year-Estimates,Demographics,Percent of Elderly who Live Alone,ELDERLY_LIVEALONE,0.24
Municipality,MA,Hampden,Blandford,2022,5-Year-Estimates,Demographics,Percent of Population Who are Not White,MINORITY_PERCENT,0.02
Municipality,MA,Hampden,Blandford,2022,5-Year-Estimates,Demographics,Population 5+,CEN_POP_O4,"1,014.00"
Municipality,MA,Hampden,Blandford,2022,5-Year-Estimates,Demographics,Population 25+,CEN_POP_O24,852
Municipality,MA,Hampden,Blandford,2022,5-Year-Estimates,Demographics,Population 65+,CEN_POP_O64,284
Municipality,MA,Hampden,Blandford,2022,5-Year-Estimates,Demographics,Population Living in Rural Areas,CEN_RURALPOP,0
Municipality,MA,Hampden,Blandford,2022,5-Year-Estimates,Demographics,Population living in the same county as five years ago,CEN_SAMECOUNTY,0
Municipality,MA,Hampden,Blandford,2022,5-Year-Estimates,Demographics,Population living in the same house as five years ago,CEN_SAMEHOUSE,0
Municipality,MA,Hampden,Blandford,2022,5-Year-Estimates,Demographics,Population Living in Urban Areas,CEN_URBANPOP,0
Municipality,MA,Hampden,Blandford,2022,5-Year-Estimates,Demographics,Population Under 18,CEN_POP_U18,130
Municipality,MA,Hampden,Blandford,2022,5-Year-Estimates,Demographics,Population-Foreign Born,CEN_FORBORN,18
Municipality,MA,Hampden,Blandford,2022,5-Year-Estimates,Demographics,Single Parent Families,CEN_SINGPAR_CHILD,0
Municipality,MA,Hampden,Blandford,2022,5-Year-Estimates,Demographics,Speak an Asian Language at Home,CEN_ASIANLANG,0
Municipality,MA,Hampden,Blandford,2022,5-Year-Estimates,Demographics,Speak Only English at Home,CEN_ENGLISH,"1,002.00"
Municipality,MA,Hampden,Blandford,2022,5-Year-Estimates,Demographics,Speak Other Language at Home,CEN_OTHLANG,0
Municipality,MA,Hampden,Blandford,2022,5-Year-Estimates,Demographics,Speak Spanish at Home,CEN_SPANISH,0
Municipality,MA,Hampden,Blandford,2022,5-Year-Estimates,Demographics,"Two or More Races, Not Hispanic or Latino",CEN_TWO_MORE_NOT_HISP,17
Municipality,MA,Hampden,Blandford,2022,5-Year-Estimates,Economic,"% Households with Income between $10,000 to $14,999",CEN_PERC_HHINC_10000-14999,0
Municipality,MA,Hampden,Blandford,2022,5-Year-Estimates,Economic,"% Households with Income between $15,000 to $24,999",CEN_PERC_HHINC_15000-24999,0.06
Municipality,MA,Hampden,Blandford,2022,5-Year-Estimates,Economic,"%  Households with Income between $25,000 to $34,999",CEN_PERC_HHINC_25000-34999,0.04
Municipality,MA,Hampden,Blandford,2022,5-Year-Estimates,Economic,"%  Households with Income between $35,000 to $49,999",CEN_PERC_HHINC_35000-49999,0.16
Municipality,MA,Hampden,Blandford,2022,5-Year-Estimates,Economic,"% of  Households with Income between $50,000 to $74,999",CEN_PERC_HHINC_50000-74999,0.11
Municipality,MA,Hampden,Blandford,2022,5-Year-Estimates,Economic,"% of  Households with Income between $75,000 to $99,999",CEN_PERC_HHINC_75000-99999,0.16
Municipality,MA,Hampden,Blandford,2022,5-Year-Estimates,Economic,"% of  Households with Income between $100,000 to $149,999",CEN_PERC_HHINC_100000-149999,0.26
Municipality,MA,Hampden,Blandford,2022,5-Year-Estimates,Economic,"%  of Households with Income between $150,000 to $199,999",CEN_PERC_HHINC_150000-199999,0.12
Municipality,MA,Hampden,Blandford,2022,5-Year-Estimates,Economic,"% of  Households with Income between $200,000 or more",CEN_PERC_HHINC_200000_PLUS,0.09
Municipality,MA,Hampden,Blandford,2022,5-Year-Estimates,Economic,"% of Households with Income Less than $10,000",CEN_PERC_HHINC_0-9999,0
Municipality,MA,Hampden,Blandford,2022,5-Year-Estimates,Economic,Child Poverty Rate,CEN_CHILD_POV,0.1
Municipality,MA,Hampden,Blandford,2022,5-Year-Estimates,Economic,Employment by sex - Female Total,EMP_FEMALE,554
Municipality,MA,Hampden,Blandford,2022,5-Year-Estimates,Economic,Employment by sex - Male Total,EMP_MALE,560
Municipality,MA,Hampden,Blandford,2022,5-Year-Estimates,Economic,Employment by sex and below the poverty line - Total,UNEMP_TOT_POV,0
Municipality,MA,Hampden,Blandford,2022,5-Year-Estimates,Economic,Employment by sex and below the poverty line - Total Percentage,UNEMP_TOT_POV_PERC,0
Municipality,MA,Hampden,Blandford,2022,5-Year-Estimates,Economic,Employment by sex and in poverty - Female,EMP_FEMALE_POV,24
Municipality,MA,Hampden,Blandford,2022,5-Year-Estimates,Economic,Employment by sex and in poverty - Male,EMP_MALE_POV,0
Municipality,MA,Hampden,Blandford,2022,5-Year-Estimates,Economic,Employment by sex and in poverty - Total,EMP_TOT_POV,24
Municipality,MA,Hampden,Blandford,2022,5-Year-Estimates,Economic,Employment by sex and in poverty - Total Percentage,EMP_TOT_POV_PERC,0.04
Municipality,MA,Hampden,Blandford,2022,5-Year-Estimates,Economic,Family Economic Self Sufficiency,CEN_FAMECON_SELF,0
Municipality,MA,Hampden,Blandford,2022,5-Year-Estimates,Economic,Gini Coefficient (Income Inequality),CEN_INCOME_INEQ,0.34
Municipality,MA,Hampden,Blandford,2022,5-Year-Estimates,Economic,"Households with Income between $10,000 to $14,999",CEN_HHINC_10000-14999,0
Municipality,MA,Hampden,Blandford,2022,5-Year-Estimates,Economic,"Households with Income between $15,000 to $24,999",CEN_HHINC_15000-24999,31
Municipality,MA,Hampden,Blandford,2022,5-Year-Estimates,Economic,"Households with Income between $25,000 to $34,999",CEN_HHINC_25000-34999,19
Municipality,MA,Hampden,Blandford,2022,5-Year-Estimates,Economic,"Households with Income between $35,000 to $49,999",CEN_HHINC_35000-49999,76
Municipality,MA,Hampden,Blandford,2022,5-Year-Estimates,Economic,"Households with Income between $50,000 to $74,999",CEN_HHINC_50000-74999,53
Municipality,MA,Hampden,Blandford,2022,5-Year-Estimates,Economic,"Households with Income between $75,000 to $99,999",CEN_HHINC_75000-99999,76
Municipality,MA,Hampden,Blandford,2022,5-Year-Estimates,Economic,"Households with Income between $100,000 to $149,999",CEN_HHINC_100000-149999,123
Municipality,MA,Hampden,Blandford,2022,5-Year-Estimates,Economic,"Households with Income between $150,000 to $199,999",CEN_HHINC_150000-199999,59
Municipality,MA,Hampden,Blandford,2022,5-Year-Estimates,Economic,"Households with Income between $200,000 or more",CEN_HHINC_200000_PLUS,44
Municipality,MA,Hampden,Blandford,2022,5-Year-Estimates,Economic,"Households with Income Less than $10,000",CEN_HHINC_0-9999,0
Municipality,MA,Hampden,Blandford,2022,5-Year-Estimates,Economic,Households with Retirement Income,CEN_RETINC,146
Municipality,MA,Hampden,Blandford,2022,5-Year-Estimates,Economic,Households with Social Security Income,CEN_SOCSECINC,211
Municipality,MA,Hampden,Blandford,2022,5-Year-Estimates,Economic,Income Under 200% of Poverty Line,CENPOV200,0.14
Municipality,MA,Hampden,Blandford,2022,5-Year-Estimates,Economic,Median Family Income,CEN_MEDFAMINC,"93,333.00"
Municipality,MA,Hampden,Blandford,2022,5-Year-Estimates,Economic,Median Household Income,CEN_MEDHHINC,"91,442.00"
Municipality,MA,Hampden,Blandford,2022,5-Year-Estimates,Economic,Per Capita Income,CEN_PERCAPINC,"47,354.00"
Municipality,MA,Hampden,Blandford,2022,5-Year-Estimates,Economic,Percent of Employed Population in Poverty - Female,EMP_FEMALE_POV_PERC,0.09
Municipality,MA,Hampden,Blandford,2022,5-Year-Estimates,Economic,Percent of Employed Population in Poverty - Male,EMP_MALE_POV_PERC,0
Municipality,MA,Hampden,Blandford,2022,5-Year-Estimates,Economic,Percent of Families in Poverty,CEN_FAM_POV,0.02
Municipality,MA,Hampden,Blandford,2022,5-Year-Estimates,Economic,Percent of Unemployed Population in Poverty - Female,UNEMP_FEMALE_POV_PERC,0
Municipality,MA,Hampden,Blandford,2022,5-Year-Estimates,Economic,Population Living below Poverty,CEN_POOR,12
Municipality,MA,Hampden,Blandford,2022,5-Year-Estimates,Economic,Poverty Rate,CEN_POVRATE,0.02
Municipality,MA,Hampden,Blandford,2022,5-Year-Estimates,Economic,Poverty Rate of Foreign Born,CEN_POV_FOR_BORN,0
Municipality,MA,Hampden,Blandford,2022,5-Year-Estimates,Economic,Poverty Rate of Foreign Born Naturalized Citizens,CEN_POV_FOR_BORN_NAT,0
Municipality,MA,Hampden,Blandford,2022,5-Year-Estimates,Economic,Poverty Rate of Foreign Born Non-Citizens,CEN_POV_FOR_BORN_NON_CIT,0
Municipality,MA,Hampden,Blandford,2022,5-Year-Estimates,Economic,Poverty Status Determined Population,CEN_POVTOTALPOP,"1,048.00"
Municipality,MA,Hampden,Blandford,2022,5-Year-Estimates,Economic,Self Employment Income-Household,CEN_SELFEMPINC,51
Municipality,MA,Hampden,Blandford,2022,5-Year-Estimates,Economic,Total population counted for unemployment by sex - Female,UNEMP_FEMALE,6
Municipality,MA,Hampden,Blandford,2022,5-Year-Estimates,Economic,Total population counted for unemployment by sex - Male,UNEMP_MALE,0
Municipality,MA,Hampden,Blandford,2022,5-Year-Estimates,Economic,Unemployment by sex and below the poverty line - Female,UNEMP_FEMALE_POV,0
Municipality,MA,Hampden,Blandford,2022,5-Year-Estimates,Economic,Unemployment by sex and below the poverty line - Male,UNEMP_MALE_POV,0
Municipality,MA,Hampden,Brimfield,2022,5-Year-Estimates,Demographics,Population Total,CEN_POP,"3,699.00"
Municipality,MA,Hampden,Brimfield,2022,5-Year-Estimates,Demographics,White Population,CEN_WHITE,"2,985.00"
Municipality,MA,Hampden,Brimfield,2022,5-Year-Estimates,Demographics,Hispanic or Latino Population (of any race),CEN_HISPANIC,48
Municipality,MA,Hampden,Brimfield,2022,5-Year-Estimates,Demographics,Black Population,CEN_BLACK,166
Municipality,MA,Hampden,Brimfield,2022,5-Year-Estimates,Demographics,Other Races Population,CEN_OTHRACE,71
Municipality,MA,Hampden,Brimfield,2022,5-Year-Estimates,Demographics,Asian Population,CEN_ASIAN,7
Municipality,MA,Hampden,Brimfield,2022,5-Year-Estimates,Demographics,Age-3 to 4 Years Old,3_4_YEARS,37
Municipality,MA,Hampden,Brimfield,2022,5-Year-Estimates,Demographics,Age-5 Years Old,5_YEARS,11
Municipality,MA,Hampden,Brimfield,2022,5-Year-Estimates,Demographics,Age-6 to 8 Years Old,6_8_YEARS,208
Municipality,MA,Hampden,Brimfield,2022,5-Year-Estimates,Demographics,Age-9 to 11 Years Old,9_11_YEARS,102
Municipality,MA,Hampden,Brimfield,2022,5-Year-Estimates,Demographics,Age-12 to 14 Years Old,12_14_YEARS,114
Municipality,MA,Hampden,Brimfield,2022,5-Year-Estimates,Demographics,Age-15 to 17 Years Old,15_17_YEARS,150
Municipality,MA,Hampden,Brimfield,2022,5-Year-Estimates,Demographics,Age-18 to 19 Years Old,18_19_YEARS,33
Municipality,MA,Hampden,Brimfield,2022,5-Year-Estimates,Demographics,Age-20 to 24 Years Old,20_24_YEARS,152
Municipality,MA,Hampden,Brimfield,2022,5-Year-Estimates,Demographics,Age-25 to 29 Years Old,25_29_YEARS,198
Municipality,MA,Hampden,Brimfield,2022,5-Year-Estimates,Demographics,Age-30 to 34 Years Old,30_34_YEARS,133
Municipality,MA,Hampden,Brimfield,2022,5-Year-Estimates,Demographics,Age-35 to 39 Years Old,35_39_YEARS,163
Municipality,MA,Hampden,Brimfield,2022,5-Year-Estimates,Demographics,Age-40 to 44 Years Old,40_44_YEARS,389
Municipality,MA,Hampden,Brimfield,2022,5-Year-Estimates,Demographics,Age-45 to 49 Years Old,45_49_YEARS,168
Municipality,MA,Hampden,Brimfield,2022,5-Year-Estimates,Demographics,Age-50 to 54 Years Old,50_54_YEARS,172
Municipality,MA,Hampden,Brimfield,2022,5-Year-Estimates,Demographics,Age-55 to 59 Years Old,55_59_YEARS,299
Municipality,MA,Hampden,Brimfield,2022,5-Year-Estimates,Demographics,Age-60 to 64 Years Old,60_64_YEARS,442
Municipality,MA,Hampden,Brimfield,2022,5-Year-Estimates,Demographics,Age-65 to 69 Years Old,65_69_YEARS,309
Municipality,MA,Hampden,Brimfield,2022,5-Year-Estimates,Demographics,Age-70 to 74 Years Old,70_74_YEARS,262
Municipality,MA,Hampden,Brimfield,2022,5-Year-Estimates,Demographics,Age-75 to 79 Years Old,75_79_YEARS,124
Municipality,MA,Hampden,Brimfield,2022,5-Year-Estimates,Demographics,Age-80 to 84 Years Old,80_84_YEARS,56
Municipality,MA,Hampden,Brimfield,2022,5-Year-Estimates,Demographics,Age-85 & older,85+_YEARS,28
Municipality,MA,Hampden,Brimfield,2022,5-Year-Estimates,Demographics,Age-Under 3 Years Old,UNDER_3_YEARS,149
Municipality,MA,Hampden,Brimfield,2022,5-Year-Estimates,Demographics,Households-Married Couples,CEN_MARRHOU,917
Municipality,MA,Hampden,Brimfield,2022,5-Year-Estimates,Demographics,Households-Single Parent,CEN_SINGPARHOU,93
Municipality,MA,Hampden,Brimfield,2022,5-Year-Estimates,Demographics,Households-Total,CEN_HOUSEHOLDS,"1,480.00"
Municipality,MA,Hampden,Brimfield,2022,5-Year-Estimates,Demographics,Net Domestic Migration,CEN_NET_DOM_MIGR,0
Municipality,MA,Hampden,Brimfield,2022,5-Year-Estimates,Demographics,Percent Elderly with Car Access,CAR_AGE_HOUSEHOLDER,0.96
Municipality,MA,Hampden,Brimfield,2022,5-Year-Estimates,Demographics,Percent Grandparents Who Are Primary Caregiver,GRAND_CAREGIVER,0.74
Municipality,MA,Hampden,Brimfield,2022,5-Year-Estimates,Demographics,Percent of Elderly Below Poverty Line,ELDERLY_POV,0.04
Municipality,MA,Hampden,Brimfield,2022,5-Year-Estimates,Demographics,Percent of Elderly who Live Alone,ELDERLY_LIVEALONE,0.2
Municipality,MA,Hampden,Brimfield,2022,5-Year-Estimates,Demographics,Percent of Population Who are Not White,MINORITY_PERCENT,0.19
Municipality,MA,Hampden,Brimfield,2022,5-Year-Estimates,Demographics,Population 5+,CEN_POP_O4,"3,513.00"
Municipality,MA,Hampden,Brimfield,2022,5-Year-Estimates,Demographics,Population 25+,CEN_POP_O24,"2,743.00"
Municipality,MA,Hampden,Brimfield,2022,5-Year-Estimates,Demographics,Population 65+,CEN_POP_O64,779
Municipality,MA,Hampden,Brimfield,2022,5-Year-Estimates,Demographics,Population Living in Rural Areas,CEN_RURALPOP,0
Municipality,MA,Hampden,Brimfield,2022,5-Year-Estimates,Demographics,Population living in the same county as five years ago,CEN_SAMECOUNTY,0
Municipality,MA,Hampden,Brimfield,2022,5-Year-Estimates,Demographics,Population living in the same house as five years ago,CEN_SAMEHOUSE,0
Municipality,MA,Hampden,Brimfield,2022,5-Year-Estimates,Demographics,Population Living in Urban Areas,CEN_URBANPOP,0
Municipality,MA,Hampden,Brimfield,2022,5-Year-Estimates,Demographics,Population Under 18,CEN_POP_U18,771
Municipality,MA,Hampden,Brimfield,2022,5-Year-Estimates,Demographics,Population-Foreign Born,CEN_FORBORN,41
Municipality,MA,Hampden,Brimfield,2022,5-Year-Estimates,Demographics,Single Parent Families,CEN_SINGPAR_CHILD,0
Municipality,MA,Hampden,Brimfield,2022,5-Year-Estimates,Demographics,Speak an Asian Language at Home,CEN_ASIANLANG,0
Municipality,MA,Hampden,Brimfield,2022,5-Year-Estimates,Demographics,Speak Only English at Home,CEN_ENGLISH,"3,451.00"
Municipality,MA,Hampden,Brimfield,2022,5-Year-Estimates,Demographics,Speak Other Language at Home,CEN_OTHLANG,0
Municipality,MA,Hampden,Brimfield,2022,5-Year-Estimates,Demographics,Speak Spanish at Home,CEN_SPANISH,48
Municipality,MA,Hampden,Brimfield,2022,5-Year-Estimates,Demographics,"Two or More Races, Not Hispanic or Latino",CEN_TWO_MORE_NOT_HISP,470
Municipality,MA,Hampden,Brimfield,2022,5-Year-Estimates,Economic,"% Households with Income between $10,000 to $14,999",CEN_PERC_HHINC_10000-14999,0.04
Municipality,MA,Hampden,Brimfield,2022,5-Year-Estimates,Economic,"% Households with Income between $15,000 to $24,999",CEN_PERC_HHINC_15000-24999,0.07
Municipality,MA,Hampden,Brimfield,2022,5-Year-Estimates,Economic,"%  Households with Income between $25,000 to $34,999",CEN_PERC_HHINC_25000-34999,0.06
Municipality,MA,Hampden,Brimfield,2022,5-Year-Estimates,Economic,"%  Households with Income between $35,000 to $49,999",CEN_PERC_HHINC_35000-49999,0.12
Municipality,MA,Hampden,Brimfield,2022,5-Year-Estimates,Economic,"% of  Households with Income between $50,000 to $74,999",CEN_PERC_HHINC_50000-74999,0.09
Municipality,MA,Hampden,Brimfield,2022,5-Year-Estimates,Economic,"% of  Households with Income between $75,000 to $99,999",CEN_PERC_HHINC_75000-99999,0.1
Municipality,MA,Hampden,Brimfield,2022,5-Year-Estimates,Economic,"% of  Households with Income between $100,000 to $149,999",CEN_PERC_HHINC_100000-149999,0.2
Municipality,MA,Hampden,Brimfield,2022,5-Year-Estimates,Economic,"%  of Households with Income between $150,000 to $199,999",CEN_PERC_HHINC_150000-199999,0.09
Municipality,MA,Hampden,Brimfield,2022,5-Year-Estimates,Economic,"% of  Households with Income between $200,000 or more",CEN_PERC_HHINC_200000_PLUS,0.19
Municipality,MA,Hampden,Brimfield,2022,5-Year-Estimates,Economic,"% of Households with Income Less than $10,000",CEN_PERC_HHINC_0-9999,0.03
Municipality,MA,Hampden,Brimfield,2022,5-Year-Estimates,Economic,Child Poverty Rate,CEN_CHILD_POV,0.01
Municipality,MA,Hampden,Brimfield,2022,5-Year-Estimates,Economic,Employment by sex - Female Total,EMP_FEMALE,"1,728.00"
Municipality,MA,Hampden,Brimfield,2022,5-Year-Estimates,Economic,Employment by sex - Male Total,EMP_MALE,"1,884.00"
Municipality,MA,Hampden,Brimfield,2022,5-Year-Estimates,Economic,Employment by sex and below the poverty line - Total,UNEMP_TOT_POV,0
Municipality,MA,Hampden,Brimfield,2022,5-Year-Estimates,Economic,Employment by sex and below the poverty line - Total Percentage,UNEMP_TOT_POV_PERC,0
Municipality,MA,Hampden,Brimfield,2022,5-Year-Estimates,Economic,Employment by sex and in poverty - Female,EMP_FEMALE_POV,72
Municipality,MA,Hampden,Brimfield,2022,5-Year-Estimates,Economic,Employment by sex and in poverty - Male,EMP_MALE_POV,16
Municipality,MA,Hampden,Brimfield,2022,5-Year-Estimates,Economic,Employment by sex and in poverty - Total,EMP_TOT_POV,88
Municipality,MA,Hampden,Brimfield,2022,5-Year-Estimates,Economic,Employment by sex and in poverty - Total Percentage,EMP_TOT_POV_PERC,0.05
Municipality,MA,Hampden,Brimfield,2022,5-Year-Estimates,Economic,Family Economic Self Sufficiency,CEN_FAMECON_SELF,0
Municipality,MA,Hampden,Brimfield,2022,5-Year-Estimates,Economic,Gini Coefficient (Income Inequality),CEN_INCOME_INEQ,0.47
Municipality,MA,Hampden,Brimfield,2022,5-Year-Estimates,Economic,"Households with Income between $10,000 to $14,999",CEN_HHINC_10000-14999,60
Municipality,MA,Hampden,Brimfield,2022,5-Year-Estimates,Economic,"Households with Income between $15,000 to $24,999",CEN_HHINC_15000-24999,102
Municipality,MA,Hampden,Brimfield,2022,5-Year-Estimates,Economic,"Households with Income between $25,000 to $34,999",CEN_HHINC_25000-34999,94
Municipality,MA,Hampden,Brimfield,2022,5-Year-Estimates,Economic,"Households with Income between $35,000 to $49,999",CEN_HHINC_35000-49999,182
Municipality,MA,Hampden,Brimfield,2022,5-Year-Estimates,Economic,"Households with Income between $50,000 to $74,999",CEN_HHINC_50000-74999,138
Municipality,MA,Hampden,Brimfield,2022,5-Year-Estimates,Economic,"Households with Income between $75,000 to $99,999",CEN_HHINC_75000-99999,143
Municipality,MA,Hampden,Brimfield,2022,5-Year-Estimates,Economic,"Households with Income between $100,000 to $149,999",CEN_HHINC_100000-149999,295
Municipality,MA,Hampden,Brimfield,2022,5-Year-Estimates,Economic,"Households with Income between $150,000 to $199,999",CEN_HHINC_150000-199999,135
Municipality,MA,Hampden,Brimfield,2022,5-Year-Estimates,Economic,"Households with Income between $200,000 or more",CEN_HHINC_200000_PLUS,285
Municipality,MA,Hampden,Brimfield,2022,5-Year-Estimates,Economic,"Households with Income Less than $10,000",CEN_HHINC_0-9999,46
Municipality,MA,Hampden,Brimfield,2022,5-Year-Estimates,Economic,Households with Retirement Income,CEN_RETINC,313
Municipality,MA,Hampden,Brimfield,2022,5-Year-Estimates,Economic,Households with Social Security Income,CEN_SOCSECINC,627
Municipality,MA,Hampden,Brimfield,2022,5-Year-Estimates,Economic,Income Under 200% of Poverty Line,CENPOV200,0.21
Municipality,MA,Hampden,Brimfield,2022,5-Year-Estimates,Economic,Median Family Income,CEN_MEDFAMINC,"82,778.00"
Municipality,MA,Hampden,Brimfield,2022,5-Year-Estimates,Economic,Median Household Income,CEN_MEDHHINC,"88,438.00"
Municipality,MA,Hampden,Brimfield,2022,5-Year-Estimates,Economic,Per Capita Income,CEN_PERCAPINC,"50,702.00"
Municipality,MA,Hampden,Brimfield,2022,5-Year-Estimates,Economic,Percent of Employed Population in Poverty - Female,EMP_FEMALE_POV_PERC,0.08
Municipality,MA,Hampden,Brimfield,2022,5-Year-Estimates,Economic,Percent of Employed Population in Poverty - Male,EMP_MALE_POV_PERC,0.02
Municipality,MA,Hampden,Brimfield,2022,5-Year-Estimates,Economic,Percent of Families in Poverty,CEN_FAM_POV,0.03
Municipality,MA,Hampden,Brimfield,2022,5-Year-Estimates,Economic,Percent of Unemployed Population in Poverty - Female,UNEMP_FEMALE_POV_PERC,0
Municipality,MA,Hampden,Brimfield,2022,5-Year-Estimates,Economic,Percent of Unemployed Population in Poverty - Male,UNEMP_MALE_POV_PERC,0
Municipality,MA,Hampden,Brimfield,2022,5-Year-Estimates,Economic,Population Living below Poverty,CEN_POOR,44
Municipality,MA,Hampden,Brimfield,2022,5-Year-Estimates,Economic,Poverty Rate,CEN_POVRATE,0.02
Municipality,MA,Hampden,Brimfield,2022,5-Year-Estimates,Economic,Poverty Rate of Foreign Born,CEN_POV_FOR_BORN,0
Municipality,MA,Hampden,Brimfield,2022,5-Year-Estimates,Economic,Poverty Rate of Foreign Born Naturalized Citizens,CEN_POV_FOR_BORN_NAT,0
Municipality,MA,Hampden,Brimfield,2022,5-Year-Estimates,Economic,Poverty Rate of Foreign Born Non-Citizens,CEN_POV_FOR_BORN_NON_CIT,0
Municipality,MA,Hampden,Brimfield,2022,5-Year-Estimates,Economic,Poverty Status Determined Population,CEN_POVTOTALPOP,"3,687.00"
Municipality,MA,Hampden,Brimfield,2022,5-Year-Estimates,Economic,Self Employment Income-Household,CEN_SELFEMPINC,198
Municipality,MA,Hampden,Brimfield,2022,5-Year-Estimates,Economic,Total population counted for unemployment by sex - Female,UNEMP_FEMALE,52
Municipality,MA,Hampden,Brimfield,2022,5-Year-Estimates,Economic,Total population counted for unemployment by sex - Male,UNEMP_MALE,60
Municipality,MA,Hampden,Brimfield,2022,5-Year-Estimates,Economic,Unemployment by sex and below the poverty line - Female,UNEMP_FEMALE_POV,0
Municipality,MA,Hampden,Brimfield,2022,5-Year-Estimates,Economic,Unemployment by sex and below the poverty line - Male,UNEMP_MALE_POV,0
Municipality,MA,Hampden,Chester,2022,5-Year-Estimates,Demographics,Population Total,CEN_POP,"1,403.00"
Municipality,MA,Hampden,Chester,2022,5-Year-Estimates,Demographics,White Population,CEN_WHITE,"1,374.00"
Municipality,MA,Hampden,Chester,2022,5-Year-Estimates,Demographics,Hispanic or Latino Population (of any race),CEN_HISPANIC,17
Municipality,MA,Hampden,Chester,2022,5-Year-Estimates,Demographics,Black Population,CEN_BLACK,0
Municipality,MA,Hampden,Chester,2022,5-Year-Estimates,Demographics,Other Races Population,CEN_OTHRACE,11
Municipality,MA,Hampden,Chester,2022,5-Year-Estimates,Demographics,Asian Population,CEN_ASIAN,0
Municipality,MA,Hampden,Chester,2022,5-Year-Estimates,Demographics,Age-3 to 4 Years Old,3_4_YEARS,24
Municipality,MA,Hampden,Chester,2022,5-Year-Estimates,Demographics,Age-5 Years Old,5_YEARS,7
Municipality,MA,Hampden,Chester,2022,5-Year-Estimates,Demographics,Age-6 to 8 Years Old,6_8_YEARS,53
Municipality,MA,Hampden,Chester,2022,5-Year-Estimates,Demographics,Age-9 to 11 Years Old,9_11_YEARS,81
Municipality,MA,Hampden,Chester,2022,5-Year-Estimates,Demographics,Age-12 to 14 Years Old,12_14_YEARS,84
Municipality,MA,Hampden,Chester,2022,5-Year-Estimates,Demographics,Age-15 to 17 Years Old,15_17_YEARS,51
Municipality,MA,Hampden,Chester,2022,5-Year-Estimates,Demographics,Age-18 to 19 Years Old,18_19_YEARS,32
Municipality,MA,Hampden,Chester,2022,5-Year-Estimates,Demographics,Age-20 to 24 Years Old,20_24_YEARS,47
Municipality,MA,Hampden,Chester,2022,5-Year-Estimates,Demographics,Age-25 to 29 Years Old,25_29_YEARS,58
Municipality,MA,Hampden,Chester,2022,5-Year-Estimates,Demographics,Age-30 to 34 Years Old,30_34_YEARS,66
Municipality,MA,Hampden,Chester,2022,5-Year-Estimates,Demographics,Age-35 to 39 Years Old,35_39_YEARS,60
Municipality,MA,Hampden,Chester,2022,5-Year-Estimates,Demographics,Age-40 to 44 Years Old,40_44_YEARS,40
Municipality,MA,Hampden,Chester,2022,5-Year-Estimates,Demographics,Age-45 to 49 Years Old,45_49_YEARS,199
Municipality,MA,Hampden,Chester,2022,5-Year-Estimates,Demographics,Age-50 to 54 Years Old,50_54_YEARS,31
Municipality,MA,Hampden,Chester,2022,5-Year-Estimates,Demographics,Age-55 to 59 Years Old,55_59_YEARS,102
Municipality,MA,Hampden,Chester,2022,5-Year-Estimates,Demographics,Age-60 to 64 Years Old,60_64_YEARS,183
Municipality,MA,Hampden,Chester,2022,5-Year-Estimates,Demographics,Age-65 to 69 Years Old,65_69_YEARS,90
Municipality,MA,Hampden,Chester,2022,5-Year-Estimates,Demographics,Age-70 to 74 Years Old,70_74_YEARS,81
Municipality,MA,Hampden,Chester,2022,5-Year-Estimates,Demographics,Age-75 to 79 Years Old,75_79_YEARS,38
Municipality,MA,Hampden,Chester,2022,5-Year-Estimates,Demographics,Age-80 to 84 Years Old,80_84_YEARS,36
Municipality,MA,Hampden,Chester,2022,5-Year-Estimates,Demographics,Age-85 & older,85+_YEARS,12
Municipality,MA,Hampden,Chester,2022,5-Year-Estimates,Demographics,Age-Under 3 Years Old,UNDER_3_YEARS,28
Municipality,MA,Hampden,Chester,2022,5-Year-Estimates,Demographics,Households-Married Couples,CEN_MARRHOU,319
Municipality,MA,Hampden,Chester,2022,5-Year-Estimates,Demographics,Households-Single Parent,CEN_SINGPARHOU,26
Municipality,MA,Hampden,Chester,2022,5-Year-Estimates,Demographics,Households-Total,CEN_HOUSEHOLDS,521
Municipality,MA,Hampden,Chester,2022,5-Year-Estimates,Demographics,Net Domestic Migration,CEN_NET_DOM_MIGR,0
Municipality,MA,Hampden,Chester,2022,5-Year-Estimates,Demographics,Percent Elderly with Car Access,CAR_AGE_HOUSEHOLDER,1
Municipality,MA,Hampden,Chester,2022,5-Year-Estimates,Demographics,Percent Grandparents Who Are Primary Caregiver,GRAND_CAREGIVER,0.78
Municipality,MA,Hampden,Chester,2022,5-Year-Estimates,Demographics,Percent of Elderly Below Poverty Line,ELDERLY_POV,0.02
Municipality,MA,Hampden,Chester,2022,5-Year-Estimates,Demographics,Percent of Elderly who Live Alone,ELDERLY_LIVEALONE,0.17
Municipality,MA,Hampden,Chester,2022,5-Year-Estimates,Demographics,Percent of Population Who are Not White,MINORITY_PERCENT,0.02
Municipality,MA,Hampden,Chester,2022,5-Year-Estimates,Demographics,Population 5+,CEN_POP_O4,"1,351.00"
Municipality,MA,Hampden,Chester,2022,5-Year-Estimates,Demographics,Population 25+,CEN_POP_O24,996
Municipality,MA,Hampden,Chester,2022,5-Year-Estimates,Demographics,Population 65+,CEN_POP_O64,257
Municipality,MA,Hampden,Chester,2022,5-Year-Estimates,Demographics,Population Living in Rural Areas,CEN_RURALPOP,0
Municipality,MA,Hampden,Chester,2022,5-Year-Estimates,Demographics,Population living in the same county as five years ago,CEN_SAMECOUNTY,0
Municipality,MA,Hampden,Chester,2022,5-Year-Estimates,Demographics,Population living in the same house as five years ago,CEN_SAMEHOUSE,0
Municipality,MA,Hampden,Chester,2022,5-Year-Estimates,Demographics,Population Living in Urban Areas,CEN_URBANPOP,0
Municipality,MA,Hampden,Chester,2022,5-Year-Estimates,Demographics,Population Under 18,CEN_POP_U18,328
Municipality,MA,Hampden,Chester,2022,5-Year-Estimates,Demographics,Population-Foreign Born,CEN_FORBORN,27
Municipality,MA,Hampden,Chester,2022,5-Year-Estimates,Demographics,Single Parent Families,CEN_SINGPAR_CHILD,0
Municipality,MA,Hampden,Chester,2022,5-Year-Estimates,Demographics,Speak an Asian Language at Home,CEN_ASIANLANG,0
Municipality,MA,Hampden,Chester,2022,5-Year-Estimates,Demographics,Speak Only English at Home,CEN_ENGLISH,"1,315.00"
Municipality,MA,Hampden,Chester,2022,5-Year-Estimates,Demographics,Speak Other Language at Home,CEN_OTHLANG,0
Municipality,MA,Hampden,Chester,2022,5-Year-Estimates,Demographics,Speak Spanish at Home,CEN_SPANISH,6
Municipality,MA,Hampden,Chester,2022,5-Year-Estimates,Demographics,"Two or More Races, Not Hispanic or Latino",CEN_TWO_MORE_NOT_HISP,16
Municipality,MA,Hampden,Chester,2022,5-Year-Estimates,Economic,"% Households with Income between $10,000 to $14,999",CEN_PERC_HHINC_10000-14999,0
Municipality,MA,Hampden,Chester,2022,5-Year-Estimates,Economic,"% Households with Income between $15,000 to $24,999",CEN_PERC_HHINC_15000-24999,0.1
Municipality,MA,Hampden,Chester,2022,5-Year-Estimates,Economic,"%  Households with Income between $25,000 to $34,999",CEN_PERC_HHINC_25000-34999,0.06
Municipality,MA,Hampden,Chester,2022,5-Year-Estimates,Economic,"%  Households with Income between $35,000 to $49,999",CEN_PERC_HHINC_35000-49999,0.09
Municipality,MA,Hampden,Chester,2022,5-Year-Estimates,Economic,"% of  Households with Income between $50,000 to $74,999",CEN_PERC_HHINC_50000-74999,0.18
Municipality,MA,Hampden,Chester,2022,5-Year-Estimates,Economic,"% of  Households with Income between $75,000 to $99,999",CEN_PERC_HHINC_75000-99999,0.23
Municipality,MA,Hampden,Chester,2022,5-Year-Estimates,Economic,"% of  Households with Income between $100,000 to $149,999",CEN_PERC_HHINC_100000-149999,0.24
Municipality,MA,Hampden,Chester,2022,5-Year-Estimates,Economic,"%  of Households with Income between $150,000 to $199,999",CEN_PERC_HHINC_150000-199999,0.06
Municipality,MA,Hampden,Chester,2022,5-Year-Estimates,Economic,"% of  Households with Income between $200,000 or more",CEN_PERC_HHINC_200000_PLUS,0.03
Municipality,MA,Hampden,Chester,2022,5-Year-Estimates,Economic,"% of Households with Income Less than $10,000",CEN_PERC_HHINC_0-9999,0.02
Municipality,MA,Hampden,Chester,2022,5-Year-Estimates,Economic,Child Poverty Rate,CEN_CHILD_POV,0.11
Municipality,MA,Hampden,Chester,2022,5-Year-Estimates,Economic,Employment by sex - Female Total,EMP_FEMALE,618
Municipality,MA,Hampden,Chester,2022,5-Year-Estimates,Economic,Employment by sex - Male Total,EMP_MALE,706
Municipality,MA,Hampden,Chester,2022,5-Year-Estimates,Economic,Employment by sex and below the poverty line - Total,UNEMP_TOT_POV,0
Municipality,MA,Hampden,Chester,2022,5-Year-Estimates,Economic,Employment by sex and below the poverty line - Total Percentage,UNEMP_TOT_POV_PERC,0
Municipality,MA,Hampden,Chester,2022,5-Year-Estimates,Economic,Employment by sex and in poverty - Female,EMP_FEMALE_POV,6
Municipality,MA,Hampden,Chester,2022,5-Year-Estimates,Economic,Employment by sex and in poverty - Male,EMP_MALE_POV,6
Municipality,MA,Hampden,Chester,2022,5-Year-Estimates,Economic,Employment by sex and in poverty - Total,EMP_TOT_POV,12
Municipality,MA,Hampden,Chester,2022,5-Year-Estimates,Economic,Employment by sex and in poverty - Total Percentage,EMP_TOT_POV_PERC,0.02
Municipality,MA,Hampden,Chester,2022,5-Year-Estimates,Economic,Family Economic Self Sufficiency,CEN_FAMECON_SELF,0
Municipality,MA,Hampden,Chester,2022,5-Year-Estimates,Economic,Gini Coefficient (Income Inequality),CEN_INCOME_INEQ,0.33
Municipality,MA,Hampden,Chester,2022,5-Year-Estimates,Economic,"Households with Income between $10,000 to $14,999",CEN_HHINC_10000-14999,0
Municipality,MA,Hampden,Chester,2022,5-Year-Estimates,Economic,"Households with Income between $15,000 to $24,999",CEN_HHINC_15000-24999,54
Municipality,MA,Hampden,Chester,2022,5-Year-Estimates,Economic,"Households with Income between $25,000 to $34,999",CEN_HHINC_25000-34999,31
Municipality,MA,Hampden,Chester,2022,5-Year-Estimates,Economic,"Households with Income between $35,000 to $49,999",CEN_HHINC_35000-49999,46
Municipality,MA,Hampden,Chester,2022,5-Year-Estimates,Economic,"Households with Income between $50,000 to $74,999",CEN_HHINC_50000-74999,93
Municipality,MA,Hampden,Chester,2022,5-Year-Estimates,Economic,"Households with Income between $75,000 to $99,999",CEN_HHINC_75000-99999,121
Municipality,MA,Hampden,Chester,2022,5-Year-Estimates,Economic,"Households with Income between $100,000 to $149,999",CEN_HHINC_100000-149999,125
Municipality,MA,Hampden,Chester,2022,5-Year-Estimates,Economic,"Households with Income between $150,000 to $199,999",CEN_HHINC_150000-199999,29
Municipality,MA,Hampden,Chester,2022,5-Year-Estimates,Economic,"Households with Income between $200,000 or more",CEN_HHINC_200000_PLUS,14
Municipality,MA,Hampden,Chester,2022,5-Year-Estimates,Economic,"Households with Income Less than $10,000",CEN_HHINC_0-9999,8
Municipality,MA,Hampden,Chester,2022,5-Year-Estimates,Economic,Households with Retirement Income,CEN_RETINC,112
Municipality,MA,Hampden,Chester,2022,5-Year-Estimates,Economic,Households with Social Security Income,CEN_SOCSECINC,239
Municipality,MA,Hampden,Chester,2022,5-Year-Estimates,Economic,Income Under 200% of Poverty Line,CENPOV200,0.23
Municipality,MA,Hampden,Chester,2022,5-Year-Estimates,Economic,Median Family Income,CEN_MEDFAMINC,"116,429.00"
Municipality,MA,Hampden,Chester,2022,5-Year-Estimates,Economic,Median Household Income,CEN_MEDHHINC,"80,947.00"
Municipality,MA,Hampden,Chester,2022,5-Year-Estimates,Economic,Per Capita Income,CEN_PERCAPINC,"32,093.00"
Municipality,MA,Hampden,Chester,2022,5-Year-Estimates,Economic,Percent of Employed Population in Poverty - Female,EMP_FEMALE_POV_PERC,0.02
Municipality,MA,Hampden,Chester,2022,5-Year-Estimates,Economic,Percent of Employed Population in Poverty - Male,EMP_MALE_POV_PERC,0.02
Municipality,MA,Hampden,Chester,2022,5-Year-Estimates,Economic,Percent of Families in Poverty,CEN_FAM_POV,0.04
Municipality,MA,Hampden,Chester,2022,5-Year-Estimates,Economic,Percent of Unemployed Population in Poverty - Female,UNEMP_FEMALE_POV_PERC,0
Municipality,MA,Hampden,Chester,2022,5-Year-Estimates,Economic,Percent of Unemployed Population in Poverty - Male,UNEMP_MALE_POV_PERC,0
Municipality,MA,Hampden,Chester,2022,5-Year-Estimates,Economic,Population Living below Poverty,CEN_POOR,6
Municipality,MA,Hampden,Chester,2022,5-Year-Estimates,Economic,Poverty Rate,CEN_POVRATE,0.01
Municipality,MA,Hampden,Chester,2022,5-Year-Estimates,Economic,Poverty Rate of Foreign Born,CEN_POV_FOR_BORN,0
Municipality,MA,Hampden,Chester,2022,5-Year-Estimates,Economic,Poverty Rate of Foreign Born Naturalized Citizens,CEN_POV_FOR_BORN_NAT,0
Municipality,MA,Hampden,Chester,2022,5-Year-Estimates,Economic,Poverty Rate of Foreign Born Non-Citizens,CEN_POV_FOR_BORN_NON_CIT,0
Municipality,MA,Hampden,Chester,2022,5-Year-Estimates,Economic,Poverty Status Determined Population,CEN_POVTOTALPOP,"1,403.00"
Municipality,MA,Hampden,Chester,2022,5-Year-Estimates,Economic,Self Employment Income-Household,CEN_SELFEMPINC,44
Municipality,MA,Hampden,Chester,2022,5-Year-Estimates,Economic,Total population counted for unemployment by sex - Female,UNEMP_FEMALE,26
Municipality,MA,Hampden,Chester,2022,5-Year-Estimates,Economic,Total population counted for unemployment by sex - Male,UNEMP_MALE,8
Municipality,MA,Hampden,Chester,2022,5-Year-Estimates,Economic,Unemployment by sex and below the poverty line - Female,UNEMP_FEMALE_POV,0
Municipality,MA,Hampden,Chester,2022,5-Year-Estimates,Economic,Unemployment by sex and below the poverty line - Male,UNEMP_MALE_POV,0
Municipality,MA,Hampden,Chicopee,2022,5-Year-Estimates,Demographics,Population Total,CEN_POP,"55,441.00"
Municipality,MA,Hampden,Chicopee,2022,5-Year-Estimates,Demographics,White Population,CEN_WHITE,"42,428.00"
Municipality,MA,Hampden,Chicopee,2022,5-Year-Estimates,Demographics,Hispanic or Latino Population (of any race),CEN_HISPANIC,"13,316.00"
Municipality,MA,Hampden,Chicopee,2022,5-Year-Estimates,Demographics,Black Population,CEN_BLACK,"3,155.00"
Municipality,MA,Hampden,Chicopee,2022,5-Year-Estimates,Demographics,Other Races Population,CEN_OTHRACE,"4,145.00"
Municipality,MA,Hampden,Chicopee,2022,5-Year-Estimates,Demographics,Asian Population,CEN_ASIAN,"1,228.00"
Municipality,MA,Hampden,Chicopee,2022,5-Year-Estimates,Demographics,Age-3 to 4 Years Old,3_4_YEARS,"1,076.00"
Municipality,MA,Hampden,Chicopee,2022,5-Year-Estimates,Demographics,Age-5 Years Old,5_YEARS,527
Municipality,MA,Hampden,Chicopee,2022,5-Year-Estimates,Demographics,Age-6 to 8 Years Old,6_8_YEARS,"1,367.00"
Municipality,MA,Hampden,Chicopee,2022,5-Year-Estimates,Demographics,Age-9 to 11 Years Old,9_11_YEARS,"1,945.00"
Municipality,MA,Hampden,Chicopee,2022,5-Year-Estimates,Demographics,Age-12 to 14 Years Old,12_14_YEARS,"1,874.00"
Municipality,MA,Hampden,Chicopee,2022,5-Year-Estimates,Demographics,Age-15 to 17 Years Old,15_17_YEARS,"2,480.00"
Municipality,MA,Hampden,Chicopee,2022,5-Year-Estimates,Demographics,Age-18 to 19 Years Old,18_19_YEARS,"1,599.00"
Municipality,MA,Hampden,Chicopee,2022,5-Year-Estimates,Demographics,Age-20 to 24 Years Old,20_24_YEARS,"3,522.00"
Municipality,MA,Hampden,Chicopee,2022,5-Year-Estimates,Demographics,Age-25 to 29 Years Old,25_29_YEARS,"3,578.00"
Municipality,MA,Hampden,Chicopee,2022,5-Year-Estimates,Demographics,Age-30 to 34 Years Old,30_34_YEARS,"3,495.00"
Municipality,MA,Hampden,Chicopee,2022,5-Year-Estimates,Demographics,Age-35 to 39 Years Old,35_39_YEARS,"3,713.00"
Municipality,MA,Hampden,Chicopee,2022,5-Year-Estimates,Demographics,Age-40 to 44 Years Old,40_44_YEARS,"3,436.00"
Municipality,MA,Hampden,Chicopee,2022,5-Year-Estimates,Demographics,Age-45 to 49 Years Old,45_49_YEARS,"3,698.00"
Municipality,MA,Hampden,Chicopee,2022,5-Year-Estimates,Demographics,Age-50 to 54 Years Old,50_54_YEARS,"2,994.00"
Municipality,MA,Hampden,Chicopee,2022,5-Year-Estimates,Demographics,Age-55 to 59 Years Old,55_59_YEARS,"4,056.00"
Municipality,MA,Hampden,Chicopee,2022,5-Year-Estimates,Demographics,Age-60 to 64 Years Old,60_64_YEARS,"4,197.00"
Municipality,MA,Hampden,Chicopee,2022,5-Year-Estimates,Demographics,Age-65 to 69 Years Old,65_69_YEARS,"3,830.00"
Municipality,MA,Hampden,Chicopee,2022,5-Year-Estimates,Demographics,Age-70 to 74 Years Old,70_74_YEARS,"2,351.00"
Municipality,MA,Hampden,Chicopee,2022,5-Year-Estimates,Demographics,Age-75 to 79 Years Old,75_79_YEARS,"1,856.00"
Municipality,MA,Hampden,Chicopee,2022,5-Year-Estimates,Demographics,Age-80 to 84 Years Old,80_84_YEARS,"1,083.00"
Municipality,MA,Hampden,Chicopee,2022,5-Year-Estimates,Demographics,Age-85 & older,85+_YEARS,"1,306.00"
Municipality,MA,Hampden,Chicopee,2022,5-Year-Estimates,Demographics,Age-Under 3 Years Old,UNDER_3_YEARS,"1,411.00"
Municipality,MA,Hampden,Chicopee,2022,5-Year-Estimates,Demographics,Households-Married Couples,CEN_MARRHOU,"8,312.00"
Municipality,MA,Hampden,Chicopee,2022,5-Year-Estimates,Demographics,Households-Single Parent,CEN_SINGPARHOU,"2,479.00"
Municipality,MA,Hampden,Chicopee,2022,5-Year-Estimates,Demographics,Households-Total,CEN_HOUSEHOLDS,"23,732.00"
Municipality,MA,Hampden,Chicopee,2022,5-Year-Estimates,Demographics,Net Domestic Migration,CEN_NET_DOM_MIGR,0
Municipality,MA,Hampden,Chicopee,2022,5-Year-Estimates,Demographics,Percent Elderly with Car Access,CAR_AGE_HOUSEHOLDER,0.8
Municipality,MA,Hampden,Chicopee,2022,5-Year-Estimates,Demographics,Percent Grandparents Who Are Primary Caregiver,GRAND_CAREGIVER,0.2
Municipality,MA,Hampden,Chicopee,2022,5-Year-Estimates,Demographics,Percent of Elderly Below Poverty Line,ELDERLY_POV,0.15
Municipality,MA,Hampden,Chicopee,2022,5-Year-Estimates,Demographics,Percent of Elderly who Live Alone,ELDERLY_LIVEALONE,0.39
Municipality,MA,Hampden,Chicopee,2022,5-Year-Estimates,Demographics,Percent of Population Who are Not White,MINORITY_PERCENT,0.23
Municipality,MA,Hampden,Chicopee,2022,5-Year-Estimates,Demographics,Population 5+,CEN_POP_O4,"52,907.00"
Municipality,MA,Hampden,Chicopee,2022,5-Year-Estimates,Demographics,Population 25+,CEN_POP_O24,"39,593.00"
Municipality,MA,Hampden,Chicopee,2022,5-Year-Estimates,Demographics,Population 65+,CEN_POP_O64,"10,426.00"
Municipality,MA,Hampden,Chicopee,2022,5-Year-Estimates,Demographics,Population Living in Rural Areas,CEN_RURALPOP,0
Municipality,MA,Hampden,Chicopee,2022,5-Year-Estimates,Demographics,Population living in the same county as five years ago,CEN_SAMECOUNTY,0
Municipality,MA,Hampden,Chicopee,2022,5-Year-Estimates,Demographics,Population living in the same house as five years ago,CEN_SAMEHOUSE,0
Municipality,MA,Hampden,Chicopee,2022,5-Year-Estimates,Demographics,Population Living in Urban Areas,CEN_URBANPOP,0
Municipality,MA,Hampden,Chicopee,2022,5-Year-Estimates,Demographics,Population Under 18,CEN_POP_U18,"10,680.00"
Municipality,MA,Hampden,Chicopee,2022,5-Year-Estimates,Demographics,Population-Foreign Born,CEN_FORBORN,"4,961.00"
Municipality,MA,Hampden,Chicopee,2022,5-Year-Estimates,Demographics,Single Parent Families,CEN_SINGPAR_CHILD,0
Municipality,MA,Hampden,Chicopee,2022,5-Year-Estimates,Demographics,Speak an Asian Language at Home,CEN_ASIANLANG,870
Municipality,MA,Hampden,Chicopee,2022,5-Year-Estimates,Demographics,Speak Only English at Home,CEN_ENGLISH,"40,568.00"
Municipality,MA,Hampden,Chicopee,2022,5-Year-Estimates,Demographics,Speak Other Language at Home,CEN_OTHLANG,308
Municipality,MA,Hampden,Chicopee,2022,5-Year-Estimates,Demographics,Speak Spanish at Home,CEN_SPANISH,"7,664.00"
Municipality,MA,Hampden,Chicopee,2022,5-Year-Estimates,Demographics,"Two or More Races, Not Hispanic or Latino",CEN_TWO_MORE_NOT_HISP,"4,458.00"
Municipality,MA,Hampden,Chicopee,2022,5-Year-Estimates,Economic,"% Households with Income between $10,000 to $14,999",CEN_PERC_HHINC_10000-14999,0.05
Municipality,MA,Hampden,Chicopee,2022,5-Year-Estimates,Economic,"% Households with Income between $15,000 to $24,999",CEN_PERC_HHINC_15000-24999,0.09
Municipality,MA,Hampden,Chicopee,2022,5-Year-Estimates,Economic,"%  Households with Income between $25,000 to $34,999",CEN_PERC_HHINC_25000-34999,0.1
Municipality,MA,Hampden,Chicopee,2022,5-Year-Estimates,Economic,"%  Households with Income between $35,000 to $49,999",CEN_PERC_HHINC_35000-49999,0.11
Municipality,MA,Hampden,Chicopee,2022,5-Year-Estimates,Economic,"% of  Households with Income between $50,000 to $74,999",CEN_PERC_HHINC_50000-74999,0.17
Municipality,MA,Hampden,Chicopee,2022,5-Year-Estimates,Economic,"% of  Households with Income between $75,000 to $99,999",CEN_PERC_HHINC_75000-99999,0.14
Municipality,MA,Hampden,Chicopee,2022,5-Year-Estimates,Economic,"% of  Households with Income between $100,000 to $149,999",CEN_PERC_HHINC_100000-149999,0.17
Municipality,MA,Hampden,Chicopee,2022,5-Year-Estimates,Economic,"%  of Households with Income between $150,000 to $199,999",CEN_PERC_HHINC_150000-199999,0.06
Municipality,MA,Hampden,Chicopee,2022,5-Year-Estimates,Economic,"% of  Households with Income between $200,000 or more",CEN_PERC_HHINC_200000_PLUS,0.05
Municipality,MA,Hampden,Chicopee,2022,5-Year-Estimates,Economic,"% of Households with Income Less than $10,000",CEN_PERC_HHINC_0-9999,0.06
Municipality,MA,Hampden,Chicopee,2022,5-Year-Estimates,Economic,Child Poverty Rate,CEN_CHILD_POV,0.24
Municipality,MA,Hampden,Chicopee,2022,5-Year-Estimates,Economic,Employment by sex - Female Total,EMP_FEMALE,"26,038.00"
Municipality,MA,Hampden,Chicopee,2022,5-Year-Estimates,Economic,Employment by sex - Male Total,EMP_MALE,"27,026.00"
Municipality,MA,Hampden,Chicopee,2022,5-Year-Estimates,Economic,Employment by sex and below the poverty line - Total,UNEMP_TOT_POV,"1,122.00"
Municipality,MA,Hampden,Chicopee,2022,5-Year-Estimates,Economic,Employment by sex and below the poverty line - Total Percentage,UNEMP_TOT_POV_PERC,0.65
Municipality,MA,Hampden,Chicopee,2022,5-Year-Estimates,Economic,Employment by sex and in poverty - Female,EMP_FEMALE_POV,"1,374.00"
Municipality,MA,Hampden,Chicopee,2022,5-Year-Estimates,Economic,Employment by sex and in poverty - Male,EMP_MALE_POV,936
Municipality,MA,Hampden,Chicopee,2022,5-Year-Estimates,Economic,Employment by sex and in poverty - Total,EMP_TOT_POV,"2,310.00"
Municipality,MA,Hampden,Chicopee,2022,5-Year-Estimates,Economic,Employment by sex and in poverty - Total Percentage,EMP_TOT_POV_PERC,0.09
Municipality,MA,Hampden,Chicopee,2022,5-Year-Estimates,Economic,Family Economic Self Sufficiency,CEN_FAMECON_SELF,0
Municipality,MA,Hampden,Chicopee,2022,5-Year-Estimates,Economic,Gini Coefficient (Income Inequality),CEN_INCOME_INEQ,0.44
Municipality,MA,Hampden,Chicopee,2022,5-Year-Estimates,Economic,"Households with Income between $10,000 to $14,999",CEN_HHINC_10000-14999,"1,203.00"
Municipality,MA,Hampden,Chicopee,2022,5-Year-Estimates,Economic,"Households with Income between $15,000 to $24,999",CEN_HHINC_15000-24999,"2,023.00"
Municipality,MA,Hampden,Chicopee,2022,5-Year-Estimates,Economic,"Households with Income between $25,000 to $34,999",CEN_HHINC_25000-34999,"2,270.00"
Municipality,MA,Hampden,Chicopee,2022,5-Year-Estimates,Economic,"Households with Income between $35,000 to $49,999",CEN_HHINC_35000-49999,"2,687.00"
Municipality,MA,Hampden,Chicopee,2022,5-Year-Estimates,Economic,"Households with Income between $50,000 to $74,999",CEN_HHINC_50000-74999,"4,080.00"
Municipality,MA,Hampden,Chicopee,2022,5-Year-Estimates,Economic,"Households with Income between $75,000 to $99,999",CEN_HHINC_75000-99999,"3,403.00"
Municipality,MA,Hampden,Chicopee,2022,5-Year-Estimates,Economic,"Households with Income between $100,000 to $149,999",CEN_HHINC_100000-149999,"3,943.00"
Municipality,MA,Hampden,Chicopee,2022,5-Year-Estimates,Economic,"Households with Income between $150,000 to $199,999",CEN_HHINC_150000-199999,"1,472.00"
Municipality,MA,Hampden,Chicopee,2022,5-Year-Estimates,Economic,"Households with Income between $200,000 or more",CEN_HHINC_200000_PLUS,"1,236.00"
Municipality,MA,Hampden,Chicopee,2022,5-Year-Estimates,Economic,"Households with Income Less than $10,000",CEN_HHINC_0-9999,"1,415.00"
Municipality,MA,Hampden,Chicopee,2022,5-Year-Estimates,Economic,Households with Retirement Income,CEN_RETINC,"5,449.00"
Municipality,MA,Hampden,Chicopee,2022,5-Year-Estimates,Economic,Households with Social Security Income,CEN_SOCSECINC,"8,670.00"
Municipality,MA,Hampden,Chicopee,2022,5-Year-Estimates,Economic,Income Under 200% of Poverty Line,CENPOV200,0.3
Municipality,MA,Hampden,Chicopee,2022,5-Year-Estimates,Economic,Median Family Income,CEN_MEDFAMINC,"89,766.00"
Municipality,MA,Hampden,Chicopee,2022,5-Year-Estimates,Economic,Median Household Income,CEN_MEDHHINC,"63,866.00"
Municipality,MA,Hampden,Chicopee,2022,5-Year-Estimates,Economic,Per Capita Income,CEN_PERCAPINC,"34,719.00"
Municipality,MA,Hampden,Chicopee,2022,5-Year-Estimates,Economic,Percent of Employed Population in Poverty - Female,EMP_FEMALE_POV_PERC,0.11
Municipality,MA,Hampden,Chicopee,2022,5-Year-Estimates,Economic,Percent of Employed Population in Poverty - Male,EMP_MALE_POV_PERC,0.07
Municipality,MA,Hampden,Chicopee,2022,5-Year-Estimates,Economic,Percent of Families in Poverty,CEN_FAM_POV,0.12
Municipality,MA,Hampden,Chicopee,2022,5-Year-Estimates,Economic,Percent of Unemployed Population in Poverty - Female,UNEMP_FEMALE_POV_PERC,0.64
Municipality,MA,Hampden,Chicopee,2022,5-Year-Estimates,Economic,Percent of Unemployed Population in Poverty - Male,UNEMP_MALE_POV_PERC,0.66
Municipality,MA,Hampden,Chicopee,2022,5-Year-Estimates,Economic,Population Living below Poverty,CEN_POOR,"1,716.00"
Municipality,MA,Hampden,Chicopee,2022,5-Year-Estimates,Economic,Poverty Rate,CEN_POVRATE,0.06
Municipality,MA,Hampden,Chicopee,2022,5-Year-Estimates,Economic,Poverty Rate of Foreign Born,CEN_POV_FOR_BORN,0.01
Municipality,MA,Hampden,Chicopee,2022,5-Year-Estimates,Economic,Poverty Rate of Foreign Born Naturalized Citizens,CEN_POV_FOR_BORN_NAT,0
Municipality,MA,Hampden,Chicopee,2022,5-Year-Estimates,Economic,Poverty Rate of Foreign Born Non-Citizens,CEN_POV_FOR_BORN_NON_CIT,0
Municipality,MA,Hampden,Chicopee,2022,5-Year-Estimates,Economic,Poverty Status Determined Population,CEN_POVTOTALPOP,"54,544.00"
Municipality,MA,Hampden,Chicopee,2022,5-Year-Estimates,Economic,Self Employment Income-Household,CEN_SELFEMPINC,"1,797.00"
Municipality,MA,Hampden,Chicopee,2022,5-Year-Estimates,Economic,Total population counted for unemployment by sex - Female,UNEMP_FEMALE,"2,046.00"
Municipality,MA,Hampden,Chicopee,2022,5-Year-Estimates,Economic,Total population counted for unemployment by sex - Male,UNEMP_MALE,"1,426.00"
Municipality,MA,Hampden,Chicopee,2022,5-Year-Estimates,Economic,Unemployment by sex and below the poverty line - Female,UNEMP_FEMALE_POV,652
Municipality,MA,Hampden,Chicopee,2022,5-Year-Estimates,Economic,Unemployment by sex and below the poverty line - Male,UNEMP_MALE_POV,470
Municipality,MA,Hampden,East Longmeadow,2022,5-Year-Estimates,Demographics,Population Total,CEN_POP,"16,361.00"
Municipality,MA,Hampden,East Longmeadow,2022,5-Year-Estimates,Demographics,White Population,CEN_WHITE,"14,450.00"
Municipality,MA,Hampden,East Longmeadow,2022,5-Year-Estimates,Demographics,Hispanic or Latino Population (of any race),CEN_HISPANIC,"1,308.00"
Municipality,MA,Hampden,East Longmeadow,2022,5-Year-Estimates,Demographics,Black Population,CEN_BLACK,433
Municipality,MA,Hampden,East Longmeadow,2022,5-Year-Estimates,Demographics,Other Races Population,CEN_OTHRACE,388
Municipality,MA,Hampden,East Longmeadow,2022,5-Year-Estimates,Demographics,Asian Population,CEN_ASIAN,219
Municipality,MA,Hampden,East Longmeadow,2022,5-Year-Estimates,Demographics,Age-3 to 4 Years Old,3_4_YEARS,302
Municipality,MA,Hampden,East Longmeadow,2022,5-Year-Estimates,Demographics,Age-5 Years Old,5_YEARS,279
Municipality,MA,Hampden,East Longmeadow,2022,5-Year-Estimates,Demographics,Age-6 to 8 Years Old,6_8_YEARS,629
Municipality,MA,Hampden,East Longmeadow,2022,5-Year-Estimates,Demographics,Age-9 to 11 Years Old,9_11_YEARS,591
Municipality,MA,Hampden,East Longmeadow,2022,5-Year-Estimates,Demographics,Age-12 to 14 Years Old,12_14_YEARS,611
Municipality,MA,Hampden,East Longmeadow,2022,5-Year-Estimates,Demographics,Age-15 to 17 Years Old,15_17_YEARS,834
Municipality,MA,Hampden,East Longmeadow,2022,5-Year-Estimates,Demographics,Age-18 to 19 Years Old,18_19_YEARS,378
Municipality,MA,Hampden,East Longmeadow,2022,5-Year-Estimates,Demographics,Age-20 to 24 Years Old,20_24_YEARS,741
Municipality,MA,Hampden,East Longmeadow,2022,5-Year-Estimates,Demographics,Age-25 to 29 Years Old,25_29_YEARS,636
Municipality,MA,Hampden,East Longmeadow,2022,5-Year-Estimates,Demographics,Age-30 to 34 Years Old,30_34_YEARS,"1,148.00"
Municipality,MA,Hampden,East Longmeadow,2022,5-Year-Estimates,Demographics,Age-35 to 39 Years Old,35_39_YEARS,871
Municipality,MA,Hampden,East Longmeadow,2022,5-Year-Estimates,Demographics,Age-40 to 44 Years Old,40_44_YEARS,937
Municipality,MA,Hampden,East Longmeadow,2022,5-Year-Estimates,Demographics,Age-45 to 49 Years Old,45_49_YEARS,965
Municipality,MA,Hampden,East Longmeadow,2022,5-Year-Estimates,Demographics,Age-50 to 54 Years Old,50_54_YEARS,"1,291.00"
Municipality,MA,Hampden,East Longmeadow,2022,5-Year-Estimates,Demographics,Age-55 to 59 Years Old,55_59_YEARS,"1,115.00"
Municipality,MA,Hampden,East Longmeadow,2022,5-Year-Estimates,Demographics,Age-60 to 64 Years Old,60_64_YEARS,896
Municipality,MA,Hampden,East Longmeadow,2022,5-Year-Estimates,Demographics,Age-65 to 69 Years Old,65_69_YEARS,851
Municipality,MA,Hampden,East Longmeadow,2022,5-Year-Estimates,Demographics,Age-70 to 74 Years Old,70_74_YEARS,840
Municipality,MA,Hampden,East Longmeadow,2022,5-Year-Estimates,Demographics,Age-75 to 79 Years Old,75_79_YEARS,395
Municipality,MA,Hampden,East Longmeadow,2022,5-Year-Estimates,Demographics,Age-80 to 84 Years Old,80_84_YEARS,502
Municipality,MA,Hampden,East Longmeadow,2022,5-Year-Estimates,Demographics,Age-85 & older,85+_YEARS,"1,003.00"
Municipality,MA,Hampden,East Longmeadow,2022,5-Year-Estimates,Demographics,Age-Under 3 Years Old,UNDER_3_YEARS,545
Municipality,MA,Hampden,East Longmeadow,2022,5-Year-Estimates,Demographics,Households-Married Couples,CEN_MARRHOU,"3,374.00"
Municipality,MA,Hampden,East Longmeadow,2022,5-Year-Estimates,Demographics,Households-Single Parent,CEN_SINGPARHOU,326
Municipality,MA,Hampden,East Longmeadow,2022,5-Year-Estimates,Demographics,Households-Total,CEN_HOUSEHOLDS,"6,008.00"
Municipality,MA,Hampden,East Longmeadow,2022,5-Year-Estimates,Demographics,Net Domestic Migration,CEN_NET_DOM_MIGR,0
Municipality,MA,Hampden,East Longmeadow,2022,5-Year-Estimates,Demographics,Percent Elderly with Car Access,CAR_AGE_HOUSEHOLDER,0.81
Municipality,MA,Hampden,East Longmeadow,2022,5-Year-Estimates,Demographics,Percent Grandparents Who Are Primary Caregiver,GRAND_CAREGIVER,0.32
Municipality,MA,Hampden,East Longmeadow,2022,5-Year-Estimates,Demographics,Percent of Elderly Below Poverty Line,ELDERLY_POV,0.06
Municipality,MA,Hampden,East Longmeadow,2022,5-Year-Estimates,Demographics,Percent of Elderly who Live Alone,ELDERLY_LIVEALONE,0.29
Municipality,MA,Hampden,East Longmeadow,2022,5-Year-Estimates,Demographics,Percent of Population Who are Not White,MINORITY_PERCENT,0.12
Municipality,MA,Hampden,East Longmeadow,2022,5-Year-Estimates,Demographics,Population 5+,CEN_POP_O4,"15,513.00"
Municipality,MA,Hampden,East Longmeadow,2022,5-Year-Estimates,Demographics,Population 25+,CEN_POP_O24,"11,450.00"
Municipality,MA,Hampden,East Longmeadow,2022,5-Year-Estimates,Demographics,Population 65+,CEN_POP_O64,"3,591.00"
Municipality,MA,Hampden,East Longmeadow,2022,5-Year-Estimates,Demographics,Population Living in Rural Areas,CEN_RURALPOP,0
Municipality,MA,Hampden,East Longmeadow,2022,5-Year-Estimates,Demographics,Population living in the same county as five years ago,CEN_SAMECOUNTY,0
Municipality,MA,Hampden,East Longmeadow,2022,5-Year-Estimates,Demographics,Population living in the same house as five years ago,CEN_SAMEHOUSE,0
Municipality,MA,Hampden,East Longmeadow,2022,5-Year-Estimates,Demographics,Population Living in Urban Areas,CEN_URBANPOP,0
Municipality,MA,Hampden,East Longmeadow,2022,5-Year-Estimates,Demographics,Population Under 18,CEN_POP_U18,"3,791.00"
Municipality,MA,Hampden,East Longmeadow,2022,5-Year-Estimates,Demographics,Population-Foreign Born,CEN_FORBORN,768
Municipality,MA,Hampden,East Longmeadow,2022,5-Year-Estimates,Demographics,Single Parent Families,CEN_SINGPAR_CHILD,0
Municipality,MA,Hampden,East Longmeadow,2022,5-Year-Estimates,Demographics,Speak an Asian Language at Home,CEN_ASIANLANG,204
Municipality,MA,Hampden,East Longmeadow,2022,5-Year-Estimates,Demographics,Speak Only English at Home,CEN_ENGLISH,"14,022.00"
Municipality,MA,Hampden,East Longmeadow,2022,5-Year-Estimates,Demographics,Speak Other Language at Home,CEN_OTHLANG,48
Municipality,MA,Hampden,East Longmeadow,2022,5-Year-Estimates,Demographics,Speak Spanish at Home,CEN_SPANISH,465
Municipality,MA,Hampden,East Longmeadow,2022,5-Year-Estimates,Demographics,"Two or More Races, Not Hispanic or Latino",CEN_TWO_MORE_NOT_HISP,871
Municipality,MA,Hampden,East Longmeadow,2022,5-Year-Estimates,Economic,"% Households with Income between $10,000 to $14,999",CEN_PERC_HHINC_10000-14999,0.02
Municipality,MA,Hampden,East Longmeadow,2022,5-Year-Estimates,Economic,"% Households with Income between $15,000 to $24,999",CEN_PERC_HHINC_15000-24999,0.05
Municipality,MA,Hampden,East Longmeadow,2022,5-Year-Estimates,Economic,"%  Households with Income between $25,000 to $34,999",CEN_PERC_HHINC_25000-34999,0.03
Municipality,MA,Hampden,East Longmeadow,2022,5-Year-Estimates,Economic,"%  Households with Income between $35,000 to $49,999",CEN_PERC_HHINC_35000-49999,0.07
Municipality,MA,Hampden,East Longmeadow,2022,5-Year-Estimates,Economic,"% of  Households with Income between $50,000 to $74,999",CEN_PERC_HHINC_50000-74999,0.16
Municipality,MA,Hampden,East Longmeadow,2022,5-Year-Estimates,Economic,"% of  Households with Income between $75,000 to $99,999",CEN_PERC_HHINC_75000-99999,0.14
Municipality,MA,Hampden,East Longmeadow,2022,5-Year-Estimates,Economic,"% of  Households with Income between $100,000 to $149,999",CEN_PERC_HHINC_100000-149999,0.19
Municipality,MA,Hampden,East Longmeadow,2022,5-Year-Estimates,Economic,"%  of Households with Income between $150,000 to $199,999",CEN_PERC_HHINC_150000-199999,0.12
Municipality,MA,Hampden,East Longmeadow,2022,5-Year-Estimates,Economic,"% of  Households with Income between $200,000 or more",CEN_PERC_HHINC_200000_PLUS,0.19
Municipality,MA,Hampden,East Longmeadow,2022,5-Year-Estimates,Economic,"% of Households with Income Less than $10,000",CEN_PERC_HHINC_0-9999,0.02
Municipality,MA,Hampden,East Longmeadow,2022,5-Year-Estimates,Economic,Child Poverty Rate,CEN_CHILD_POV,0.04
Municipality,MA,Hampden,East Longmeadow,2022,5-Year-Estimates,Economic,Employment by sex - Female Total,EMP_FEMALE,"7,794.00"
Municipality,MA,Hampden,East Longmeadow,2022,5-Year-Estimates,Economic,Employment by sex - Male Total,EMP_MALE,"8,166.00"
Municipality,MA,Hampden,East Longmeadow,2022,5-Year-Estimates,Economic,Employment by sex and below the poverty line - Total,UNEMP_TOT_POV,0
Municipality,MA,Hampden,East Longmeadow,2022,5-Year-Estimates,Economic,Employment by sex and below the poverty line - Total Percentage,UNEMP_TOT_POV_PERC,0
Municipality,MA,Hampden,East Longmeadow,2022,5-Year-Estimates,Economic,Employment by sex and in poverty - Female,EMP_FEMALE_POV,82
Municipality,MA,Hampden,East Longmeadow,2022,5-Year-Estimates,Economic,Employment by sex and in poverty - Male,EMP_MALE_POV,88
Municipality,MA,Hampden,East Longmeadow,2022,5-Year-Estimates,Economic,Employment by sex and in poverty - Total,EMP_TOT_POV,170
Municipality,MA,Hampden,East Longmeadow,2022,5-Year-Estimates,Economic,Employment by sex and in poverty - Total Percentage,EMP_TOT_POV_PERC,0.02
Municipality,MA,Hampden,East Longmeadow,2022,5-Year-Estimates,Economic,Family Economic Self Sufficiency,CEN_FAMECON_SELF,0
Municipality,MA,Hampden,East Longmeadow,2022,5-Year-Estimates,Economic,Gini Coefficient (Income Inequality),CEN_INCOME_INEQ,0.42
Municipality,MA,Hampden,East Longmeadow,2022,5-Year-Estimates,Economic,"Households with Income between $10,000 to $14,999",CEN_HHINC_10000-14999,126
Municipality,MA,Hampden,East Longmeadow,2022,5-Year-Estimates,Economic,"Households with Income between $15,000 to $24,999",CEN_HHINC_15000-24999,282
Municipality,MA,Hampden,East Longmeadow,2022,5-Year-Estimates,Economic,"Households with Income between $25,000 to $34,999",CEN_HHINC_25000-34999,205
Municipality,MA,Hampden,East Longmeadow,2022,5-Year-Estimates,Economic,"Households with Income between $35,000 to $49,999",CEN_HHINC_35000-49999,431
Municipality,MA,Hampden,East Longmeadow,2022,5-Year-Estimates,Economic,"Households with Income between $50,000 to $74,999",CEN_HHINC_50000-74999,956
Municipality,MA,Hampden,East Longmeadow,2022,5-Year-Estimates,Economic,"Households with Income between $75,000 to $99,999",CEN_HHINC_75000-99999,830
Municipality,MA,Hampden,East Longmeadow,2022,5-Year-Estimates,Economic,"Households with Income between $100,000 to $149,999",CEN_HHINC_100000-149999,"1,158.00"
Municipality,MA,Hampden,East Longmeadow,2022,5-Year-Estimates,Economic,"Households with Income between $150,000 to $199,999",CEN_HHINC_150000-199999,735
Municipality,MA,Hampden,East Longmeadow,2022,5-Year-Estimates,Economic,"Households with Income between $200,000 or more",CEN_HHINC_200000_PLUS,"1,138.00"
Municipality,MA,Hampden,East Longmeadow,2022,5-Year-Estimates,Economic,"Households with Income Less than $10,000",CEN_HHINC_0-9999,147
Municipality,MA,Hampden,East Longmeadow,2022,5-Year-Estimates,Economic,Households with Retirement Income,CEN_RETINC,"1,899.00"
Municipality,MA,Hampden,East Longmeadow,2022,5-Year-Estimates,Economic,Households with Social Security Income,CEN_SOCSECINC,"2,385.00"
Municipality,MA,Hampden,East Longmeadow,2022,5-Year-Estimates,Economic,Income Under 200% of Poverty Line,CENPOV200,0.17
Municipality,MA,Hampden,East Longmeadow,2022,5-Year-Estimates,Economic,Median Family Income,CEN_MEDFAMINC,"118,750.00"
Municipality,MA,Hampden,East Longmeadow,2022,5-Year-Estimates,Economic,Median Household Income,CEN_MEDHHINC,"101,570.00"
Municipality,MA,Hampden,East Longmeadow,2022,5-Year-Estimates,Economic,Per Capita Income,CEN_PERCAPINC,"47,914.00"
Municipality,MA,Hampden,East Longmeadow,2022,5-Year-Estimates,Economic,Percent of Employed Population in Poverty - Female,EMP_FEMALE_POV_PERC,0.02
Municipality,MA,Hampden,East Longmeadow,2022,5-Year-Estimates,Economic,Percent of Employed Population in Poverty - Male,EMP_MALE_POV_PERC,0.02
Municipality,MA,Hampden,East Longmeadow,2022,5-Year-Estimates,Economic,Percent of Families in Poverty,CEN_FAM_POV,0.02
Municipality,MA,Hampden,East Longmeadow,2022,5-Year-Estimates,Economic,Percent of Unemployed Population in Poverty - Female,UNEMP_FEMALE_POV_PERC,0
Municipality,MA,Hampden,East Longmeadow,2022,5-Year-Estimates,Economic,Percent of Unemployed Population in Poverty - Male,UNEMP_MALE_POV_PERC,0
Municipality,MA,Hampden,East Longmeadow,2022,5-Year-Estimates,Economic,Population Living below Poverty,CEN_POOR,85
Municipality,MA,Hampden,East Longmeadow,2022,5-Year-Estimates,Economic,Poverty Rate,CEN_POVRATE,0.01
Municipality,MA,Hampden,East Longmeadow,2022,5-Year-Estimates,Economic,Poverty Rate of Foreign Born,CEN_POV_FOR_BORN,0
Municipality,MA,Hampden,East Longmeadow,2022,5-Year-Estimates,Economic,Poverty Rate of Foreign Born Naturalized Citizens,CEN_POV_FOR_BORN_NAT,0
Municipality,MA,Hampden,East Longmeadow,2022,5-Year-Estimates,Economic,Poverty Rate of Foreign Born Non-Citizens,CEN_POV_FOR_BORN_NON_CIT,0
Municipality,MA,Hampden,East Longmeadow,2022,5-Year-Estimates,Economic,Poverty Status Determined Population,CEN_POVTOTALPOP,"15,966.00"
Municipality,MA,Hampden,East Longmeadow,2022,5-Year-Estimates,Economic,Self Employment Income-Household,CEN_SELFEMPINC,750
Municipality,MA,Hampden,East Longmeadow,2022,5-Year-Estimates,Economic,Total population counted for unemployment by sex - Female,UNEMP_FEMALE,278
Municipality,MA,Hampden,East Longmeadow,2022,5-Year-Estimates,Economic,Total population counted for unemployment by sex - Male,UNEMP_MALE,246
Municipality,MA,Hampden,East Longmeadow,2022,5-Year-Estimates,Economic,Unemployment by sex and below the poverty line - Female,UNEMP_FEMALE_POV,0
Municipality,MA,Hampden,East Longmeadow,2022,5-Year-Estimates,Economic,Unemployment by sex and below the poverty line - Male,UNEMP_MALE_POV,0
Municipality,MA,Hampden,Granville,2022,5-Year-Estimates,Demographics,Population Total,CEN_POP,"1,686.00"
Municipality,MA,Hampden,Granville,2022,5-Year-Estimates,Demographics,White Population,CEN_WHITE,"1,590.00"
Municipality,MA,Hampden,Granville,2022,5-Year-Estimates,Demographics,Hispanic or Latino Population (of any race),CEN_HISPANIC,38
Municipality,MA,Hampden,Granville,2022,5-Year-Estimates,Demographics,Black Population,CEN_BLACK,19
Municipality,MA,Hampden,Granville,2022,5-Year-Estimates,Demographics,Other Races Population,CEN_OTHRACE,0
Municipality,MA,Hampden,Granville,2022,5-Year-Estimates,Demographics,Asian Population,CEN_ASIAN,12
Municipality,MA,Hampden,Granville,2022,5-Year-Estimates,Demographics,Age-3 to 4 Years Old,3_4_YEARS,34
Municipality,MA,Hampden,Granville,2022,5-Year-Estimates,Demographics,Age-5 Years Old,5_YEARS,41
Municipality,MA,Hampden,Granville,2022,5-Year-Estimates,Demographics,Age-6 to 8 Years Old,6_8_YEARS,30
Municipality,MA,Hampden,Granville,2022,5-Year-Estimates,Demographics,Age-9 to 11 Years Old,9_11_YEARS,38
Municipality,MA,Hampden,Granville,2022,5-Year-Estimates,Demographics,Age-12 to 14 Years Old,12_14_YEARS,76
Municipality,MA,Hampden,Granville,2022,5-Year-Estimates,Demographics,Age-15 to 17 Years Old,15_17_YEARS,52
Municipality,MA,Hampden,Granville,2022,5-Year-Estimates,Demographics,Age-18 to 19 Years Old,18_19_YEARS,22
Municipality,MA,Hampden,Granville,2022,5-Year-Estimates,Demographics,Age-20 to 24 Years Old,20_24_YEARS,79
Municipality,MA,Hampden,Granville,2022,5-Year-Estimates,Demographics,Age-25 to 29 Years Old,25_29_YEARS,85
Municipality,MA,Hampden,Granville,2022,5-Year-Estimates,Demographics,Age-30 to 34 Years Old,30_34_YEARS,104
Municipality,MA,Hampden,Granville,2022,5-Year-Estimates,Demographics,Age-35 to 39 Years Old,35_39_YEARS,42
Municipality,MA,Hampden,Granville,2022,5-Year-Estimates,Demographics,Age-40 to 44 Years Old,40_44_YEARS,108
Municipality,MA,Hampden,Granville,2022,5-Year-Estimates,Demographics,Age-45 to 49 Years Old,45_49_YEARS,123
Municipality,MA,Hampden,Granville,2022,5-Year-Estimates,Demographics,Age-50 to 54 Years Old,50_54_YEARS,224
Municipality,MA,Hampden,Granville,2022,5-Year-Estimates,Demographics,Age-55 to 59 Years Old,55_59_YEARS,143
Municipality,MA,Hampden,Granville,2022,5-Year-Estimates,Demographics,Age-60 to 64 Years Old,60_64_YEARS,106
Municipality,MA,Hampden,Granville,2022,5-Year-Estimates,Demographics,Age-65 to 69 Years Old,65_69_YEARS,147
Municipality,MA,Hampden,Granville,2022,5-Year-Estimates,Demographics,Age-70 to 74 Years Old,70_74_YEARS,98
Municipality,MA,Hampden,Granville,2022,5-Year-Estimates,Demographics,Age-75 to 79 Years Old,75_79_YEARS,23
Municipality,MA,Hampden,Granville,2022,5-Year-Estimates,Demographics,Age-80 to 84 Years Old,80_84_YEARS,35
Municipality,MA,Hampden,Granville,2022,5-Year-Estimates,Demographics,Age-85 & older,85+_YEARS,34
Municipality,MA,Hampden,Granville,2022,5-Year-Estimates,Demographics,Age-Under 3 Years Old,UNDER_3_YEARS,42
Municipality,MA,Hampden,Granville,2022,5-Year-Estimates,Demographics,Households-Married Couples,CEN_MARRHOU,397
Municipality,MA,Hampden,Granville,2022,5-Year-Estimates,Demographics,Households-Single Parent,CEN_SINGPARHOU,12
Municipality,MA,Hampden,Granville,2022,5-Year-Estimates,Demographics,Households-Total,CEN_HOUSEHOLDS,658
Municipality,MA,Hampden,Granville,2022,5-Year-Estimates,Demographics,Net Domestic Migration,CEN_NET_DOM_MIGR,0
Municipality,MA,Hampden,Granville,2022,5-Year-Estimates,Demographics,Percent Elderly with Car Access,CAR_AGE_HOUSEHOLDER,1
Municipality,MA,Hampden,Granville,2022,5-Year-Estimates,Demographics,Percent Grandparents Who Are Primary Caregiver,GRAND_CAREGIVER,0
Municipality,MA,Hampden,Granville,2022,5-Year-Estimates,Demographics,Percent of Elderly Below Poverty Line,ELDERLY_POV,0.05
Municipality,MA,Hampden,Granville,2022,5-Year-Estimates,Demographics,Percent of Elderly who Live Alone,ELDERLY_LIVEALONE,0.23
Municipality,MA,Hampden,Granville,2022,5-Year-Estimates,Demographics,Percent of Population Who are Not White,MINORITY_PERCENT,0.06
Municipality,MA,Hampden,Granville,2022,5-Year-Estimates,Demographics,Population 5+,CEN_POP_O4,"1,610.00"
Municipality,MA,Hampden,Granville,2022,5-Year-Estimates,Demographics,Population 25+,CEN_POP_O24,"1,272.00"
Municipality,MA,Hampden,Granville,2022,5-Year-Estimates,Demographics,Population 65+,CEN_POP_O64,337
Municipality,MA,Hampden,Granville,2022,5-Year-Estimates,Demographics,Population Living in Rural Areas,CEN_RURALPOP,0
Municipality,MA,Hampden,Granville,2022,5-Year-Estimates,Demographics,Population living in the same county as five years ago,CEN_SAMECOUNTY,0
Municipality,MA,Hampden,Granville,2022,5-Year-Estimates,Demographics,Population living in the same house as five years ago,CEN_SAMEHOUSE,0
Municipality,MA,Hampden,Granville,2022,5-Year-Estimates,Demographics,Population Living in Urban Areas,CEN_URBANPOP,0
Municipality,MA,Hampden,Granville,2022,5-Year-Estimates,Demographics,Population Under 18,CEN_POP_U18,313
Municipality,MA,Hampden,Granville,2022,5-Year-Estimates,Demographics,Population-Foreign Born,CEN_FORBORN,79
Municipality,MA,Hampden,Granville,2022,5-Year-Estimates,Demographics,Single Parent Families,CEN_SINGPAR_CHILD,0
Municipality,MA,Hampden,Granville,2022,5-Year-Estimates,Demographics,Speak an Asian Language at Home,CEN_ASIANLANG,10
Municipality,MA,Hampden,Granville,2022,5-Year-Estimates,Demographics,Speak Only English at Home,CEN_ENGLISH,"1,498.00"
Municipality,MA,Hampden,Granville,2022,5-Year-Estimates,Demographics,Speak Other Language at Home,CEN_OTHLANG,13
Municipality,MA,Hampden,Granville,2022,5-Year-Estimates,Demographics,Speak Spanish at Home,CEN_SPANISH,28
Municipality,MA,Hampden,Granville,2022,5-Year-Estimates,Demographics,"Two or More Races, Not Hispanic or Latino",CEN_TWO_MORE_NOT_HISP,65
Municipality,MA,Hampden,Granville,2022,5-Year-Estimates,Economic,"% Households with Income between $10,000 to $14,999",CEN_PERC_HHINC_10000-14999,0.02
Municipality,MA,Hampden,Granville,2022,5-Year-Estimates,Economic,"% Households with Income between $15,000 to $24,999",CEN_PERC_HHINC_15000-24999,0.06
Municipality,MA,Hampden,Granville,2022,5-Year-Estimates,Economic,"%  Households with Income between $25,000 to $34,999",CEN_PERC_HHINC_25000-34999,0.03
Municipality,MA,Hampden,Granville,2022,5-Year-Estimates,Economic,"%  Households with Income between $35,000 to $49,999",CEN_PERC_HHINC_35000-49999,0.06
Municipality,MA,Hampden,Granville,2022,5-Year-Estimates,Economic,"% of  Households with Income between $50,000 to $74,999",CEN_PERC_HHINC_50000-74999,0.15
Municipality,MA,Hampden,Granville,2022,5-Year-Estimates,Economic,"% of  Households with Income between $75,000 to $99,999",CEN_PERC_HHINC_75000-99999,0.13
Municipality,MA,Hampden,Granville,2022,5-Year-Estimates,Economic,"% of  Households with Income between $100,000 to $149,999",CEN_PERC_HHINC_100000-149999,0.23
Municipality,MA,Hampden,Granville,2022,5-Year-Estimates,Economic,"%  of Households with Income between $150,000 to $199,999",CEN_PERC_HHINC_150000-199999,0.16
Municipality,MA,Hampden,Granville,2022,5-Year-Estimates,Economic,"% of  Households with Income between $200,000 or more",CEN_PERC_HHINC_200000_PLUS,0.12
Municipality,MA,Hampden,Granville,2022,5-Year-Estimates,Economic,"% of Households with Income Less than $10,000",CEN_PERC_HHINC_0-9999,0.03
Municipality,MA,Hampden,Granville,2022,5-Year-Estimates,Economic,Child Poverty Rate,CEN_CHILD_POV,0.09
Municipality,MA,Hampden,Granville,2022,5-Year-Estimates,Economic,Employment by sex - Female Total,EMP_FEMALE,790
Municipality,MA,Hampden,Granville,2022,5-Year-Estimates,Economic,Employment by sex - Male Total,EMP_MALE,930
Municipality,MA,Hampden,Granville,2022,5-Year-Estimates,Economic,Employment by sex and below the poverty line - Total,UNEMP_TOT_POV,34
Municipality,MA,Hampden,Granville,2022,5-Year-Estimates,Economic,Employment by sex and below the poverty line - Total Percentage,UNEMP_TOT_POV_PERC,0.72
Municipality,MA,Hampden,Granville,2022,5-Year-Estimates,Economic,Employment by sex and in poverty - Female,EMP_FEMALE_POV,20
Municipality,MA,Hampden,Granville,2022,5-Year-Estimates,Economic,Employment by sex and in poverty - Male,EMP_MALE_POV,18
Municipality,MA,Hampden,Granville,2022,5-Year-Estimates,Economic,Employment by sex and in poverty - Total,EMP_TOT_POV,38
Municipality,MA,Hampden,Granville,2022,5-Year-Estimates,Economic,Employment by sex and in poverty - Total Percentage,EMP_TOT_POV_PERC,0.04
Municipality,MA,Hampden,Granville,2022,5-Year-Estimates,Economic,Family Economic Self Sufficiency,CEN_FAMECON_SELF,0
Municipality,MA,Hampden,Granville,2022,5-Year-Estimates,Economic,Gini Coefficient (Income Inequality),CEN_INCOME_INEQ,0.39
Municipality,MA,Hampden,Granville,2022,5-Year-Estimates,Economic,"Households with Income between $10,000 to $14,999",CEN_HHINC_10000-14999,11
Municipality,MA,Hampden,Granville,2022,5-Year-Estimates,Economic,"Households with Income between $15,000 to $24,999",CEN_HHINC_15000-24999,42
Municipality,MA,Hampden,Granville,2022,5-Year-Estimates,Economic,"Households with Income between $25,000 to $34,999",CEN_HHINC_25000-34999,20
Municipality,MA,Hampden,Granville,2022,5-Year-Estimates,Economic,"Households with Income between $35,000 to $49,999",CEN_HHINC_35000-49999,41
Municipality,MA,Hampden,Granville,2022,5-Year-Estimates,Economic,"Households with Income between $50,000 to $74,999",CEN_HHINC_50000-74999,101
Municipality,MA,Hampden,Granville,2022,5-Year-Estimates,Economic,"Households with Income between $75,000 to $99,999",CEN_HHINC_75000-99999,88
Municipality,MA,Hampden,Granville,2022,5-Year-Estimates,Economic,"Households with Income between $100,000 to $149,999",CEN_HHINC_100000-149999,151
Municipality,MA,Hampden,Granville,2022,5-Year-Estimates,Economic,"Households with Income between $150,000 to $199,999",CEN_HHINC_150000-199999,108
Municipality,MA,Hampden,Granville,2022,5-Year-Estimates,Economic,"Households with Income between $200,000 or more",CEN_HHINC_200000_PLUS,76
Municipality,MA,Hampden,Granville,2022,5-Year-Estimates,Economic,"Households with Income Less than $10,000",CEN_HHINC_0-9999,20
Municipality,MA,Hampden,Granville,2022,5-Year-Estimates,Economic,Households with Retirement Income,CEN_RETINC,201
Municipality,MA,Hampden,Granville,2022,5-Year-Estimates,Economic,Households with Social Security Income,CEN_SOCSECINC,202
Municipality,MA,Hampden,Granville,2022,5-Year-Estimates,Economic,Income Under 200% of Poverty Line,CENPOV200,0.15
Municipality,MA,Hampden,Granville,2022,5-Year-Estimates,Economic,Median Family Income,CEN_MEDFAMINC,"85,000.00"
Municipality,MA,Hampden,Granville,2022,5-Year-Estimates,Economic,Median Household Income,CEN_MEDHHINC,"102,143.00"
Municipality,MA,Hampden,Granville,2022,5-Year-Estimates,Economic,Per Capita Income,CEN_PERCAPINC,"47,092.00"
Municipality,MA,Hampden,Granville,2022,5-Year-Estimates,Economic,Percent of Employed Population in Poverty - Female,EMP_FEMALE_POV_PERC,0.05
Municipality,MA,Hampden,Granville,2022,5-Year-Estimates,Economic,Percent of Employed Population in Poverty - Male,EMP_MALE_POV_PERC,0.04
Municipality,MA,Hampden,Granville,2022,5-Year-Estimates,Economic,Percent of Families in Poverty,CEN_FAM_POV,0.04
Municipality,MA,Hampden,Granville,2022,5-Year-Estimates,Economic,Percent of Unemployed Population in Poverty - Female,UNEMP_FEMALE_POV_PERC,0.75
Municipality,MA,Hampden,Granville,2022,5-Year-Estimates,Economic,Percent of Unemployed Population in Poverty - Male,UNEMP_MALE_POV_PERC,0.72
Municipality,MA,Hampden,Granville,2022,5-Year-Estimates,Economic,Population Living below Poverty,CEN_POOR,36
Municipality,MA,Hampden,Granville,2022,5-Year-Estimates,Economic,Poverty Rate,CEN_POVRATE,0.04
Municipality,MA,Hampden,Granville,2022,5-Year-Estimates,Economic,Poverty Rate of Foreign Born,CEN_POV_FOR_BORN,0
Municipality,MA,Hampden,Granville,2022,5-Year-Estimates,Economic,Poverty Rate of Foreign Born Naturalized Citizens,CEN_POV_FOR_BORN_NAT,0
Municipality,MA,Hampden,Granville,2022,5-Year-Estimates,Economic,Poverty Rate of Foreign Born Non-Citizens,CEN_POV_FOR_BORN_NON_CIT,0
Municipality,MA,Hampden,Granville,2022,5-Year-Estimates,Economic,Poverty Status Determined Population,CEN_POVTOTALPOP,"1,669.00"
Municipality,MA,Hampden,Granville,2022,5-Year-Estimates,Economic,Self Employment Income-Household,CEN_SELFEMPINC,129
Municipality,MA,Hampden,Granville,2022,5-Year-Estimates,Economic,Total population counted for unemployment by sex - Female,UNEMP_FEMALE,16
Municipality,MA,Hampden,Granville,2022,5-Year-Estimates,Economic,Total population counted for unemployment by sex - Male,UNEMP_MALE,78
Municipality,MA,Hampden,Granville,2022,5-Year-Estimates,Economic,Unemployment by sex and below the poverty line - Female,UNEMP_FEMALE_POV,6
Municipality,MA,Hampden,Granville,2022,5-Year-Estimates,Economic,Unemployment by sex and below the poverty line - Male,UNEMP_MALE_POV,28
Municipality,MA,Hampden,Hampden,2022,5-Year-Estimates,Demographics,Population Total,CEN_POP,"4,966.00"
Municipality,MA,Hampden,Hampden,2022,5-Year-Estimates,Demographics,White Population,CEN_WHITE,"4,618.00"
Municipality,MA,Hampden,Hampden,2022,5-Year-Estimates,Demographics,Hispanic or Latino Population (of any race),CEN_HISPANIC,270
Municipality,MA,Hampden,Hampden,2022,5-Year-Estimates,Demographics,Black Population,CEN_BLACK,0
Municipality,MA,Hampden,Hampden,2022,5-Year-Estimates,Demographics,Other Races Population,CEN_OTHRACE,138
Municipality,MA,Hampden,Hampden,2022,5-Year-Estimates,Demographics,Asian Population,CEN_ASIAN,22
Municipality,MA,Hampden,Hampden,2022,5-Year-Estimates,Demographics,Age-3 to 4 Years Old,3_4_YEARS,65
Municipality,MA,Hampden,Hampden,2022,5-Year-Estimates,Demographics,Age-5 Years Old,5_YEARS,13
Municipality,MA,Hampden,Hampden,2022,5-Year-Estimates,Demographics,Age-6 to 8 Years Old,6_8_YEARS,107
Municipality,MA,Hampden,Hampden,2022,5-Year-Estimates,Demographics,Age-9 to 11 Years Old,9_11_YEARS,147
Municipality,MA,Hampden,Hampden,2022,5-Year-Estimates,Demographics,Age-12 to 14 Years Old,12_14_YEARS,125
Municipality,MA,Hampden,Hampden,2022,5-Year-Estimates,Demographics,Age-15 to 17 Years Old,15_17_YEARS,109
Municipality,MA,Hampden,Hampden,2022,5-Year-Estimates,Demographics,Age-18 to 19 Years Old,18_19_YEARS,199
Municipality,MA,Hampden,Hampden,2022,5-Year-Estimates,Demographics,Age-20 to 24 Years Old,20_24_YEARS,186
Municipality,MA,Hampden,Hampden,2022,5-Year-Estimates,Demographics,Age-25 to 29 Years Old,25_29_YEARS,198
Municipality,MA,Hampden,Hampden,2022,5-Year-Estimates,Demographics,Age-30 to 34 Years Old,30_34_YEARS,380
Municipality,MA,Hampden,Hampden,2022,5-Year-Estimates,Demographics,Age-35 to 39 Years Old,35_39_YEARS,279
Municipality,MA,Hampden,Hampden,2022,5-Year-Estimates,Demographics,Age-40 to 44 Years Old,40_44_YEARS,198
Municipality,MA,Hampden,Hampden,2022,5-Year-Estimates,Demographics,Age-45 to 49 Years Old,45_49_YEARS,161
Municipality,MA,Hampden,Hampden,2022,5-Year-Estimates,Demographics,Age-50 to 54 Years Old,50_54_YEARS,257
Municipality,MA,Hampden,Hampden,2022,5-Year-Estimates,Demographics,Age-55 to 59 Years Old,55_59_YEARS,561
Municipality,MA,Hampden,Hampden,2022,5-Year-Estimates,Demographics,Age-60 to 64 Years Old,60_64_YEARS,553
Municipality,MA,Hampden,Hampden,2022,5-Year-Estimates,Demographics,Age-65 to 69 Years Old,65_69_YEARS,613
Municipality,MA,Hampden,Hampden,2022,5-Year-Estimates,Demographics,Age-70 to 74 Years Old,70_74_YEARS,307
Municipality,MA,Hampden,Hampden,2022,5-Year-Estimates,Demographics,Age-75 to 79 Years Old,75_79_YEARS,225
Municipality,MA,Hampden,Hampden,2022,5-Year-Estimates,Demographics,Age-80 to 84 Years Old,80_84_YEARS,154
Municipality,MA,Hampden,Hampden,2022,5-Year-Estimates,Demographics,Age-85 & older,85+_YEARS,87
Municipality,MA,Hampden,Hampden,2022,5-Year-Estimates,Demographics,Age-Under 3 Years Old,UNDER_3_YEARS,42
Municipality,MA,Hampden,Hampden,2022,5-Year-Estimates,Demographics,Households-Married Couples,CEN_MARRHOU,"1,395.00"
Municipality,MA,Hampden,Hampden,2022,5-Year-Estimates,Demographics,Households-Single Parent,CEN_SINGPARHOU,21
Municipality,MA,Hampden,Hampden,2022,5-Year-Estimates,Demographics,Households-Total,CEN_HOUSEHOLDS,"1,971.00"
Municipality,MA,Hampden,Hampden,2022,5-Year-Estimates,Demographics,Net Domestic Migration,CEN_NET_DOM_MIGR,0
Municipality,MA,Hampden,Hampden,2022,5-Year-Estimates,Demographics,Percent Elderly with Car Access,CAR_AGE_HOUSEHOLDER,0.99
Municipality,MA,Hampden,Hampden,2022,5-Year-Estimates,Demographics,Percent Grandparents Who Are Primary Caregiver,GRAND_CAREGIVER,0
Municipality,MA,Hampden,Hampden,2022,5-Year-Estimates,Demographics,Percent of Elderly Below Poverty Line,ELDERLY_POV,0.02
Municipality,MA,Hampden,Hampden,2022,5-Year-Estimates,Demographics,Percent of Elderly who Live Alone,ELDERLY_LIVEALONE,0.2
Municipality,MA,Hampden,Hampden,2022,5-Year-Estimates,Demographics,Percent of Population Who are Not White,MINORITY_PERCENT,0.07
Municipality,MA,Hampden,Hampden,2022,5-Year-Estimates,Demographics,Population 5+,CEN_POP_O4,"4,859.00"
Municipality,MA,Hampden,Hampden,2022,5-Year-Estimates,Demographics,Population 25+,CEN_POP_O24,"3,973.00"
Municipality,MA,Hampden,Hampden,2022,5-Year-Estimates,Demographics,Population 65+,CEN_POP_O64,"1,386.00"
Municipality,MA,Hampden,Hampden,2022,5-Year-Estimates,Demographics,Population Living in Rural Areas,CEN_RURALPOP,0
Municipality,MA,Hampden,Hampden,2022,5-Year-Estimates,Demographics,Population living in the same county as five years ago,CEN_SAMECOUNTY,0
Municipality,MA,Hampden,Hampden,2022,5-Year-Estimates,Demographics,Population living in the same house as five years ago,CEN_SAMEHOUSE,0
Municipality,MA,Hampden,Hampden,2022,5-Year-Estimates,Demographics,Population Living in Urban Areas,CEN_URBANPOP,0
Municipality,MA,Hampden,Hampden,2022,5-Year-Estimates,Demographics,Population Under 18,CEN_POP_U18,608
Municipality,MA,Hampden,Hampden,2022,5-Year-Estimates,Demographics,Population-Foreign Born,CEN_FORBORN,87
Municipality,MA,Hampden,Hampden,2022,5-Year-Estimates,Demographics,Single Parent Families,CEN_SINGPAR_CHILD,0
Municipality,MA,Hampden,Hampden,2022,5-Year-Estimates,Demographics,Speak an Asian Language at Home,CEN_ASIANLANG,8
Municipality,MA,Hampden,Hampden,2022,5-Year-Estimates,Demographics,Speak Only English at Home,CEN_ENGLISH,"4,664.00"
Municipality,MA,Hampden,Hampden,2022,5-Year-Estimates,Demographics,Speak Other Language at Home,CEN_OTHLANG,0
Municipality,MA,Hampden,Hampden,2022,5-Year-Estimates,Demographics,Speak Spanish at Home,CEN_SPANISH,58
Municipality,MA,Hampden,Hampden,2022,5-Year-Estimates,Demographics,"Two or More Races, Not Hispanic or Latino",CEN_TWO_MORE_NOT_HISP,170
Municipality,MA,Hampden,Hampden,2022,5-Year-Estimates,Economic,"% Households with Income between $10,000 to $14,999",CEN_PERC_HHINC_10000-14999,0.02
Municipality,MA,Hampden,Hampden,2022,5-Year-Estimates,Economic,"% Households with Income between $15,000 to $24,999",CEN_PERC_HHINC_15000-24999,0.03
Municipality,MA,Hampden,Hampden,2022,5-Year-Estimates,Economic,"%  Households with Income between $25,000 to $34,999",CEN_PERC_HHINC_25000-34999,0.06
Municipality,MA,Hampden,Hampden,2022,5-Year-Estimates,Economic,"%  Households with Income between $35,000 to $49,999",CEN_PERC_HHINC_35000-49999,0.05
Municipality,MA,Hampden,Hampden,2022,5-Year-Estimates,Economic,"% of  Households with Income between $50,000 to $74,999",CEN_PERC_HHINC_50000-74999,0.19
Municipality,MA,Hampden,Hampden,2022,5-Year-Estimates,Economic,"% of  Households with Income between $75,000 to $99,999",CEN_PERC_HHINC_75000-99999,0.1
Municipality,MA,Hampden,Hampden,2022,5-Year-Estimates,Economic,"% of  Households with Income between $100,000 to $149,999",CEN_PERC_HHINC_100000-149999,0.21
Municipality,MA,Hampden,Hampden,2022,5-Year-Estimates,Economic,"%  of Households with Income between $150,000 to $199,999",CEN_PERC_HHINC_150000-199999,0.2
Municipality,MA,Hampden,Hampden,2022,5-Year-Estimates,Economic,"% of  Households with Income between $200,000 or more",CEN_PERC_HHINC_200000_PLUS,0.14
Municipality,MA,Hampden,Hampden,2022,5-Year-Estimates,Economic,"% of Households with Income Less than $10,000",CEN_PERC_HHINC_0-9999,0.01
Municipality,MA,Hampden,Hampden,2022,5-Year-Estimates,Economic,Child Poverty Rate,CEN_CHILD_POV,0
Municipality,MA,Hampden,Hampden,2022,5-Year-Estimates,Economic,Employment by sex - Female Total,EMP_FEMALE,"2,322.00"
Municipality,MA,Hampden,Hampden,2022,5-Year-Estimates,Economic,Employment by sex - Male Total,EMP_MALE,"2,690.00"
Municipality,MA,Hampden,Hampden,2022,5-Year-Estimates,Economic,Employment by sex and below the poverty line - Total,UNEMP_TOT_POV,0
Municipality,MA,Hampden,Hampden,2022,5-Year-Estimates,Economic,Employment by sex and below the poverty line - Total Percentage,UNEMP_TOT_POV_PERC,0
Municipality,MA,Hampden,Hampden,2022,5-Year-Estimates,Economic,Employment by sex and in poverty - Female,EMP_FEMALE_POV,0
Municipality,MA,Hampden,Hampden,2022,5-Year-Estimates,Economic,Employment by sex and in poverty - Male,EMP_MALE_POV,0
Municipality,MA,Hampden,Hampden,2022,5-Year-Estimates,Economic,Employment by sex and in poverty - Total,EMP_TOT_POV,0
Municipality,MA,Hampden,Hampden,2022,5-Year-Estimates,Economic,Employment by sex and in poverty - Total Percentage,EMP_TOT_POV_PERC,0
Municipality,MA,Hampden,Hampden,2022,5-Year-Estimates,Economic,Family Economic Self Sufficiency,CEN_FAMECON_SELF,0
Municipality,MA,Hampden,Hampden,2022,5-Year-Estimates,Economic,Gini Coefficient (Income Inequality),CEN_INCOME_INEQ,0.34
Municipality,MA,Hampden,Hampden,2022,5-Year-Estimates,Economic,"Households with Income between $10,000 to $14,999",CEN_HHINC_10000-14999,46
Municipality,MA,Hampden,Hampden,2022,5-Year-Estimates,Economic,"Households with Income between $15,000 to $24,999",CEN_HHINC_15000-24999,49
Municipality,MA,Hampden,Hampden,2022,5-Year-Estimates,Economic,"Households with Income between $25,000 to $34,999",CEN_HHINC_25000-34999,111
Municipality,MA,Hampden,Hampden,2022,5-Year-Estimates,Economic,"Households with Income between $35,000 to $49,999",CEN_HHINC_35000-49999,91
Municipality,MA,Hampden,Hampden,2022,5-Year-Estimates,Economic,"Households with Income between $50,000 to $74,999",CEN_HHINC_50000-74999,364
Municipality,MA,Hampden,Hampden,2022,5-Year-Estimates,Economic,"Households with Income between $75,000 to $99,999",CEN_HHINC_75000-99999,202
Municipality,MA,Hampden,Hampden,2022,5-Year-Estimates,Economic,"Households with Income between $100,000 to $149,999",CEN_HHINC_100000-149999,412
Municipality,MA,Hampden,Hampden,2022,5-Year-Estimates,Economic,"Households with Income between $150,000 to $199,999",CEN_HHINC_150000-199999,394
Municipality,MA,Hampden,Hampden,2022,5-Year-Estimates,Economic,"Households with Income between $200,000 or more",CEN_HHINC_200000_PLUS,274
Municipality,MA,Hampden,Hampden,2022,5-Year-Estimates,Economic,"Households with Income Less than $10,000",CEN_HHINC_0-9999,28
Municipality,MA,Hampden,Hampden,2022,5-Year-Estimates,Economic,Households with Retirement Income,CEN_RETINC,796
Municipality,MA,Hampden,Hampden,2022,5-Year-Estimates,Economic,Households with Social Security Income,CEN_SOCSECINC,878
Municipality,MA,Hampden,Hampden,2022,5-Year-Estimates,Economic,Income Under 200% of Poverty Line,CENPOV200,0.1
Municipality,MA,Hampden,Hampden,2022,5-Year-Estimates,Economic,Median Family Income,CEN_MEDFAMINC,"83,750.00"
Municipality,MA,Hampden,Hampden,2022,5-Year-Estimates,Economic,Median Household Income,CEN_MEDHHINC,"110,320.00"
Municipality,MA,Hampden,Hampden,2022,5-Year-Estimates,Economic,Per Capita Income,CEN_PERCAPINC,"47,370.00"
Municipality,MA,Hampden,Hampden,2022,5-Year-Estimates,Economic,Percent of Employed Population in Poverty - Female,EMP_FEMALE_POV_PERC,0
Municipality,MA,Hampden,Hampden,2022,5-Year-Estimates,Economic,Percent of Employed Population in Poverty - Male,EMP_MALE_POV_PERC,0
Municipality,MA,Hampden,Hampden,2022,5-Year-Estimates,Economic,Percent of Families in Poverty,CEN_FAM_POV,0
Municipality,MA,Hampden,Hampden,2022,5-Year-Estimates,Economic,Percent of Unemployed Population in Poverty - Female,UNEMP_FEMALE_POV_PERC,0
Municipality,MA,Hampden,Hampden,2022,5-Year-Estimates,Economic,Percent of Unemployed Population in Poverty - Male,UNEMP_MALE_POV_PERC,0
Municipality,MA,Hampden,Hampden,2022,5-Year-Estimates,Economic,Population Living below Poverty,CEN_POOR,0
Municipality,MA,Hampden,Hampden,2022,5-Year-Estimates,Economic,Poverty Rate,CEN_POVRATE,0
Municipality,MA,Hampden,Hampden,2022,5-Year-Estimates,Economic,Poverty Rate of Foreign Born,CEN_POV_FOR_BORN,0
Municipality,MA,Hampden,Hampden,2022,5-Year-Estimates,Economic,Poverty Rate of Foreign Born Naturalized Citizens,CEN_POV_FOR_BORN_NAT,0
Municipality,MA,Hampden,Hampden,2022,5-Year-Estimates,Economic,Poverty Rate of Foreign Born Non-Citizens,CEN_POV_FOR_BORN_NON_CIT,0
Municipality,MA,Hampden,Hampden,2022,5-Year-Estimates,Economic,Poverty Status Determined Population,CEN_POVTOTALPOP,"4,901.00"
Municipality,MA,Hampden,Hampden,2022,5-Year-Estimates,Economic,Self Employment Income-Household,CEN_SELFEMPINC,154
Municipality,MA,Hampden,Hampden,2022,5-Year-Estimates,Economic,Total population counted for unemployment by sex - Female,UNEMP_FEMALE,138
Municipality,MA,Hampden,Hampden,2022,5-Year-Estimates,Economic,Total population counted for unemployment by sex - Male,UNEMP_MALE,236
Municipality,MA,Hampden,Hampden,2022,5-Year-Estimates,Economic,Unemployment by sex and below the poverty line - Female,UNEMP_FEMALE_POV,0
Municipality,MA,Hampden,Hampden,2022,5-Year-Estimates,Economic,Unemployment by sex and below the poverty line - Male,UNEMP_MALE_POV,0
Municipality,MA,Hampden,Holland,2022,5-Year-Estimates,Demographics,Population Total,CEN_POP,"2,585.00"
Municipality,MA,Hampden,Holland,2022,5-Year-Estimates,Demographics,White Population,CEN_WHITE,"2,451.00"
Municipality,MA,Hampden,Holland,2022,5-Year-Estimates,Demographics,Hispanic or Latino Population (of any race),CEN_HISPANIC,155
Municipality,MA,Hampden,Holland,2022,5-Year-Estimates,Demographics,Black Population,CEN_BLACK,0
Municipality,MA,Hampden,Holland,2022,5-Year-Estimates,Demographics,Other Races Population,CEN_OTHRACE,0
Municipality,MA,Hampden,Holland,2022,5-Year-Estimates,Demographics,Asian Population,CEN_ASIAN,21
Municipality,MA,Hampden,Holland,2022,5-Year-Estimates,Demographics,Age-3 to 4 Years Old,3_4_YEARS,36
Municipality,MA,Hampden,Holland,2022,5-Year-Estimates,Demographics,Age-5 Years Old,5_YEARS,9
Municipality,MA,Hampden,Holland,2022,5-Year-Estimates,Demographics,Age-6 to 8 Years Old,6_8_YEARS,102
Municipality,MA,Hampden,Holland,2022,5-Year-Estimates,Demographics,Age-9 to 11 Years Old,9_11_YEARS,52
Municipality,MA,Hampden,Holland,2022,5-Year-Estimates,Demographics,Age-12 to 14 Years Old,12_14_YEARS,80
Municipality,MA,Hampden,Holland,2022,5-Year-Estimates,Demographics,Age-15 to 17 Years Old,15_17_YEARS,98
Municipality,MA,Hampden,Holland,2022,5-Year-Estimates,Demographics,Age-18 to 19 Years Old,18_19_YEARS,13
Municipality,MA,Hampden,Holland,2022,5-Year-Estimates,Demographics,Age-20 to 24 Years Old,20_24_YEARS,135
Municipality,MA,Hampden,Holland,2022,5-Year-Estimates,Demographics,Age-25 to 29 Years Old,25_29_YEARS,200
Municipality,MA,Hampden,Holland,2022,5-Year-Estimates,Demographics,Age-30 to 34 Years Old,30_34_YEARS,156
Municipality,MA,Hampden,Holland,2022,5-Year-Estimates,Demographics,Age-35 to 39 Years Old,35_39_YEARS,81
Municipality,MA,Hampden,Holland,2022,5-Year-Estimates,Demographics,Age-40 to 44 Years Old,40_44_YEARS,134
Municipality,MA,Hampden,Holland,2022,5-Year-Estimates,Demographics,Age-45 to 49 Years Old,45_49_YEARS,125
Municipality,MA,Hampden,Holland,2022,5-Year-Estimates,Demographics,Age-50 to 54 Years Old,50_54_YEARS,198
Municipality,MA,Hampden,Holland,2022,5-Year-Estimates,Demographics,Age-55 to 59 Years Old,55_59_YEARS,190
Municipality,MA,Hampden,Holland,2022,5-Year-Estimates,Demographics,Age-60 to 64 Years Old,60_64_YEARS,307
Municipality,MA,Hampden,Holland,2022,5-Year-Estimates,Demographics,Age-65 to 69 Years Old,65_69_YEARS,281
Municipality,MA,Hampden,Holland,2022,5-Year-Estimates,Demographics,Age-70 to 74 Years Old,70_74_YEARS,172
Municipality,MA,Hampden,Holland,2022,5-Year-Estimates,Demographics,Age-75 to 79 Years Old,75_79_YEARS,116
Municipality,MA,Hampden,Holland,2022,5-Year-Estimates,Demographics,Age-80 to 84 Years Old,80_84_YEARS,28
Municipality,MA,Hampden,Holland,2022,5-Year-Estimates,Demographics,Age-85 & older,85+_YEARS,25
Municipality,MA,Hampden,Holland,2022,5-Year-Estimates,Demographics,Age-Under 3 Years Old,UNDER_3_YEARS,47
Municipality,MA,Hampden,Holland,2022,5-Year-Estimates,Demographics,Households-Married Couples,CEN_MARRHOU,507
Municipality,MA,Hampden,Holland,2022,5-Year-Estimates,Demographics,Households-Single Parent,CEN_SINGPARHOU,70
Municipality,MA,Hampden,Holland,2022,5-Year-Estimates,Demographics,Households-Total,CEN_HOUSEHOLDS,"1,175.00"
Municipality,MA,Hampden,Holland,2022,5-Year-Estimates,Demographics,Net Domestic Migration,CEN_NET_DOM_MIGR,0
Municipality,MA,Hampden,Holland,2022,5-Year-Estimates,Demographics,Percent Elderly with Car Access,CAR_AGE_HOUSEHOLDER,1
Municipality,MA,Hampden,Holland,2022,5-Year-Estimates,Demographics,Percent Grandparents Who Are Primary Caregiver,GRAND_CAREGIVER,0.39
Municipality,MA,Hampden,Holland,2022,5-Year-Estimates,Demographics,Percent of Elderly Below Poverty Line,ELDERLY_POV,0.14
Municipality,MA,Hampden,Holland,2022,5-Year-Estimates,Demographics,Percent of Elderly who Live Alone,ELDERLY_LIVEALONE,0.16
Municipality,MA,Hampden,Holland,2022,5-Year-Estimates,Demographics,Percent of Population Who are Not White,MINORITY_PERCENT,0.05
Municipality,MA,Hampden,Holland,2022,5-Year-Estimates,Demographics,Population 5+,CEN_POP_O4,"2,502.00"
Municipality,MA,Hampden,Holland,2022,5-Year-Estimates,Demographics,Population 25+,CEN_POP_O24,"2,013.00"
Municipality,MA,Hampden,Holland,2022,5-Year-Estimates,Demographics,Population 65+,CEN_POP_O64,622
Municipality,MA,Hampden,Holland,2022,5-Year-Estimates,Demographics,Population Living in Rural Areas,CEN_RURALPOP,0
Municipality,MA,Hampden,Holland,2022,5-Year-Estimates,Demographics,Population living in the same county as five years ago,CEN_SAMECOUNTY,0
Municipality,MA,Hampden,Holland,2022,5-Year-Estimates,Demographics,Population living in the same house as five years ago,CEN_SAMEHOUSE,0
Municipality,MA,Hampden,Holland,2022,5-Year-Estimates,Demographics,Population Living in Urban Areas,CEN_URBANPOP,0
Municipality,MA,Hampden,Holland,2022,5-Year-Estimates,Demographics,Population Under 18,CEN_POP_U18,424
Municipality,MA,Hampden,Holland,2022,5-Year-Estimates,Demographics,Population-Foreign Born,CEN_FORBORN,57
Municipality,MA,Hampden,Holland,2022,5-Year-Estimates,Demographics,Single Parent Families,CEN_SINGPAR_CHILD,0
Municipality,MA,Hampden,Holland,2022,5-Year-Estimates,Demographics,Speak an Asian Language at Home,CEN_ASIANLANG,0
Municipality,MA,Hampden,Holland,2022,5-Year-Estimates,Demographics,Speak Only English at Home,CEN_ENGLISH,"2,377.00"
Municipality,MA,Hampden,Holland,2022,5-Year-Estimates,Demographics,Speak Other Language at Home,CEN_OTHLANG,0
Municipality,MA,Hampden,Holland,2022,5-Year-Estimates,Demographics,Speak Spanish at Home,CEN_SPANISH,48
Municipality,MA,Hampden,Holland,2022,5-Year-Estimates,Demographics,"Two or More Races, Not Hispanic or Latino",CEN_TWO_MORE_NOT_HISP,82
Municipality,MA,Hampden,Holland,2022,5-Year-Estimates,Economic,"% Households with Income between $10,000 to $14,999",CEN_PERC_HHINC_10000-14999,0.02
Municipality,MA,Hampden,Holland,2022,5-Year-Estimates,Economic,"% Households with Income between $15,000 to $24,999",CEN_PERC_HHINC_15000-24999,0.06
Municipality,MA,Hampden,Holland,2022,5-Year-Estimates,Economic,"%  Households with Income between $25,000 to $34,999",CEN_PERC_HHINC_25000-34999,0.05
Municipality,MA,Hampden,Holland,2022,5-Year-Estimates,Economic,"%  Households with Income between $35,000 to $49,999",CEN_PERC_HHINC_35000-49999,0.1
Municipality,MA,Hampden,Holland,2022,5-Year-Estimates,Economic,"% of  Households with Income between $50,000 to $74,999",CEN_PERC_HHINC_50000-74999,0.12
Municipality,MA,Hampden,Holland,2022,5-Year-Estimates,Economic,"% of  Households with Income between $75,000 to $99,999",CEN_PERC_HHINC_75000-99999,0.18
Municipality,MA,Hampden,Holland,2022,5-Year-Estimates,Economic,"% of  Households with Income between $100,000 to $149,999",CEN_PERC_HHINC_100000-149999,0.22
Municipality,MA,Hampden,Holland,2022,5-Year-Estimates,Economic,"%  of Households with Income between $150,000 to $199,999",CEN_PERC_HHINC_150000-199999,0.1
Municipality,MA,Hampden,Holland,2022,5-Year-Estimates,Economic,"% of  Households with Income between $200,000 or more",CEN_PERC_HHINC_200000_PLUS,0.08
Municipality,MA,Hampden,Holland,2022,5-Year-Estimates,Economic,"% of Households with Income Less than $10,000",CEN_PERC_HHINC_0-9999,0.07
Municipality,MA,Hampden,Holland,2022,5-Year-Estimates,Economic,Child Poverty Rate,CEN_CHILD_POV,0.06
Municipality,MA,Hampden,Holland,2022,5-Year-Estimates,Economic,Employment by sex - Female Total,EMP_FEMALE,"1,280.00"
Municipality,MA,Hampden,Holland,2022,5-Year-Estimates,Economic,Employment by sex - Male Total,EMP_MALE,"1,444.00"
Municipality,MA,Hampden,Holland,2022,5-Year-Estimates,Economic,Employment by sex and below the poverty line - Total,UNEMP_TOT_POV,56
Municipality,MA,Hampden,Holland,2022,5-Year-Estimates,Economic,Employment by sex and below the poverty line - Total Percentage,UNEMP_TOT_POV_PERC,0.61
Municipality,MA,Hampden,Holland,2022,5-Year-Estimates,Economic,Employment by sex and in poverty - Female,EMP_FEMALE_POV,4
Municipality,MA,Hampden,Holland,2022,5-Year-Estimates,Economic,Employment by sex and in poverty - Male,EMP_MALE_POV,72
Municipality,MA,Hampden,Holland,2022,5-Year-Estimates,Economic,Employment by sex and in poverty - Total,EMP_TOT_POV,76
Municipality,MA,Hampden,Holland,2022,5-Year-Estimates,Economic,Employment by sex and in poverty - Total Percentage,EMP_TOT_POV_PERC,0.06
Municipality,MA,Hampden,Holland,2022,5-Year-Estimates,Economic,Family Economic Self Sufficiency,CEN_FAMECON_SELF,0
Municipality,MA,Hampden,Holland,2022,5-Year-Estimates,Economic,Gini Coefficient (Income Inequality),CEN_INCOME_INEQ,0.44
Municipality,MA,Hampden,Holland,2022,5-Year-Estimates,Economic,"Households with Income between $10,000 to $14,999",CEN_HHINC_10000-14999,23
Municipality,MA,Hampden,Holland,2022,5-Year-Estimates,Economic,"Households with Income between $15,000 to $24,999",CEN_HHINC_15000-24999,69
Municipality,MA,Hampden,Holland,2022,5-Year-Estimates,Economic,"Households with Income between $25,000 to $34,999",CEN_HHINC_25000-34999,59
Municipality,MA,Hampden,Holland,2022,5-Year-Estimates,Economic,"Households with Income between $35,000 to $49,999",CEN_HHINC_35000-49999,120
Municipality,MA,Hampden,Holland,2022,5-Year-Estimates,Economic,"Households with Income between $50,000 to $74,999",CEN_HHINC_50000-74999,143
Municipality,MA,Hampden,Holland,2022,5-Year-Estimates,Economic,"Households with Income between $75,000 to $99,999",CEN_HHINC_75000-99999,216
Municipality,MA,Hampden,Holland,2022,5-Year-Estimates,Economic,"Households with Income between $100,000 to $149,999",CEN_HHINC_100000-149999,261
Municipality,MA,Hampden,Holland,2022,5-Year-Estimates,Economic,"Households with Income between $150,000 to $199,999",CEN_HHINC_150000-199999,118
Municipality,MA,Hampden,Holland,2022,5-Year-Estimates,Economic,"Households with Income between $200,000 or more",CEN_HHINC_200000_PLUS,90
Municipality,MA,Hampden,Holland,2022,5-Year-Estimates,Economic,"Households with Income Less than $10,000",CEN_HHINC_0-9999,76
Municipality,MA,Hampden,Holland,2022,5-Year-Estimates,Economic,Households with Retirement Income,CEN_RETINC,390
Municipality,MA,Hampden,Holland,2022,5-Year-Estimates,Economic,Households with Social Security Income,CEN_SOCSECINC,429
Municipality,MA,Hampden,Holland,2022,5-Year-Estimates,Economic,Income Under 200% of Poverty Line,CENPOV200,0.21
Municipality,MA,Hampden,Holland,2022,5-Year-Estimates,Economic,Median Family Income,CEN_MEDFAMINC,"129,375.00"
Municipality,MA,Hampden,Holland,2022,5-Year-Estimates,Economic,Median Household Income,CEN_MEDHHINC,"81,250.00"
Municipality,MA,Hampden,Holland,2022,5-Year-Estimates,Economic,Per Capita Income,CEN_PERCAPINC,"47,951.00"
Municipality,MA,Hampden,Holland,2022,5-Year-Estimates,Economic,Percent of Employed Population in Poverty - Female,EMP_FEMALE_POV_PERC,0.01
Municipality,MA,Hampden,Holland,2022,5-Year-Estimates,Economic,Percent of Employed Population in Poverty - Male,EMP_MALE_POV_PERC,0.1
Municipality,MA,Hampden,Holland,2022,5-Year-Estimates,Economic,Percent of Families in Poverty,CEN_FAM_POV,0.06
Municipality,MA,Hampden,Holland,2022,5-Year-Estimates,Economic,Percent of Unemployed Population in Poverty - Female,UNEMP_FEMALE_POV_PERC,0.57
Municipality,MA,Hampden,Holland,2022,5-Year-Estimates,Economic,Percent of Unemployed Population in Poverty - Male,UNEMP_MALE_POV_PERC,0.63
Municipality,MA,Hampden,Holland,2022,5-Year-Estimates,Economic,Population Living below Poverty,CEN_POOR,66
Municipality,MA,Hampden,Holland,2022,5-Year-Estimates,Economic,Poverty Rate,CEN_POVRATE,0.05
Municipality,MA,Hampden,Holland,2022,5-Year-Estimates,Economic,Poverty Rate of Foreign Born,CEN_POV_FOR_BORN,0.01
Municipality,MA,Hampden,Holland,2022,5-Year-Estimates,Economic,Poverty Rate of Foreign Born Naturalized Citizens,CEN_POV_FOR_BORN_NAT,0
Municipality,MA,Hampden,Holland,2022,5-Year-Estimates,Economic,Poverty Rate of Foreign Born Non-Citizens,CEN_POV_FOR_BORN_NON_CIT,0
Municipality,MA,Hampden,Holland,2022,5-Year-Estimates,Economic,Poverty Status Determined Population,CEN_POVTOTALPOP,"2,585.00"
Municipality,MA,Hampden,Holland,2022,5-Year-Estimates,Economic,Self Employment Income-Household,CEN_SELFEMPINC,95
Municipality,MA,Hampden,Holland,2022,5-Year-Estimates,Economic,Total population counted for unemployment by sex - Female,UNEMP_FEMALE,70
Municipality,MA,Hampden,Holland,2022,5-Year-Estimates,Economic,Total population counted for unemployment by sex - Male,UNEMP_MALE,114
Municipality,MA,Hampden,Holland,2022,5-Year-Estimates,Economic,Unemployment by sex and below the poverty line - Female,UNEMP_FEMALE_POV,20
Municipality,MA,Hampden,Holland,2022,5-Year-Estimates,Economic,Unemployment by sex and below the poverty line - Male,UNEMP_MALE_POV,36
Municipality,MA,Hampden,Holyoke,2022,5-Year-Estimates,Demographics,Population Total,CEN_POP,"38,210.00"
Municipality,MA,Hampden,Holyoke,2022,5-Year-Estimates,Demographics,White Population,CEN_WHITE,"25,804.00"
Municipality,MA,Hampden,Holyoke,2022,5-Year-Estimates,Demographics,Hispanic or Latino Population (of any race),CEN_HISPANIC,"19,744.00"
Municipality,MA,Hampden,Holyoke,2022,5-Year-Estimates,Demographics,Black Population,CEN_BLACK,"1,758.00"
Municipality,MA,Hampden,Holyoke,2022,5-Year-Estimates,Demographics,Other Races Population,CEN_OTHRACE,"2,853.00"
Municipality,MA,Hampden,Holyoke,2022,5-Year-Estimates,Demographics,Asian Population,CEN_ASIAN,310
Municipality,MA,Hampden,Holyoke,2022,5-Year-Estimates,Demographics,Age-3 to 4 Years Old,3_4_YEARS,"1,037.00"
Municipality,MA,Hampden,Holyoke,2022,5-Year-Estimates,Demographics,Age-5 Years Old,5_YEARS,383
Municipality,MA,Hampden,Holyoke,2022,5-Year-Estimates,Demographics,Age-6 to 8 Years Old,6_8_YEARS,"1,197.00"
Municipality,MA,Hampden,Holyoke,2022,5-Year-Estimates,Demographics,Age-9 to 11 Years Old,9_11_YEARS,"1,405.00"
Municipality,MA,Hampden,Holyoke,2022,5-Year-Estimates,Demographics,Age-12 to 14 Years Old,12_14_YEARS,"1,766.00"
Municipality,MA,Hampden,Holyoke,2022,5-Year-Estimates,Demographics,Age-15 to 17 Years Old,15_17_YEARS,"1,514.00"
Municipality,MA,Hampden,Holyoke,2022,5-Year-Estimates,Demographics,Age-18 to 19 Years Old,18_19_YEARS,"1,100.00"
Municipality,MA,Hampden,Holyoke,2022,5-Year-Estimates,Demographics,Age-20 to 24 Years Old,20_24_YEARS,"2,840.00"
Municipality,MA,Hampden,Holyoke,2022,5-Year-Estimates,Demographics,Age-25 to 29 Years Old,25_29_YEARS,"2,608.00"
Municipality,MA,Hampden,Holyoke,2022,5-Year-Estimates,Demographics,Age-30 to 34 Years Old,30_34_YEARS,"2,966.00"
Municipality,MA,Hampden,Holyoke,2022,5-Year-Estimates,Demographics,Age-35 to 39 Years Old,35_39_YEARS,"2,255.00"
Municipality,MA,Hampden,Holyoke,2022,5-Year-Estimates,Demographics,Age-40 to 44 Years Old,40_44_YEARS,"2,395.00"
Municipality,MA,Hampden,Holyoke,2022,5-Year-Estimates,Demographics,Age-45 to 49 Years Old,45_49_YEARS,"1,697.00"
Municipality,MA,Hampden,Holyoke,2022,5-Year-Estimates,Demographics,Age-50 to 54 Years Old,50_54_YEARS,"2,717.00"
Municipality,MA,Hampden,Holyoke,2022,5-Year-Estimates,Demographics,Age-55 to 59 Years Old,55_59_YEARS,"2,160.00"
Municipality,MA,Hampden,Holyoke,2022,5-Year-Estimates,Demographics,Age-60 to 64 Years Old,60_64_YEARS,"2,507.00"
Municipality,MA,Hampden,Holyoke,2022,5-Year-Estimates,Demographics,Age-65 to 69 Years Old,65_69_YEARS,"1,972.00"
Municipality,MA,Hampden,Holyoke,2022,5-Year-Estimates,Demographics,Age-70 to 74 Years Old,70_74_YEARS,"1,433.00"
Municipality,MA,Hampden,Holyoke,2022,5-Year-Estimates,Demographics,Age-75 to 79 Years Old,75_79_YEARS,"1,175.00"
Municipality,MA,Hampden,Holyoke,2022,5-Year-Estimates,Demographics,Age-80 to 84 Years Old,80_84_YEARS,640
Municipality,MA,Hampden,Holyoke,2022,5-Year-Estimates,Demographics,Age-85 & older,85+_YEARS,"1,280.00"
Municipality,MA,Hampden,Holyoke,2022,5-Year-Estimates,Demographics,Age-Under 3 Years Old,UNDER_3_YEARS,"1,138.00"
Municipality,MA,Hampden,Holyoke,2022,5-Year-Estimates,Demographics,Households-Married Couples,CEN_MARRHOU,"4,411.00"
Municipality,MA,Hampden,Holyoke,2022,5-Year-Estimates,Demographics,Households-Single Parent,CEN_SINGPARHOU,"2,197.00"
Municipality,MA,Hampden,Holyoke,2022,5-Year-Estimates,Demographics,Households-Total,CEN_HOUSEHOLDS,"15,112.00"
Municipality,MA,Hampden,Holyoke,2022,5-Year-Estimates,Demographics,Net Domestic Migration,CEN_NET_DOM_MIGR,0
Municipality,MA,Hampden,Holyoke,2022,5-Year-Estimates,Demographics,Percent Elderly with Car Access,CAR_AGE_HOUSEHOLDER,0.73
Municipality,MA,Hampden,Holyoke,2022,5-Year-Estimates,Demographics,Percent Grandparents Who Are Primary Caregiver,GRAND_CAREGIVER,0.3
Municipality,MA,Hampden,Holyoke,2022,5-Year-Estimates,Demographics,Percent of Elderly Below Poverty Line,ELDERLY_POV,0.15
Municipality,MA,Hampden,Holyoke,2022,5-Year-Estimates,Demographics,Percent of Elderly who Live Alone,ELDERLY_LIVEALONE,0.31
Municipality,MA,Hampden,Holyoke,2022,5-Year-Estimates,Demographics,Percent of Population Who are Not White,MINORITY_PERCENT,0.32
Municipality,MA,Hampden,Holyoke,2022,5-Year-Estimates,Demographics,Population 5+,CEN_POP_O4,"36,010.00"
Municipality,MA,Hampden,Holyoke,2022,5-Year-Estimates,Demographics,Population 25+,CEN_POP_O24,"25,805.00"
Municipality,MA,Hampden,Holyoke,2022,5-Year-Estimates,Demographics,Population 65+,CEN_POP_O64,"6,500.00"
Municipality,MA,Hampden,Holyoke,2022,5-Year-Estimates,Demographics,Population Living in Rural Areas,CEN_RURALPOP,0
Municipality,MA,Hampden,Holyoke,2022,5-Year-Estimates,Demographics,Population living in the same county as five years ago,CEN_SAMECOUNTY,0
Municipality,MA,Hampden,Holyoke,2022,5-Year-Estimates,Demographics,Population living in the same house as five years ago,CEN_SAMEHOUSE,0
Municipality,MA,Hampden,Holyoke,2022,5-Year-Estimates,Demographics,Population Living in Urban Areas,CEN_URBANPOP,0
Municipality,MA,Hampden,Holyoke,2022,5-Year-Estimates,Demographics,Population Under 18,CEN_POP_U18,"8,440.00"
Municipality,MA,Hampden,Holyoke,2022,5-Year-Estimates,Demographics,Population-Foreign Born,CEN_FORBORN,"2,107.00"
Municipality,MA,Hampden,Holyoke,2022,5-Year-Estimates,Demographics,Single Parent Families,CEN_SINGPAR_CHILD,0
Municipality,MA,Hampden,Holyoke,2022,5-Year-Estimates,Demographics,Speak an Asian Language at Home,CEN_ASIANLANG,160
Municipality,MA,Hampden,Holyoke,2022,5-Year-Estimates,Demographics,Speak Only English at Home,CEN_ENGLISH,"20,657.00"
Municipality,MA,Hampden,Holyoke,2022,5-Year-Estimates,Demographics,Speak Other Language at Home,CEN_OTHLANG,152
Municipality,MA,Hampden,Holyoke,2022,5-Year-Estimates,Demographics,Speak Spanish at Home,CEN_SPANISH,"14,277.00"
Municipality,MA,Hampden,Holyoke,2022,5-Year-Estimates,Demographics,"Two or More Races, Not Hispanic or Latino",CEN_TWO_MORE_NOT_HISP,"7,288.00"
Municipality,MA,Hampden,Holyoke,2022,5-Year-Estimates,Economic,"% Households with Income between $10,000 to $14,999",CEN_PERC_HHINC_10000-14999,0.09
Municipality,MA,Hampden,Holyoke,2022,5-Year-Estimates,Economic,"% Households with Income between $15,000 to $24,999",CEN_PERC_HHINC_15000-24999,0.11
Municipality,MA,Hampden,Holyoke,2022,5-Year-Estimates,Economic,"%  Households with Income between $25,000 to $34,999",CEN_PERC_HHINC_25000-34999,0.08
Municipality,MA,Hampden,Holyoke,2022,5-Year-Estimates,Economic,"%  Households with Income between $35,000 to $49,999",CEN_PERC_HHINC_35000-49999,0.14
Municipality,MA,Hampden,Holyoke,2022,5-Year-Estimates,Economic,"% of  Households with Income between $50,000 to $74,999",CEN_PERC_HHINC_50000-74999,0.17
Municipality,MA,Hampden,Holyoke,2022,5-Year-Estimates,Economic,"% of  Households with Income between $75,000 to $99,999",CEN_PERC_HHINC_75000-99999,0.12
Municipality,MA,Hampden,Holyoke,2022,5-Year-Estimates,Economic,"% of  Households with Income between $100,000 to $149,999",CEN_PERC_HHINC_100000-149999,0.09
Municipality,MA,Hampden,Holyoke,2022,5-Year-Estimates,Economic,"%  of Households with Income between $150,000 to $199,999",CEN_PERC_HHINC_150000-199999,0.06
Municipality,MA,Hampden,Holyoke,2022,5-Year-Estimates,Economic,"% of  Households with Income between $200,000 or more",CEN_PERC_HHINC_200000_PLUS,0.05
Municipality,MA,Hampden,Holyoke,2022,5-Year-Estimates,Economic,"% of Households with Income Less than $10,000",CEN_PERC_HHINC_0-9999,0.09
Municipality,MA,Hampden,Holyoke,2022,5-Year-Estimates,Economic,Child Poverty Rate,CEN_CHILD_POV,0.38
Municipality,MA,Hampden,Holyoke,2022,5-Year-Estimates,Economic,Employment by sex - Female Total,EMP_FEMALE,"15,950.00"
Municipality,MA,Hampden,Holyoke,2022,5-Year-Estimates,Economic,Employment by sex - Male Total,EMP_MALE,"15,008.00"
Municipality,MA,Hampden,Holyoke,2022,5-Year-Estimates,Economic,Employment by sex and below the poverty line - Total,UNEMP_TOT_POV,920
Municipality,MA,Hampden,Holyoke,2022,5-Year-Estimates,Economic,Employment by sex and below the poverty line - Total Percentage,UNEMP_TOT_POV_PERC,0.81
Municipality,MA,Hampden,Holyoke,2022,5-Year-Estimates,Economic,Employment by sex and in poverty - Female,EMP_FEMALE_POV,"1,632.00"
Municipality,MA,Hampden,Holyoke,2022,5-Year-Estimates,Economic,Employment by sex and in poverty - Male,EMP_MALE_POV,"1,142.00"
Municipality,MA,Hampden,Holyoke,2022,5-Year-Estimates,Economic,Employment by sex and in poverty - Total,EMP_TOT_POV,"2,774.00"
Municipality,MA,Hampden,Holyoke,2022,5-Year-Estimates,Economic,Employment by sex and in poverty - Total Percentage,EMP_TOT_POV_PERC,0.18
Municipality,MA,Hampden,Holyoke,2022,5-Year-Estimates,Economic,Family Economic Self Sufficiency,CEN_FAMECON_SELF,0
Municipality,MA,Hampden,Holyoke,2022,5-Year-Estimates,Economic,Gini Coefficient (Income Inequality),CEN_INCOME_INEQ,0.49
Municipality,MA,Hampden,Holyoke,2022,5-Year-Estimates,Economic,"Households with Income between $10,000 to $14,999",CEN_HHINC_10000-14999,"1,412.00"
Municipality,MA,Hampden,Holyoke,2022,5-Year-Estimates,Economic,"Households with Income between $15,000 to $24,999",CEN_HHINC_15000-24999,"1,709.00"
Municipality,MA,Hampden,Holyoke,2022,5-Year-Estimates,Economic,"Households with Income between $25,000 to $34,999",CEN_HHINC_25000-34999,"1,200.00"
Municipality,MA,Hampden,Holyoke,2022,5-Year-Estimates,Economic,"Households with Income between $35,000 to $49,999",CEN_HHINC_35000-49999,"2,050.00"
Municipality,MA,Hampden,Holyoke,2022,5-Year-Estimates,Economic,"Households with Income between $50,000 to $74,999",CEN_HHINC_50000-74999,"2,533.00"
Municipality,MA,Hampden,Holyoke,2022,5-Year-Estimates,Economic,"Households with Income between $75,000 to $99,999",CEN_HHINC_75000-99999,"1,762.00"
Municipality,MA,Hampden,Holyoke,2022,5-Year-Estimates,Economic,"Households with Income between $100,000 to $149,999",CEN_HHINC_100000-149999,"1,421.00"
Municipality,MA,Hampden,Holyoke,2022,5-Year-Estimates,Economic,"Households with Income between $150,000 to $199,999",CEN_HHINC_150000-199999,894
Municipality,MA,Hampden,Holyoke,2022,5-Year-Estimates,Economic,"Households with Income between $200,000 or more",CEN_HHINC_200000_PLUS,774
Municipality,MA,Hampden,Holyoke,2022,5-Year-Estimates,Economic,"Households with Income Less than $10,000",CEN_HHINC_0-9999,"1,357.00"
Municipality,MA,Hampden,Holyoke,2022,5-Year-Estimates,Economic,Households with Retirement Income,CEN_RETINC,"2,380.00"
Municipality,MA,Hampden,Holyoke,2022,5-Year-Estimates,Economic,Households with Social Security Income,CEN_SOCSECINC,"4,878.00"
Municipality,MA,Hampden,Holyoke,2022,5-Year-Estimates,Economic,Income Under 200% of Poverty Line,CENPOV200,0.46
Municipality,MA,Hampden,Holyoke,2022,5-Year-Estimates,Economic,Median Family Income,CEN_MEDFAMINC,"81,982.00"
Municipality,MA,Hampden,Holyoke,2022,5-Year-Estimates,Economic,Median Household Income,CEN_MEDHHINC,"49,007.00"
Municipality,MA,Hampden,Holyoke,2022,5-Year-Estimates,Economic,Per Capita Income,CEN_PERCAPINC,"27,973.00"
Municipality,MA,Hampden,Holyoke,2022,5-Year-Estimates,Economic,Percent of Employed Population in Poverty - Female,EMP_FEMALE_POV_PERC,0.2
Municipality,MA,Hampden,Holyoke,2022,5-Year-Estimates,Economic,Percent of Employed Population in Poverty - Male,EMP_MALE_POV_PERC,0.15
Municipality,MA,Hampden,Holyoke,2022,5-Year-Estimates,Economic,Percent of Families in Poverty,CEN_FAM_POV,0.21
Municipality,MA,Hampden,Holyoke,2022,5-Year-Estimates,Economic,Percent of Unemployed Population in Poverty - Female,UNEMP_FEMALE_POV_PERC,1.01
Municipality,MA,Hampden,Holyoke,2022,5-Year-Estimates,Economic,Percent of Unemployed Population in Poverty - Male,UNEMP_MALE_POV_PERC,0.6
Municipality,MA,Hampden,Holyoke,2022,5-Year-Estimates,Economic,Population Living below Poverty,CEN_POOR,"1,847.00"
Municipality,MA,Hampden,Holyoke,2022,5-Year-Estimates,Economic,Poverty Rate,CEN_POVRATE,0.11
Municipality,MA,Hampden,Holyoke,2022,5-Year-Estimates,Economic,Poverty Rate of Foreign Born,CEN_POV_FOR_BORN,0.01
Municipality,MA,Hampden,Holyoke,2022,5-Year-Estimates,Economic,Poverty Rate of Foreign Born Naturalized Citizens,CEN_POV_FOR_BORN_NAT,0
Municipality,MA,Hampden,Holyoke,2022,5-Year-Estimates,Economic,Poverty Rate of Foreign Born Non-Citizens,CEN_POV_FOR_BORN_NON_CIT,0
Municipality,MA,Hampden,Holyoke,2022,5-Year-Estimates,Economic,Poverty Status Determined Population,CEN_POVTOTALPOP,"37,196.00"
Municipality,MA,Hampden,Holyoke,2022,5-Year-Estimates,Economic,Self Employment Income-Household,CEN_SELFEMPINC,"1,045.00"
Municipality,MA,Hampden,Holyoke,2022,5-Year-Estimates,Economic,Total population counted for unemployment by sex - Female,UNEMP_FEMALE,"1,180.00"
Municipality,MA,Hampden,Holyoke,2022,5-Year-Estimates,Economic,Total population counted for unemployment by sex - Male,UNEMP_MALE,"1,090.00"
Municipality,MA,Hampden,Holyoke,2022,5-Year-Estimates,Economic,Unemployment by sex and below the poverty line - Female,UNEMP_FEMALE_POV,594
Municipality,MA,Hampden,Holyoke,2022,5-Year-Estimates,Economic,Unemployment by sex and below the poverty line - Male,UNEMP_MALE_POV,326
Municipality,MA,Hampden,Longmeadow,2022,5-Year-Estimates,Demographics,Population Total,CEN_POP,"15,789.00"
Municipality,MA,Hampden,Longmeadow,2022,5-Year-Estimates,Demographics,White Population,CEN_WHITE,"13,918.00"
Municipality,MA,Hampden,Longmeadow,2022,5-Year-Estimates,Demographics,Hispanic or Latino Population (of any race),CEN_HISPANIC,552
Municipality,MA,Hampden,Longmeadow,2022,5-Year-Estimates,Demographics,Black Population,CEN_BLACK,206
Municipality,MA,Hampden,Longmeadow,2022,5-Year-Estimates,Demographics,Other Races Population,CEN_OTHRACE,59
Municipality,MA,Hampden,Longmeadow,2022,5-Year-Estimates,Demographics,Asian Population,CEN_ASIAN,926
Municipality,MA,Hampden,Longmeadow,2022,5-Year-Estimates,Demographics,Age-3 to 4 Years Old,3_4_YEARS,339
Municipality,MA,Hampden,Longmeadow,2022,5-Year-Estimates,Demographics,Age-5 Years Old,5_YEARS,169
Municipality,MA,Hampden,Longmeadow,2022,5-Year-Estimates,Demographics,Age-6 to 8 Years Old,6_8_YEARS,709
Municipality,MA,Hampden,Longmeadow,2022,5-Year-Estimates,Demographics,Age-9 to 11 Years Old,9_11_YEARS,572
Municipality,MA,Hampden,Longmeadow,2022,5-Year-Estimates,Demographics,Age-12 to 14 Years Old,12_14_YEARS,736
Municipality,MA,Hampden,Longmeadow,2022,5-Year-Estimates,Demographics,Age-15 to 17 Years Old,15_17_YEARS,692
Municipality,MA,Hampden,Longmeadow,2022,5-Year-Estimates,Demographics,Age-18 to 19 Years Old,18_19_YEARS,379
Municipality,MA,Hampden,Longmeadow,2022,5-Year-Estimates,Demographics,Age-20 to 24 Years Old,20_24_YEARS,637
Municipality,MA,Hampden,Longmeadow,2022,5-Year-Estimates,Demographics,Age-25 to 29 Years Old,25_29_YEARS,435
Municipality,MA,Hampden,Longmeadow,2022,5-Year-Estimates,Demographics,Age-30 to 34 Years Old,30_34_YEARS,857
Municipality,MA,Hampden,Longmeadow,2022,5-Year-Estimates,Demographics,Age-35 to 39 Years Old,35_39_YEARS,849
Municipality,MA,Hampden,Longmeadow,2022,5-Year-Estimates,Demographics,Age-40 to 44 Years Old,40_44_YEARS,951
Municipality,MA,Hampden,Longmeadow,2022,5-Year-Estimates,Demographics,Age-45 to 49 Years Old,45_49_YEARS,"1,161.00"
Municipality,MA,Hampden,Longmeadow,2022,5-Year-Estimates,Demographics,Age-50 to 54 Years Old,50_54_YEARS,999
Municipality,MA,Hampden,Longmeadow,2022,5-Year-Estimates,Demographics,Age-55 to 59 Years Old,55_59_YEARS,909
Municipality,MA,Hampden,Longmeadow,2022,5-Year-Estimates,Demographics,Age-60 to 64 Years Old,60_64_YEARS,"1,224.00"
Municipality,MA,Hampden,Longmeadow,2022,5-Year-Estimates,Demographics,Age-65 to 69 Years Old,65_69_YEARS,"1,036.00"
Municipality,MA,Hampden,Longmeadow,2022,5-Year-Estimates,Demographics,Age-70 to 74 Years Old,70_74_YEARS,753
Municipality,MA,Hampden,Longmeadow,2022,5-Year-Estimates,Demographics,Age-75 to 79 Years Old,75_79_YEARS,709
Municipality,MA,Hampden,Longmeadow,2022,5-Year-Estimates,Demographics,Age-80 to 84 Years Old,80_84_YEARS,395
Municipality,MA,Hampden,Longmeadow,2022,5-Year-Estimates,Demographics,Age-85 & older,85+_YEARS,684
Municipality,MA,Hampden,Longmeadow,2022,5-Year-Estimates,Demographics,Age-Under 3 Years Old,UNDER_3_YEARS,594
Municipality,MA,Hampden,Longmeadow,2022,5-Year-Estimates,Demographics,Households-Married Couples,CEN_MARRHOU,"3,714.00"
Municipality,MA,Hampden,Longmeadow,2022,5-Year-Estimates,Demographics,Households-Single Parent,CEN_SINGPARHOU,241
Municipality,MA,Hampden,Longmeadow,2022,5-Year-Estimates,Demographics,Households-Total,CEN_HOUSEHOLDS,"5,811.00"
Municipality,MA,Hampden,Longmeadow,2022,5-Year-Estimates,Demographics,Net Domestic Migration,CEN_NET_DOM_MIGR,0
Municipality,MA,Hampden,Longmeadow,2022,5-Year-Estimates,Demographics,Percent Elderly with Car Access,CAR_AGE_HOUSEHOLDER,0.89
Municipality,MA,Hampden,Longmeadow,2022,5-Year-Estimates,Demographics,Percent Grandparents Who Are Primary Caregiver,GRAND_CAREGIVER,0.21
Municipality,MA,Hampden,Longmeadow,2022,5-Year-Estimates,Demographics,Percent of Elderly Below Poverty Line,ELDERLY_POV,0.04
Municipality,MA,Hampden,Longmeadow,2022,5-Year-Estimates,Demographics,Percent of Elderly who Live Alone,ELDERLY_LIVEALONE,0.3
Municipality,MA,Hampden,Longmeadow,2022,5-Year-Estimates,Demographics,Percent of Population Who are Not White,MINORITY_PERCENT,0.12
Municipality,MA,Hampden,Longmeadow,2022,5-Year-Estimates,Demographics,Population 5+,CEN_POP_O4,"14,856.00"
Municipality,MA,Hampden,Longmeadow,2022,5-Year-Estimates,Demographics,Population 25+,CEN_POP_O24,"10,962.00"
Municipality,MA,Hampden,Longmeadow,2022,5-Year-Estimates,Demographics,Population 65+,CEN_POP_O64,"3,577.00"
Municipality,MA,Hampden,Longmeadow,2022,5-Year-Estimates,Demographics,Population Living in Rural Areas,CEN_RURALPOP,0
Municipality,MA,Hampden,Longmeadow,2022,5-Year-Estimates,Demographics,Population living in the same county as five years ago,CEN_SAMECOUNTY,0
Municipality,MA,Hampden,Longmeadow,2022,5-Year-Estimates,Demographics,Population living in the same house as five years ago,CEN_SAMEHOUSE,0
Municipality,MA,Hampden,Longmeadow,2022,5-Year-Estimates,Demographics,Population Living in Urban Areas,CEN_URBANPOP,0
Municipality,MA,Hampden,Longmeadow,2022,5-Year-Estimates,Demographics,Population Under 18,CEN_POP_U18,"3,811.00"
Municipality,MA,Hampden,Longmeadow,2022,5-Year-Estimates,Demographics,Population-Foreign Born,CEN_FORBORN,"2,029.00"
Municipality,MA,Hampden,Longmeadow,2022,5-Year-Estimates,Demographics,Single Parent Families,CEN_SINGPAR_CHILD,0
Municipality,MA,Hampden,Longmeadow,2022,5-Year-Estimates,Demographics,Speak an Asian Language at Home,CEN_ASIANLANG,339
Municipality,MA,Hampden,Longmeadow,2022,5-Year-Estimates,Demographics,Speak Only English at Home,CEN_ENGLISH,"12,970.00"
Municipality,MA,Hampden,Longmeadow,2022,5-Year-Estimates,Demographics,Speak Other Language at Home,CEN_OTHLANG,130
Municipality,MA,Hampden,Longmeadow,2022,5-Year-Estimates,Demographics,Speak Spanish at Home,CEN_SPANISH,227
Municipality,MA,Hampden,Longmeadow,2022,5-Year-Estimates,Demographics,"Two or More Races, Not Hispanic or Latino",CEN_TWO_MORE_NOT_HISP,680
Municipality,MA,Hampden,Longmeadow,2022,5-Year-Estimates,Economic,"% Households with Income between $10,000 to $14,999",CEN_PERC_HHINC_10000-14999,0.01
Municipality,MA,Hampden,Longmeadow,2022,5-Year-Estimates,Economic,"% Households with Income between $15,000 to $24,999",CEN_PERC_HHINC_15000-24999,0.03
Municipality,MA,Hampden,Longmeadow,2022,5-Year-Estimates,Economic,"%  Households with Income between $25,000 to $34,999",CEN_PERC_HHINC_25000-34999,0.07
Municipality,MA,Hampden,Longmeadow,2022,5-Year-Estimates,Economic,"%  Households with Income between $35,000 to $49,999",CEN_PERC_HHINC_35000-49999,0.04
Municipality,MA,Hampden,Longmeadow,2022,5-Year-Estimates,Economic,"% of  Households with Income between $50,000 to $74,999",CEN_PERC_HHINC_50000-74999,0.06
Municipality,MA,Hampden,Longmeadow,2022,5-Year-Estimates,Economic,"% of  Households with Income between $75,000 to $99,999",CEN_PERC_HHINC_75000-99999,0.09
Municipality,MA,Hampden,Longmeadow,2022,5-Year-Estimates,Economic,"% of  Households with Income between $100,000 to $149,999",CEN_PERC_HHINC_100000-149999,0.23
Municipality,MA,Hampden,Longmeadow,2022,5-Year-Estimates,Economic,"%  of Households with Income between $150,000 to $199,999",CEN_PERC_HHINC_150000-199999,0.15
Municipality,MA,Hampden,Longmeadow,2022,5-Year-Estimates,Economic,"% of  Households with Income between $200,000 or more",CEN_PERC_HHINC_200000_PLUS,0.31
Municipality,MA,Hampden,Longmeadow,2022,5-Year-Estimates,Economic,"% of Households with Income Less than $10,000",CEN_PERC_HHINC_0-9999,0.02
Municipality,MA,Hampden,Longmeadow,2022,5-Year-Estimates,Economic,Child Poverty Rate,CEN_CHILD_POV,0.05
Municipality,MA,Hampden,Longmeadow,2022,5-Year-Estimates,Economic,Employment by sex - Female Total,EMP_FEMALE,"5,596.00"
Municipality,MA,Hampden,Longmeadow,2022,5-Year-Estimates,Economic,Employment by sex - Male Total,EMP_MALE,"7,872.00"
Municipality,MA,Hampden,Longmeadow,2022,5-Year-Estimates,Economic,Employment by sex and below the poverty line - Total,UNEMP_TOT_POV,42
Municipality,MA,Hampden,Longmeadow,2022,5-Year-Estimates,Economic,Employment by sex and below the poverty line - Total Percentage,UNEMP_TOT_POV_PERC,0.09
Municipality,MA,Hampden,Longmeadow,2022,5-Year-Estimates,Economic,Employment by sex and in poverty - Female,EMP_FEMALE_POV,122
Municipality,MA,Hampden,Longmeadow,2022,5-Year-Estimates,Economic,Employment by sex and in poverty - Male,EMP_MALE_POV,82
Municipality,MA,Hampden,Longmeadow,2022,5-Year-Estimates,Economic,Employment by sex and in poverty - Total,EMP_TOT_POV,204
Municipality,MA,Hampden,Longmeadow,2022,5-Year-Estimates,Economic,Employment by sex and in poverty - Total Percentage,EMP_TOT_POV_PERC,0.03
Municipality,MA,Hampden,Longmeadow,2022,5-Year-Estimates,Economic,Family Economic Self Sufficiency,CEN_FAMECON_SELF,0
Municipality,MA,Hampden,Longmeadow,2022,5-Year-Estimates,Economic,Gini Coefficient (Income Inequality),CEN_INCOME_INEQ,0.42
Municipality,MA,Hampden,Longmeadow,2022,5-Year-Estimates,Economic,"Households with Income between $10,000 to $14,999",CEN_HHINC_10000-14999,55
Municipality,MA,Hampden,Longmeadow,2022,5-Year-Estimates,Economic,"Households with Income between $15,000 to $24,999",CEN_HHINC_15000-24999,197
Municipality,MA,Hampden,Longmeadow,2022,5-Year-Estimates,Economic,"Households with Income between $25,000 to $34,999",CEN_HHINC_25000-34999,421
Municipality,MA,Hampden,Longmeadow,2022,5-Year-Estimates,Economic,"Households with Income between $35,000 to $49,999",CEN_HHINC_35000-49999,232
Municipality,MA,Hampden,Longmeadow,2022,5-Year-Estimates,Economic,"Households with Income between $50,000 to $74,999",CEN_HHINC_50000-74999,333
Municipality,MA,Hampden,Longmeadow,2022,5-Year-Estimates,Economic,"Households with Income between $75,000 to $99,999",CEN_HHINC_75000-99999,516
Municipality,MA,Hampden,Longmeadow,2022,5-Year-Estimates,Economic,"Households with Income between $100,000 to $149,999",CEN_HHINC_100000-149999,"1,324.00"
Municipality,MA,Hampden,Longmeadow,2022,5-Year-Estimates,Economic,"Households with Income between $150,000 to $199,999",CEN_HHINC_150000-199999,853
Municipality,MA,Hampden,Longmeadow,2022,5-Year-Estimates,Economic,"Households with Income between $200,000 or more",CEN_HHINC_200000_PLUS,"1,773.00"
Municipality,MA,Hampden,Longmeadow,2022,5-Year-Estimates,Economic,"Households with Income Less than $10,000",CEN_HHINC_0-9999,107
Municipality,MA,Hampden,Longmeadow,2022,5-Year-Estimates,Economic,Households with Retirement Income,CEN_RETINC,"1,808.00"
Municipality,MA,Hampden,Longmeadow,2022,5-Year-Estimates,Economic,Households with Social Security Income,CEN_SOCSECINC,"1,988.00"
Municipality,MA,Hampden,Longmeadow,2022,5-Year-Estimates,Economic,Income Under 200% of Poverty Line,CENPOV200,0.08
Municipality,MA,Hampden,Longmeadow,2022,5-Year-Estimates,Economic,Median Family Income,CEN_MEDFAMINC,"116,489.00"
Municipality,MA,Hampden,Longmeadow,2022,5-Year-Estimates,Economic,Median Household Income,CEN_MEDHHINC,"138,218.00"
Municipality,MA,Hampden,Longmeadow,2022,5-Year-Estimates,Economic,Per Capita Income,CEN_PERCAPINC,"64,358.00"
Municipality,MA,Hampden,Longmeadow,2022,5-Year-Estimates,Economic,Percent of Employed Population in Poverty - Female,EMP_FEMALE_POV_PERC,0.04
Municipality,MA,Hampden,Longmeadow,2022,5-Year-Estimates,Economic,Percent of Employed Population in Poverty - Male,EMP_MALE_POV_PERC,0.02
Municipality,MA,Hampden,Longmeadow,2022,5-Year-Estimates,Economic,Percent of Families in Poverty,CEN_FAM_POV,0.04
Municipality,MA,Hampden,Longmeadow,2022,5-Year-Estimates,Economic,Percent of Unemployed Population in Poverty - Female,UNEMP_FEMALE_POV_PERC,0.16
Municipality,MA,Hampden,Longmeadow,2022,5-Year-Estimates,Economic,Percent of Unemployed Population in Poverty - Male,UNEMP_MALE_POV_PERC,0
Municipality,MA,Hampden,Longmeadow,2022,5-Year-Estimates,Economic,Population Living below Poverty,CEN_POOR,123
Municipality,MA,Hampden,Longmeadow,2022,5-Year-Estimates,Economic,Poverty Rate,CEN_POVRATE,0.02
Municipality,MA,Hampden,Longmeadow,2022,5-Year-Estimates,Economic,Poverty Rate of Foreign Born,CEN_POV_FOR_BORN,0
Municipality,MA,Hampden,Longmeadow,2022,5-Year-Estimates,Economic,Poverty Rate of Foreign Born Naturalized Citizens,CEN_POV_FOR_BORN_NAT,0
Municipality,MA,Hampden,Longmeadow,2022,5-Year-Estimates,Economic,Poverty Rate of Foreign Born Non-Citizens,CEN_POV_FOR_BORN_NON_CIT,0
Municipality,MA,Hampden,Longmeadow,2022,5-Year-Estimates,Economic,Poverty Status Determined Population,CEN_POVTOTALPOP,"15,258.00"
Municipality,MA,Hampden,Longmeadow,2022,5-Year-Estimates,Economic,Self Employment Income-Household,CEN_SELFEMPINC,762
Municipality,MA,Hampden,Longmeadow,2022,5-Year-Estimates,Economic,Total population counted for unemployment by sex - Female,UNEMP_FEMALE,536
Municipality,MA,Hampden,Longmeadow,2022,5-Year-Estimates,Economic,Total population counted for unemployment by sex - Male,UNEMP_MALE,416
Municipality,MA,Hampden,Longmeadow,2022,5-Year-Estimates,Economic,Unemployment by sex and below the poverty line - Female,UNEMP_FEMALE_POV,42
Municipality,MA,Hampden,Longmeadow,2022,5-Year-Estimates,Economic,Unemployment by sex and below the poverty line - Male,UNEMP_MALE_POV,0
Municipality,MA,Hampden,Ludlow,2022,5-Year-Estimates,Demographics,Population Total,CEN_POP,"20,883.00"
Municipality,MA,Hampden,Ludlow,2022,5-Year-Estimates,Demographics,White Population,CEN_WHITE,"18,474.00"
Municipality,MA,Hampden,Ludlow,2022,5-Year-Estimates,Demographics,Hispanic or Latino Population (of any race),CEN_HISPANIC,"2,115.00"
Municipality,MA,Hampden,Ludlow,2022,5-Year-Estimates,Demographics,Black Population,CEN_BLACK,255
Municipality,MA,Hampden,Ludlow,2022,5-Year-Estimates,Demographics,Other Races Population,CEN_OTHRACE,479
Municipality,MA,Hampden,Ludlow,2022,5-Year-Estimates,Demographics,Asian Population,CEN_ASIAN,219
Municipality,MA,Hampden,Ludlow,2022,5-Year-Estimates,Demographics,Age-3 to 4 Years Old,3_4_YEARS,250
Municipality,MA,Hampden,Ludlow,2022,5-Year-Estimates,Demographics,Age-5 Years Old,5_YEARS,164
Municipality,MA,Hampden,Ludlow,2022,5-Year-Estimates,Demographics,Age-6 to 8 Years Old,6_8_YEARS,743
Municipality,MA,Hampden,Ludlow,2022,5-Year-Estimates,Demographics,Age-9 to 11 Years Old,9_11_YEARS,533
Municipality,MA,Hampden,Ludlow,2022,5-Year-Estimates,Demographics,Age-12 to 14 Years Old,12_14_YEARS,551
Municipality,MA,Hampden,Ludlow,2022,5-Year-Estimates,Demographics,Age-15 to 17 Years Old,15_17_YEARS,700
Municipality,MA,Hampden,Ludlow,2022,5-Year-Estimates,Demographics,Age-18 to 19 Years Old,18_19_YEARS,603
Municipality,MA,Hampden,Ludlow,2022,5-Year-Estimates,Demographics,Age-20 to 24 Years Old,20_24_YEARS,"1,583.00"
Municipality,MA,Hampden,Ludlow,2022,5-Year-Estimates,Demographics,Age-25 to 29 Years Old,25_29_YEARS,"1,303.00"
Municipality,MA,Hampden,Ludlow,2022,5-Year-Estimates,Demographics,Age-30 to 34 Years Old,30_34_YEARS,"1,282.00"
Municipality,MA,Hampden,Ludlow,2022,5-Year-Estimates,Demographics,Age-35 to 39 Years Old,35_39_YEARS,"1,148.00"
Municipality,MA,Hampden,Ludlow,2022,5-Year-Estimates,Demographics,Age-40 to 44 Years Old,40_44_YEARS,"1,464.00"
Municipality,MA,Hampden,Ludlow,2022,5-Year-Estimates,Demographics,Age-45 to 49 Years Old,45_49_YEARS,"1,417.00"
Municipality,MA,Hampden,Ludlow,2022,5-Year-Estimates,Demographics,Age-50 to 54 Years Old,50_54_YEARS,"1,461.00"
Municipality,MA,Hampden,Ludlow,2022,5-Year-Estimates,Demographics,Age-55 to 59 Years Old,55_59_YEARS,"1,292.00"
Municipality,MA,Hampden,Ludlow,2022,5-Year-Estimates,Demographics,Age-60 to 64 Years Old,60_64_YEARS,"1,631.00"
Municipality,MA,Hampden,Ludlow,2022,5-Year-Estimates,Demographics,Age-65 to 69 Years Old,65_69_YEARS,"1,494.00"
Municipality,MA,Hampden,Ludlow,2022,5-Year-Estimates,Demographics,Age-70 to 74 Years Old,70_74_YEARS,966
Municipality,MA,Hampden,Ludlow,2022,5-Year-Estimates,Demographics,Age-75 to 79 Years Old,75_79_YEARS,731
Municipality,MA,Hampden,Ludlow,2022,5-Year-Estimates,Demographics,Age-80 to 84 Years Old,80_84_YEARS,628
Municipality,MA,Hampden,Ludlow,2022,5-Year-Estimates,Demographics,Age-85 & older,85+_YEARS,653
Municipality,MA,Hampden,Ludlow,2022,5-Year-Estimates,Demographics,Age-Under 3 Years Old,UNDER_3_YEARS,285
Municipality,MA,Hampden,Ludlow,2022,5-Year-Estimates,Demographics,Households-Married Couples,CEN_MARRHOU,"4,396.00"
Municipality,MA,Hampden,Ludlow,2022,5-Year-Estimates,Demographics,Households-Single Parent,CEN_SINGPARHOU,654
Municipality,MA,Hampden,Ludlow,2022,5-Year-Estimates,Demographics,Households-Total,CEN_HOUSEHOLDS,"8,502.00"
Municipality,MA,Hampden,Ludlow,2022,5-Year-Estimates,Demographics,Net Domestic Migration,CEN_NET_DOM_MIGR,0
Municipality,MA,Hampden,Ludlow,2022,5-Year-Estimates,Demographics,Percent Elderly with Car Access,CAR_AGE_HOUSEHOLDER,0.89
Municipality,MA,Hampden,Ludlow,2022,5-Year-Estimates,Demographics,Percent Grandparents Who Are Primary Caregiver,GRAND_CAREGIVER,0.13
Municipality,MA,Hampden,Ludlow,2022,5-Year-Estimates,Demographics,Percent of Elderly Below Poverty Line,ELDERLY_POV,0.14
Municipality,MA,Hampden,Ludlow,2022,5-Year-Estimates,Demographics,Percent of Elderly who Live Alone,ELDERLY_LIVEALONE,0.27
Municipality,MA,Hampden,Ludlow,2022,5-Year-Estimates,Demographics,Percent of Population Who are Not White,MINORITY_PERCENT,0.12
Municipality,MA,Hampden,Ludlow,2022,5-Year-Estimates,Demographics,Population 5+,CEN_POP_O4,"20,347.00"
Municipality,MA,Hampden,Ludlow,2022,5-Year-Estimates,Demographics,Population 25+,CEN_POP_O24,"15,470.00"
Municipality,MA,Hampden,Ludlow,2022,5-Year-Estimates,Demographics,Population 65+,CEN_POP_O64,"4,472.00"
Municipality,MA,Hampden,Ludlow,2022,5-Year-Estimates,Demographics,Population Living in Rural Areas,CEN_RURALPOP,0
Municipality,MA,Hampden,Ludlow,2022,5-Year-Estimates,Demographics,Population living in the same county as five years ago,CEN_SAMECOUNTY,0
Municipality,MA,Hampden,Ludlow,2022,5-Year-Estimates,Demographics,Population living in the same house as five years ago,CEN_SAMEHOUSE,0
Municipality,MA,Hampden,Ludlow,2022,5-Year-Estimates,Demographics,Population Living in Urban Areas,CEN_URBANPOP,0
Municipality,MA,Hampden,Ludlow,2022,5-Year-Estimates,Demographics,Population Under 18,CEN_POP_U18,"3,226.00"
Municipality,MA,Hampden,Ludlow,2022,5-Year-Estimates,Demographics,Population-Foreign Born,CEN_FORBORN,"3,350.00"
Municipality,MA,Hampden,Ludlow,2022,5-Year-Estimates,Demographics,Single Parent Families,CEN_SINGPAR_CHILD,0
Municipality,MA,Hampden,Ludlow,2022,5-Year-Estimates,Demographics,Speak an Asian Language at Home,CEN_ASIANLANG,697
Municipality,MA,Hampden,Ludlow,2022,5-Year-Estimates,Demographics,Speak Only English at Home,CEN_ENGLISH,"15,146.00"
Municipality,MA,Hampden,Ludlow,2022,5-Year-Estimates,Demographics,Speak Other Language at Home,CEN_OTHLANG,90
Municipality,MA,Hampden,Ludlow,2022,5-Year-Estimates,Demographics,Speak Spanish at Home,CEN_SPANISH,"1,264.00"
Municipality,MA,Hampden,Ludlow,2022,5-Year-Estimates,Demographics,"Two or More Races, Not Hispanic or Latino",CEN_TWO_MORE_NOT_HISP,"1,456.00"
Municipality,MA,Hampden,Ludlow,2022,5-Year-Estimates,Economic,"% Households with Income between $10,000 to $14,999",CEN_PERC_HHINC_10000-14999,0.03
Municipality,MA,Hampden,Ludlow,2022,5-Year-Estimates,Economic,"% Households with Income between $15,000 to $24,999",CEN_PERC_HHINC_15000-24999,0.07
Municipality,MA,Hampden,Ludlow,2022,5-Year-Estimates,Economic,"%  Households with Income between $25,000 to $34,999",CEN_PERC_HHINC_25000-34999,0.07
Municipality,MA,Hampden,Ludlow,2022,5-Year-Estimates,Economic,"%  Households with Income between $35,000 to $49,999",CEN_PERC_HHINC_35000-49999,0.1
Municipality,MA,Hampden,Ludlow,2022,5-Year-Estimates,Economic,"% of  Households with Income between $50,000 to $74,999",CEN_PERC_HHINC_50000-74999,0.16
Municipality,MA,Hampden,Ludlow,2022,5-Year-Estimates,Economic,"% of  Households with Income between $75,000 to $99,999",CEN_PERC_HHINC_75000-99999,0.15
Municipality,MA,Hampden,Ludlow,2022,5-Year-Estimates,Economic,"% of  Households with Income between $100,000 to $149,999",CEN_PERC_HHINC_100000-149999,0.15
Municipality,MA,Hampden,Ludlow,2022,5-Year-Estimates,Economic,"%  of Households with Income between $150,000 to $199,999",CEN_PERC_HHINC_150000-199999,0.09
Municipality,MA,Hampden,Ludlow,2022,5-Year-Estimates,Economic,"% of  Households with Income between $200,000 or more",CEN_PERC_HHINC_200000_PLUS,0.11
Municipality,MA,Hampden,Ludlow,2022,5-Year-Estimates,Economic,"% of Households with Income Less than $10,000",CEN_PERC_HHINC_0-9999,0.05
Municipality,MA,Hampden,Ludlow,2022,5-Year-Estimates,Economic,Child Poverty Rate,CEN_CHILD_POV,0.09
Municipality,MA,Hampden,Ludlow,2022,5-Year-Estimates,Economic,Employment by sex - Female Total,EMP_FEMALE,"10,428.00"
Municipality,MA,Hampden,Ludlow,2022,5-Year-Estimates,Economic,Employment by sex - Male Total,EMP_MALE,"10,584.00"
Municipality,MA,Hampden,Ludlow,2022,5-Year-Estimates,Economic,Employment by sex and below the poverty line - Total,UNEMP_TOT_POV,20
Municipality,MA,Hampden,Ludlow,2022,5-Year-Estimates,Economic,Employment by sex and below the poverty line - Total Percentage,UNEMP_TOT_POV_PERC,0.05
Municipality,MA,Hampden,Ludlow,2022,5-Year-Estimates,Economic,Employment by sex and in poverty - Female,EMP_FEMALE_POV,448
Municipality,MA,Hampden,Ludlow,2022,5-Year-Estimates,Economic,Employment by sex and in poverty - Male,EMP_MALE_POV,562
Municipality,MA,Hampden,Ludlow,2022,5-Year-Estimates,Economic,Employment by sex and in poverty - Total,EMP_TOT_POV,"1,010.00"
Municipality,MA,Hampden,Ludlow,2022,5-Year-Estimates,Economic,Employment by sex and in poverty - Total Percentage,EMP_TOT_POV_PERC,0.1
Municipality,MA,Hampden,Ludlow,2022,5-Year-Estimates,Economic,Family Economic Self Sufficiency,CEN_FAMECON_SELF,0
Municipality,MA,Hampden,Ludlow,2022,5-Year-Estimates,Economic,Gini Coefficient (Income Inequality),CEN_INCOME_INEQ,0.43
Municipality,MA,Hampden,Ludlow,2022,5-Year-Estimates,Economic,"Households with Income between $10,000 to $14,999",CEN_HHINC_10000-14999,281
Municipality,MA,Hampden,Ludlow,2022,5-Year-Estimates,Economic,"Households with Income between $15,000 to $24,999",CEN_HHINC_15000-24999,570
Municipality,MA,Hampden,Ludlow,2022,5-Year-Estimates,Economic,"Households with Income between $25,000 to $34,999",CEN_HHINC_25000-34999,633
Municipality,MA,Hampden,Ludlow,2022,5-Year-Estimates,Economic,"Households with Income between $35,000 to $49,999",CEN_HHINC_35000-49999,829
Municipality,MA,Hampden,Ludlow,2022,5-Year-Estimates,Economic,"Households with Income between $50,000 to $74,999",CEN_HHINC_50000-74999,"1,385.00"
Municipality,MA,Hampden,Ludlow,2022,5-Year-Estimates,Economic,"Households with Income between $75,000 to $99,999",CEN_HHINC_75000-99999,"1,305.00"
Municipality,MA,Hampden,Ludlow,2022,5-Year-Estimates,Economic,"Households with Income between $100,000 to $149,999",CEN_HHINC_100000-149999,"1,291.00"
Municipality,MA,Hampden,Ludlow,2022,5-Year-Estimates,Economic,"Households with Income between $150,000 to $199,999",CEN_HHINC_150000-199999,793
Municipality,MA,Hampden,Ludlow,2022,5-Year-Estimates,Economic,"Households with Income between $200,000 or more",CEN_HHINC_200000_PLUS,958
Municipality,MA,Hampden,Ludlow,2022,5-Year-Estimates,Economic,"Households with Income Less than $10,000",CEN_HHINC_0-9999,457
Municipality,MA,Hampden,Ludlow,2022,5-Year-Estimates,Economic,Households with Retirement Income,CEN_RETINC,"2,287.00"
Municipality,MA,Hampden,Ludlow,2022,5-Year-Estimates,Economic,Households with Social Security Income,CEN_SOCSECINC,"3,251.00"
Municipality,MA,Hampden,Ludlow,2022,5-Year-Estimates,Economic,Income Under 200% of Poverty Line,CENPOV200,0.22
Municipality,MA,Hampden,Ludlow,2022,5-Year-Estimates,Economic,Median Family Income,CEN_MEDFAMINC,"103,409.00"
Municipality,MA,Hampden,Ludlow,2022,5-Year-Estimates,Economic,Median Household Income,CEN_MEDHHINC,"76,395.00"
Municipality,MA,Hampden,Ludlow,2022,5-Year-Estimates,Economic,Per Capita Income,CEN_PERCAPINC,"40,007.00"
Municipality,MA,Hampden,Ludlow,2022,5-Year-Estimates,Economic,Percent of Employed Population in Poverty - Female,EMP_FEMALE_POV_PERC,0.09
Municipality,MA,Hampden,Ludlow,2022,5-Year-Estimates,Economic,Percent of Employed Population in Poverty - Male,EMP_MALE_POV_PERC,0.11
Municipality,MA,Hampden,Ludlow,2022,5-Year-Estimates,Economic,Percent of Families in Poverty,CEN_FAM_POV,0.06
Municipality,MA,Hampden,Ludlow,2022,5-Year-Estimates,Economic,Percent of Unemployed Population in Poverty - Female,UNEMP_FEMALE_POV_PERC,0.13
Municipality,MA,Hampden,Ludlow,2022,5-Year-Estimates,Economic,Percent of Unemployed Population in Poverty - Male,UNEMP_MALE_POV_PERC,0
Municipality,MA,Hampden,Ludlow,2022,5-Year-Estimates,Economic,Population Living below Poverty,CEN_POOR,515
Municipality,MA,Hampden,Ludlow,2022,5-Year-Estimates,Economic,Poverty Rate,CEN_POVRATE,0.05
Municipality,MA,Hampden,Ludlow,2022,5-Year-Estimates,Economic,Poverty Rate of Foreign Born,CEN_POV_FOR_BORN,0.02
Municipality,MA,Hampden,Ludlow,2022,5-Year-Estimates,Economic,Poverty Rate of Foreign Born Naturalized Citizens,CEN_POV_FOR_BORN_NAT,0
Municipality,MA,Hampden,Ludlow,2022,5-Year-Estimates,Economic,Poverty Rate of Foreign Born Non-Citizens,CEN_POV_FOR_BORN_NON_CIT,0
Municipality,MA,Hampden,Ludlow,2022,5-Year-Estimates,Economic,Poverty Status Determined Population,CEN_POVTOTALPOP,"20,222.00"
Municipality,MA,Hampden,Ludlow,2022,5-Year-Estimates,Economic,Self Employment Income-Household,CEN_SELFEMPINC,732
Municipality,MA,Hampden,Ludlow,2022,5-Year-Estimates,Economic,Total population counted for unemployment by sex - Female,UNEMP_FEMALE,310
Municipality,MA,Hampden,Ludlow,2022,5-Year-Estimates,Economic,Total population counted for unemployment by sex - Male,UNEMP_MALE,574
Municipality,MA,Hampden,Ludlow,2022,5-Year-Estimates,Economic,Unemployment by sex and below the poverty line - Female,UNEMP_FEMALE_POV,20
Municipality,MA,Hampden,Ludlow,2022,5-Year-Estimates,Economic,Unemployment by sex and below the poverty line - Male,UNEMP_MALE_POV,0
Municipality,MA,Hampden,Monson,2022,5-Year-Estimates,Demographics,Population Total,CEN_POP,"8,159.00"
Municipality,MA,Hampden,Monson,2022,5-Year-Estimates,Demographics,White Population,CEN_WHITE,"7,722.00"
Municipality,MA,Hampden,Monson,2022,5-Year-Estimates,Demographics,Hispanic or Latino Population (of any race),CEN_HISPANIC,292
Municipality,MA,Hampden,Monson,2022,5-Year-Estimates,Demographics,Black Population,CEN_BLACK,49
Municipality,MA,Hampden,Monson,2022,5-Year-Estimates,Demographics,Other Races Population,CEN_OTHRACE,54
Municipality,MA,Hampden,Monson,2022,5-Year-Estimates,Demographics,Asian Population,CEN_ASIAN,168
Municipality,MA,Hampden,Monson,2022,5-Year-Estimates,Demographics,Age-3 to 4 Years Old,3_4_YEARS,187
Municipality,MA,Hampden,Monson,2022,5-Year-Estimates,Demographics,Age-5 Years Old,5_YEARS,18
Municipality,MA,Hampden,Monson,2022,5-Year-Estimates,Demographics,Age-6 to 8 Years Old,6_8_YEARS,172
Municipality,MA,Hampden,Monson,2022,5-Year-Estimates,Demographics,Age-9 to 11 Years Old,9_11_YEARS,201
Municipality,MA,Hampden,Monson,2022,5-Year-Estimates,Demographics,Age-12 to 14 Years Old,12_14_YEARS,276
Municipality,MA,Hampden,Monson,2022,5-Year-Estimates,Demographics,Age-15 to 17 Years Old,15_17_YEARS,334
Municipality,MA,Hampden,Monson,2022,5-Year-Estimates,Demographics,Age-18 to 19 Years Old,18_19_YEARS,201
Municipality,MA,Hampden,Monson,2022,5-Year-Estimates,Demographics,Age-20 to 24 Years Old,20_24_YEARS,321
Municipality,MA,Hampden,Monson,2022,5-Year-Estimates,Demographics,Age-25 to 29 Years Old,25_29_YEARS,291
Municipality,MA,Hampden,Monson,2022,5-Year-Estimates,Demographics,Age-30 to 34 Years Old,30_34_YEARS,481
Municipality,MA,Hampden,Monson,2022,5-Year-Estimates,Demographics,Age-35 to 39 Years Old,35_39_YEARS,385
Municipality,MA,Hampden,Monson,2022,5-Year-Estimates,Demographics,Age-40 to 44 Years Old,40_44_YEARS,517
Municipality,MA,Hampden,Monson,2022,5-Year-Estimates,Demographics,Age-45 to 49 Years Old,45_49_YEARS,517
Municipality,MA,Hampden,Monson,2022,5-Year-Estimates,Demographics,Age-50 to 54 Years Old,50_54_YEARS,717
Municipality,MA,Hampden,Monson,2022,5-Year-Estimates,Demographics,Age-55 to 59 Years Old,55_59_YEARS,725
Municipality,MA,Hampden,Monson,2022,5-Year-Estimates,Demographics,Age-60 to 64 Years Old,60_64_YEARS,711
Municipality,MA,Hampden,Monson,2022,5-Year-Estimates,Demographics,Age-65 to 69 Years Old,65_69_YEARS,486
Municipality,MA,Hampden,Monson,2022,5-Year-Estimates,Demographics,Age-70 to 74 Years Old,70_74_YEARS,699
Municipality,MA,Hampden,Monson,2022,5-Year-Estimates,Demographics,Age-75 to 79 Years Old,75_79_YEARS,372
Municipality,MA,Hampden,Monson,2022,5-Year-Estimates,Demographics,Age-80 to 84 Years Old,80_84_YEARS,182
Municipality,MA,Hampden,Monson,2022,5-Year-Estimates,Demographics,Age-85 & older,85+_YEARS,163
Municipality,MA,Hampden,Monson,2022,5-Year-Estimates,Demographics,Age-Under 3 Years Old,UNDER_3_YEARS,203
Municipality,MA,Hampden,Monson,2022,5-Year-Estimates,Demographics,Households-Married Couples,CEN_MARRHOU,"1,852.00"
Municipality,MA,Hampden,Monson,2022,5-Year-Estimates,Demographics,Households-Single Parent,CEN_SINGPARHOU,193
Municipality,MA,Hampden,Monson,2022,5-Year-Estimates,Demographics,Households-Total,CEN_HOUSEHOLDS,"3,421.00"
Municipality,MA,Hampden,Monson,2022,5-Year-Estimates,Demographics,Net Domestic Migration,CEN_NET_DOM_MIGR,0
Municipality,MA,Hampden,Monson,2022,5-Year-Estimates,Demographics,Percent Elderly with Car Access,CAR_AGE_HOUSEHOLDER,0.94
Municipality,MA,Hampden,Monson,2022,5-Year-Estimates,Demographics,Percent Grandparents Who Are Primary Caregiver,GRAND_CAREGIVER,0.17
Municipality,MA,Hampden,Monson,2022,5-Year-Estimates,Demographics,Percent of Elderly Below Poverty Line,ELDERLY_POV,0.12
Municipality,MA,Hampden,Monson,2022,5-Year-Estimates,Demographics,Percent of Elderly who Live Alone,ELDERLY_LIVEALONE,0.23
Municipality,MA,Hampden,Monson,2022,5-Year-Estimates,Demographics,Percent of Population Who are Not White,MINORITY_PERCENT,0.05
Municipality,MA,Hampden,Monson,2022,5-Year-Estimates,Demographics,Population 5+,CEN_POP_O4,"7,769.00"
Municipality,MA,Hampden,Monson,2022,5-Year-Estimates,Demographics,Population 25+,CEN_POP_O24,"6,246.00"
Municipality,MA,Hampden,Monson,2022,5-Year-Estimates,Demographics,Population 65+,CEN_POP_O64,"1,902.00"
Municipality,MA,Hampden,Monson,2022,5-Year-Estimates,Demographics,Population Living in Rural Areas,CEN_RURALPOP,0
Municipality,MA,Hampden,Monson,2022,5-Year-Estimates,Demographics,Population living in the same county as five years ago,CEN_SAMECOUNTY,0
Municipality,MA,Hampden,Monson,2022,5-Year-Estimates,Demographics,Population living in the same house as five years ago,CEN_SAMEHOUSE,0
Municipality,MA,Hampden,Monson,2022,5-Year-Estimates,Demographics,Population Living in Urban Areas,CEN_URBANPOP,0
Municipality,MA,Hampden,Monson,2022,5-Year-Estimates,Demographics,Population Under 18,CEN_POP_U18,"1,391.00"
Municipality,MA,Hampden,Monson,2022,5-Year-Estimates,Demographics,Population-Foreign Born,CEN_FORBORN,195
Municipality,MA,Hampden,Monson,2022,5-Year-Estimates,Demographics,Single Parent Families,CEN_SINGPAR_CHILD,0
Municipality,MA,Hampden,Monson,2022,5-Year-Estimates,Demographics,Speak an Asian Language at Home,CEN_ASIANLANG,42
Municipality,MA,Hampden,Monson,2022,5-Year-Estimates,Demographics,Speak Only English at Home,CEN_ENGLISH,"7,549.00"
Municipality,MA,Hampden,Monson,2022,5-Year-Estimates,Demographics,Speak Other Language at Home,CEN_OTHLANG,8
Municipality,MA,Hampden,Monson,2022,5-Year-Estimates,Demographics,Speak Spanish at Home,CEN_SPANISH,67
Municipality,MA,Hampden,Monson,2022,5-Year-Estimates,Demographics,"Two or More Races, Not Hispanic or Latino",CEN_TWO_MORE_NOT_HISP,166
Municipality,MA,Hampden,Monson,2022,5-Year-Estimates,Economic,"% Households with Income between $10,000 to $14,999",CEN_PERC_HHINC_10000-14999,0.05
Municipality,MA,Hampden,Monson,2022,5-Year-Estimates,Economic,"% Households with Income between $15,000 to $24,999",CEN_PERC_HHINC_15000-24999,0.05
Municipality,MA,Hampden,Monson,2022,5-Year-Estimates,Economic,"%  Households with Income between $25,000 to $34,999",CEN_PERC_HHINC_25000-34999,0.05
Municipality,MA,Hampden,Monson,2022,5-Year-Estimates,Economic,"%  Households with Income between $35,000 to $49,999",CEN_PERC_HHINC_35000-49999,0.11
Municipality,MA,Hampden,Monson,2022,5-Year-Estimates,Economic,"% of  Households with Income between $50,000 to $74,999",CEN_PERC_HHINC_50000-74999,0.13
Municipality,MA,Hampden,Monson,2022,5-Year-Estimates,Economic,"% of  Households with Income between $75,000 to $99,999",CEN_PERC_HHINC_75000-99999,0.16
Municipality,MA,Hampden,Monson,2022,5-Year-Estimates,Economic,"% of  Households with Income between $100,000 to $149,999",CEN_PERC_HHINC_100000-149999,0.18
Municipality,MA,Hampden,Monson,2022,5-Year-Estimates,Economic,"%  of Households with Income between $150,000 to $199,999",CEN_PERC_HHINC_150000-199999,0.12
Municipality,MA,Hampden,Monson,2022,5-Year-Estimates,Economic,"% of  Households with Income between $200,000 or more",CEN_PERC_HHINC_200000_PLUS,0.11
Municipality,MA,Hampden,Monson,2022,5-Year-Estimates,Economic,"% of Households with Income Less than $10,000",CEN_PERC_HHINC_0-9999,0.03
Municipality,MA,Hampden,Monson,2022,5-Year-Estimates,Economic,Child Poverty Rate,CEN_CHILD_POV,0.11
Municipality,MA,Hampden,Monson,2022,5-Year-Estimates,Economic,Employment by sex - Female Total,EMP_FEMALE,"4,196.00"
Municipality,MA,Hampden,Monson,2022,5-Year-Estimates,Economic,Employment by sex - Male Total,EMP_MALE,"3,938.00"
Municipality,MA,Hampden,Monson,2022,5-Year-Estimates,Economic,Employment by sex and below the poverty line - Total,UNEMP_TOT_POV,202
Municipality,MA,Hampden,Monson,2022,5-Year-Estimates,Economic,Employment by sex and below the poverty line - Total Percentage,UNEMP_TOT_POV_PERC,0.58
Municipality,MA,Hampden,Monson,2022,5-Year-Estimates,Economic,Employment by sex and in poverty - Female,EMP_FEMALE_POV,38
Municipality,MA,Hampden,Monson,2022,5-Year-Estimates,Economic,Employment by sex and in poverty - Male,EMP_MALE_POV,82
Municipality,MA,Hampden,Monson,2022,5-Year-Estimates,Economic,Employment by sex and in poverty - Total,EMP_TOT_POV,120
Municipality,MA,Hampden,Monson,2022,5-Year-Estimates,Economic,Employment by sex and in poverty - Total Percentage,EMP_TOT_POV_PERC,0.03
Municipality,MA,Hampden,Monson,2022,5-Year-Estimates,Economic,Family Economic Self Sufficiency,CEN_FAMECON_SELF,0
Municipality,MA,Hampden,Monson,2022,5-Year-Estimates,Economic,Gini Coefficient (Income Inequality),CEN_INCOME_INEQ,0.43
Municipality,MA,Hampden,Monson,2022,5-Year-Estimates,Economic,"Households with Income between $10,000 to $14,999",CEN_HHINC_10000-14999,178
Municipality,MA,Hampden,Monson,2022,5-Year-Estimates,Economic,"Households with Income between $15,000 to $24,999",CEN_HHINC_15000-24999,179
Municipality,MA,Hampden,Monson,2022,5-Year-Estimates,Economic,"Households with Income between $25,000 to $34,999",CEN_HHINC_25000-34999,178
Municipality,MA,Hampden,Monson,2022,5-Year-Estimates,Economic,"Households with Income between $35,000 to $49,999",CEN_HHINC_35000-49999,378
Municipality,MA,Hampden,Monson,2022,5-Year-Estimates,Economic,"Households with Income between $50,000 to $74,999",CEN_HHINC_50000-74999,449
Municipality,MA,Hampden,Monson,2022,5-Year-Estimates,Economic,"Households with Income between $75,000 to $99,999",CEN_HHINC_75000-99999,552
Municipality,MA,Hampden,Monson,2022,5-Year-Estimates,Economic,"Households with Income between $100,000 to $149,999",CEN_HHINC_100000-149999,611
Municipality,MA,Hampden,Monson,2022,5-Year-Estimates,Economic,"Households with Income between $150,000 to $199,999",CEN_HHINC_150000-199999,417
Municipality,MA,Hampden,Monson,2022,5-Year-Estimates,Economic,"Households with Income between $200,000 or more",CEN_HHINC_200000_PLUS,390
Municipality,MA,Hampden,Monson,2022,5-Year-Estimates,Economic,"Households with Income Less than $10,000",CEN_HHINC_0-9999,89
Municipality,MA,Hampden,Monson,2022,5-Year-Estimates,Economic,Households with Retirement Income,CEN_RETINC,"1,042.00"
Municipality,MA,Hampden,Monson,2022,5-Year-Estimates,Economic,Households with Social Security Income,CEN_SOCSECINC,"1,431.00"
Municipality,MA,Hampden,Monson,2022,5-Year-Estimates,Economic,Income Under 200% of Poverty Line,CENPOV200,0.19
Municipality,MA,Hampden,Monson,2022,5-Year-Estimates,Economic,Median Family Income,CEN_MEDFAMINC,"102,500.00"
Municipality,MA,Hampden,Monson,2022,5-Year-Estimates,Economic,Median Household Income,CEN_MEDHHINC,"80,750.00"
Municipality,MA,Hampden,Monson,2022,5-Year-Estimates,Economic,Per Capita Income,CEN_PERCAPINC,"45,529.00"
Municipality,MA,Hampden,Monson,2022,5-Year-Estimates,Economic,Percent of Employed Population in Poverty - Female,EMP_FEMALE_POV_PERC,0.02
Municipality,MA,Hampden,Monson,2022,5-Year-Estimates,Economic,Percent of Employed Population in Poverty - Male,EMP_MALE_POV_PERC,0.04
Municipality,MA,Hampden,Monson,2022,5-Year-Estimates,Economic,Percent of Families in Poverty,CEN_FAM_POV,0.07
Municipality,MA,Hampden,Monson,2022,5-Year-Estimates,Economic,Percent of Unemployed Population in Poverty - Female,UNEMP_FEMALE_POV_PERC,1.15
Municipality,MA,Hampden,Monson,2022,5-Year-Estimates,Economic,Percent of Unemployed Population in Poverty - Male,UNEMP_MALE_POV_PERC,0.23
Municipality,MA,Hampden,Monson,2022,5-Year-Estimates,Economic,Population Living below Poverty,CEN_POOR,161
Municipality,MA,Hampden,Monson,2022,5-Year-Estimates,Economic,Poverty Rate,CEN_POVRATE,0.04
Municipality,MA,Hampden,Monson,2022,5-Year-Estimates,Economic,Poverty Rate of Foreign Born,CEN_POV_FOR_BORN,0
Municipality,MA,Hampden,Monson,2022,5-Year-Estimates,Economic,Poverty Rate of Foreign Born Naturalized Citizens,CEN_POV_FOR_BORN_NAT,0
Municipality,MA,Hampden,Monson,2022,5-Year-Estimates,Economic,Poverty Rate of Foreign Born Non-Citizens,CEN_POV_FOR_BORN_NON_CIT,0
Municipality,MA,Hampden,Monson,2022,5-Year-Estimates,Economic,Poverty Status Determined Population,CEN_POVTOTALPOP,"8,057.00"
Municipality,MA,Hampden,Monson,2022,5-Year-Estimates,Economic,Self Employment Income-Household,CEN_SELFEMPINC,498
Municipality,MA,Hampden,Monson,2022,5-Year-Estimates,Economic,Total population counted for unemployment by sex - Female,UNEMP_FEMALE,264
Municipality,MA,Hampden,Monson,2022,5-Year-Estimates,Economic,Total population counted for unemployment by sex - Male,UNEMP_MALE,438
Municipality,MA,Hampden,Monson,2022,5-Year-Estimates,Economic,Unemployment by sex and below the poverty line - Female,UNEMP_FEMALE_POV,152
Municipality,MA,Hampden,Monson,2022,5-Year-Estimates,Economic,Unemployment by sex and below the poverty line - Male,UNEMP_MALE_POV,50
Municipality,MA,Hampden,Montgomery,2022,5-Year-Estimates,Demographics,Population Total,CEN_POP,877
Municipality,MA,Hampden,Montgomery,2022,5-Year-Estimates,Demographics,White Population,CEN_WHITE,779
Municipality,MA,Hampden,Montgomery,2022,5-Year-Estimates,Demographics,Hispanic or Latino Population (of any race),CEN_HISPANIC,0
Municipality,MA,Hampden,Montgomery,2022,5-Year-Estimates,Demographics,Black Population,CEN_BLACK,2
Municipality,MA,Hampden,Montgomery,2022,5-Year-Estimates,Demographics,Other Races Population,CEN_OTHRACE,4
Municipality,MA,Hampden,Montgomery,2022,5-Year-Estimates,Demographics,Asian Population,CEN_ASIAN,60
Municipality,MA,Hampden,Montgomery,2022,5-Year-Estimates,Demographics,Age-3 to 4 Years Old,3_4_YEARS,15
Municipality,MA,Hampden,Montgomery,2022,5-Year-Estimates,Demographics,Age-5 Years Old,5_YEARS,15
Municipality,MA,Hampden,Montgomery,2022,5-Year-Estimates,Demographics,Age-6 to 8 Years Old,6_8_YEARS,14
Municipality,MA,Hampden,Montgomery,2022,5-Year-Estimates,Demographics,Age-9 to 11 Years Old,9_11_YEARS,25
Municipality,MA,Hampden,Montgomery,2022,5-Year-Estimates,Demographics,Age-12 to 14 Years Old,12_14_YEARS,16
Municipality,MA,Hampden,Montgomery,2022,5-Year-Estimates,Demographics,Age-15 to 17 Years Old,15_17_YEARS,54
Municipality,MA,Hampden,Montgomery,2022,5-Year-Estimates,Demographics,Age-18 to 19 Years Old,18_19_YEARS,4
Municipality,MA,Hampden,Montgomery,2022,5-Year-Estimates,Demographics,Age-20 to 24 Years Old,20_24_YEARS,15
Municipality,MA,Hampden,Montgomery,2022,5-Year-Estimates,Demographics,Age-25 to 29 Years Old,25_29_YEARS,59
Municipality,MA,Hampden,Montgomery,2022,5-Year-Estimates,Demographics,Age-30 to 34 Years Old,30_34_YEARS,55
Municipality,MA,Hampden,Montgomery,2022,5-Year-Estimates,Demographics,Age-35 to 39 Years Old,35_39_YEARS,5
Municipality,MA,Hampden,Montgomery,2022,5-Year-Estimates,Demographics,Age-40 to 44 Years Old,40_44_YEARS,71
Municipality,MA,Hampden,Montgomery,2022,5-Year-Estimates,Demographics,Age-45 to 49 Years Old,45_49_YEARS,53
Municipality,MA,Hampden,Montgomery,2022,5-Year-Estimates,Demographics,Age-50 to 54 Years Old,50_54_YEARS,54
Municipality,MA,Hampden,Montgomery,2022,5-Year-Estimates,Demographics,Age-55 to 59 Years Old,55_59_YEARS,126
Municipality,MA,Hampden,Montgomery,2022,5-Year-Estimates,Demographics,Age-60 to 64 Years Old,60_64_YEARS,84
Municipality,MA,Hampden,Montgomery,2022,5-Year-Estimates,Demographics,Age-65 to 69 Years Old,65_69_YEARS,79
Municipality,MA,Hampden,Montgomery,2022,5-Year-Estimates,Demographics,Age-70 to 74 Years Old,70_74_YEARS,33
Municipality,MA,Hampden,Montgomery,2022,5-Year-Estimates,Demographics,Age-75 to 79 Years Old,75_79_YEARS,42
Municipality,MA,Hampden,Montgomery,2022,5-Year-Estimates,Demographics,Age-80 to 84 Years Old,80_84_YEARS,31
Municipality,MA,Hampden,Montgomery,2022,5-Year-Estimates,Demographics,Age-85 & older,85+_YEARS,5
Municipality,MA,Hampden,Montgomery,2022,5-Year-Estimates,Demographics,Age-Under 3 Years Old,UNDER_3_YEARS,22
Municipality,MA,Hampden,Montgomery,2022,5-Year-Estimates,Demographics,Households-Married Couples,CEN_MARRHOU,256
Municipality,MA,Hampden,Montgomery,2022,5-Year-Estimates,Demographics,Households-Single Parent,CEN_SINGPARHOU,2
Municipality,MA,Hampden,Montgomery,2022,5-Year-Estimates,Demographics,Households-Total,CEN_HOUSEHOLDS,372
Municipality,MA,Hampden,Montgomery,2022,5-Year-Estimates,Demographics,Net Domestic Migration,CEN_NET_DOM_MIGR,0
Municipality,MA,Hampden,Montgomery,2022,5-Year-Estimates,Demographics,Percent Elderly with Car Access,CAR_AGE_HOUSEHOLDER,0.98
Municipality,MA,Hampden,Montgomery,2022,5-Year-Estimates,Demographics,Percent Grandparents Who Are Primary Caregiver,GRAND_CAREGIVER,0
Municipality,MA,Hampden,Montgomery,2022,5-Year-Estimates,Demographics,Percent of Elderly Below Poverty Line,ELDERLY_POV,0.06
Municipality,MA,Hampden,Montgomery,2022,5-Year-Estimates,Demographics,Percent of Elderly who Live Alone,ELDERLY_LIVEALONE,0.27
Municipality,MA,Hampden,Montgomery,2022,5-Year-Estimates,Demographics,Percent of Population Who are Not White,MINORITY_PERCENT,0.11
Municipality,MA,Hampden,Montgomery,2022,5-Year-Estimates,Demographics,Population 5+,CEN_POP_O4,840
Municipality,MA,Hampden,Montgomery,2022,5-Year-Estimates,Demographics,Population 25+,CEN_POP_O24,697
Municipality,MA,Hampden,Montgomery,2022,5-Year-Estimates,Demographics,Population 65+,CEN_POP_O64,190
Municipality,MA,Hampden,Montgomery,2022,5-Year-Estimates,Demographics,Population Living in Rural Areas,CEN_RURALPOP,0
Municipality,MA,Hampden,Montgomery,2022,5-Year-Estimates,Demographics,Population living in the same county as five years ago,CEN_SAMECOUNTY,0
Municipality,MA,Hampden,Montgomery,2022,5-Year-Estimates,Demographics,Population living in the same house as five years ago,CEN_SAMEHOUSE,0
Municipality,MA,Hampden,Montgomery,2022,5-Year-Estimates,Demographics,Population Living in Urban Areas,CEN_URBANPOP,0
Municipality,MA,Hampden,Montgomery,2022,5-Year-Estimates,Demographics,Population Under 18,CEN_POP_U18,161
Municipality,MA,Hampden,Montgomery,2022,5-Year-Estimates,Demographics,Population-Foreign Born,CEN_FORBORN,99
Municipality,MA,Hampden,Montgomery,2022,5-Year-Estimates,Demographics,Single Parent Families,CEN_SINGPAR_CHILD,0
Municipality,MA,Hampden,Montgomery,2022,5-Year-Estimates,Demographics,Speak an Asian Language at Home,CEN_ASIANLANG,30
Municipality,MA,Hampden,Montgomery,2022,5-Year-Estimates,Demographics,Speak Only English at Home,CEN_ENGLISH,775
Municipality,MA,Hampden,Montgomery,2022,5-Year-Estimates,Demographics,Speak Other Language at Home,CEN_OTHLANG,0
Municipality,MA,Hampden,Montgomery,2022,5-Year-Estimates,Demographics,Speak Spanish at Home,CEN_SPANISH,0
Municipality,MA,Hampden,Montgomery,2022,5-Year-Estimates,Demographics,"Two or More Races, Not Hispanic or Latino",CEN_TWO_MORE_NOT_HISP,32
Municipality,MA,Hampden,Montgomery,2022,5-Year-Estimates,Economic,"% Households with Income between $10,000 to $14,999",CEN_PERC_HHINC_10000-14999,0.01
Municipality,MA,Hampden,Montgomery,2022,5-Year-Estimates,Economic,"% Households with Income between $15,000 to $24,999",CEN_PERC_HHINC_15000-24999,0.04
Municipality,MA,Hampden,Montgomery,2022,5-Year-Estimates,Economic,"%  Households with Income between $25,000 to $34,999",CEN_PERC_HHINC_25000-34999,0.01
Municipality,MA,Hampden,Montgomery,2022,5-Year-Estimates,Economic,"%  Households with Income between $35,000 to $49,999",CEN_PERC_HHINC_35000-49999,0.08
Municipality,MA,Hampden,Montgomery,2022,5-Year-Estimates,Economic,"% of  Households with Income between $50,000 to $74,999",CEN_PERC_HHINC_50000-74999,0.14
Municipality,MA,Hampden,Montgomery,2022,5-Year-Estimates,Economic,"% of  Households with Income between $75,000 to $99,999",CEN_PERC_HHINC_75000-99999,0.15
Municipality,MA,Hampden,Montgomery,2022,5-Year-Estimates,Economic,"% of  Households with Income between $100,000 to $149,999",CEN_PERC_HHINC_100000-149999,0.24
Municipality,MA,Hampden,Montgomery,2022,5-Year-Estimates,Economic,"%  of Households with Income between $150,000 to $199,999",CEN_PERC_HHINC_150000-199999,0.11
Municipality,MA,Hampden,Montgomery,2022,5-Year-Estimates,Economic,"% of  Households with Income between $200,000 or more",CEN_PERC_HHINC_200000_PLUS,0.21
Municipality,MA,Hampden,Montgomery,2022,5-Year-Estimates,Economic,"% of Households with Income Less than $10,000",CEN_PERC_HHINC_0-9999,0.01
Municipality,MA,Hampden,Montgomery,2022,5-Year-Estimates,Economic,Child Poverty Rate,CEN_CHILD_POV,0
Municipality,MA,Hampden,Montgomery,2022,5-Year-Estimates,Economic,Employment by sex - Female Total,EMP_FEMALE,446
Municipality,MA,Hampden,Montgomery,2022,5-Year-Estimates,Economic,Employment by sex - Male Total,EMP_MALE,512
Municipality,MA,Hampden,Montgomery,2022,5-Year-Estimates,Economic,Employment by sex and below the poverty line - Total,UNEMP_TOT_POV,0
Municipality,MA,Hampden,Montgomery,2022,5-Year-Estimates,Economic,Employment by sex and in poverty - Female,EMP_FEMALE_POV,0
Municipality,MA,Hampden,Montgomery,2022,5-Year-Estimates,Economic,Employment by sex and in poverty - Male,EMP_MALE_POV,4
Municipality,MA,Hampden,Montgomery,2022,5-Year-Estimates,Economic,Employment by sex and in poverty - Total,EMP_TOT_POV,4
Municipality,MA,Hampden,Montgomery,2022,5-Year-Estimates,Economic,Employment by sex and in poverty - Total Percentage,EMP_TOT_POV_PERC,0.01
Municipality,MA,Hampden,Montgomery,2022,5-Year-Estimates,Economic,Family Economic Self Sufficiency,CEN_FAMECON_SELF,0
Municipality,MA,Hampden,Montgomery,2022,5-Year-Estimates,Economic,Gini Coefficient (Income Inequality),CEN_INCOME_INEQ,0.39
Municipality,MA,Hampden,Montgomery,2022,5-Year-Estimates,Economic,"Households with Income between $10,000 to $14,999",CEN_HHINC_10000-14999,4
Municipality,MA,Hampden,Montgomery,2022,5-Year-Estimates,Economic,"Households with Income between $15,000 to $24,999",CEN_HHINC_15000-24999,14
Municipality,MA,Hampden,Montgomery,2022,5-Year-Estimates,Economic,"Households with Income between $25,000 to $34,999",CEN_HHINC_25000-34999,4
Municipality,MA,Hampden,Montgomery,2022,5-Year-Estimates,Economic,"Households with Income between $35,000 to $49,999",CEN_HHINC_35000-49999,28
Municipality,MA,Hampden,Montgomery,2022,5-Year-Estimates,Economic,"Households with Income between $50,000 to $74,999",CEN_HHINC_50000-74999,52
Municipality,MA,Hampden,Montgomery,2022,5-Year-Estimates,Economic,"Households with Income between $75,000 to $99,999",CEN_HHINC_75000-99999,57
Municipality,MA,Hampden,Montgomery,2022,5-Year-Estimates,Economic,"Households with Income between $100,000 to $149,999",CEN_HHINC_100000-149999,88
Municipality,MA,Hampden,Montgomery,2022,5-Year-Estimates,Economic,"Households with Income between $150,000 to $199,999",CEN_HHINC_150000-199999,42
Municipality,MA,Hampden,Montgomery,2022,5-Year-Estimates,Economic,"Households with Income between $200,000 or more",CEN_HHINC_200000_PLUS,79
Municipality,MA,Hampden,Montgomery,2022,5-Year-Estimates,Economic,"Households with Income Less than $10,000",CEN_HHINC_0-9999,4
Municipality,MA,Hampden,Montgomery,2022,5-Year-Estimates,Economic,Households with Retirement Income,CEN_RETINC,103
Municipality,MA,Hampden,Montgomery,2022,5-Year-Estimates,Economic,Households with Social Security Income,CEN_SOCSECINC,126
Municipality,MA,Hampden,Montgomery,2022,5-Year-Estimates,Economic,Income Under 200% of Poverty Line,CENPOV200,0.09
Municipality,MA,Hampden,Montgomery,2022,5-Year-Estimates,Economic,Median Family Income,CEN_MEDFAMINC,"91,341.00"
Municipality,MA,Hampden,Montgomery,2022,5-Year-Estimates,Economic,Median Household Income,CEN_MEDHHINC,"116,250.00"
Municipality,MA,Hampden,Montgomery,2022,5-Year-Estimates,Economic,Per Capita Income,CEN_PERCAPINC,"59,782.00"
Municipality,MA,Hampden,Montgomery,2022,5-Year-Estimates,Economic,Percent of Employed Population in Poverty - Female,EMP_FEMALE_POV_PERC,0
Municipality,MA,Hampden,Montgomery,2022,5-Year-Estimates,Economic,Percent of Employed Population in Poverty - Male,EMP_MALE_POV_PERC,0.02
Municipality,MA,Hampden,Montgomery,2022,5-Year-Estimates,Economic,Percent of Families in Poverty,CEN_FAM_POV,0.02
Municipality,MA,Hampden,Montgomery,2022,5-Year-Estimates,Economic,Population Living below Poverty,CEN_POOR,2
Municipality,MA,Hampden,Montgomery,2022,5-Year-Estimates,Economic,Poverty Rate,CEN_POVRATE,0
Municipality,MA,Hampden,Montgomery,2022,5-Year-Estimates,Economic,Poverty Rate of Foreign Born,CEN_POV_FOR_BORN,0
Municipality,MA,Hampden,Montgomery,2022,5-Year-Estimates,Economic,Poverty Rate of Foreign Born Naturalized Citizens,CEN_POV_FOR_BORN_NAT,0
Municipality,MA,Hampden,Montgomery,2022,5-Year-Estimates,Economic,Poverty Rate of Foreign Born Non-Citizens,CEN_POV_FOR_BORN_NON_CIT,0
Municipality,MA,Hampden,Montgomery,2022,5-Year-Estimates,Economic,Poverty Status Determined Population,CEN_POVTOTALPOP,877
Municipality,MA,Hampden,Montgomery,2022,5-Year-Estimates,Economic,Self Employment Income-Household,CEN_SELFEMPINC,62
Municipality,MA,Hampden,Montgomery,2022,5-Year-Estimates,Economic,Total population counted for unemployment by sex - Female,UNEMP_FEMALE,0
Municipality,MA,Hampden,Montgomery,2022,5-Year-Estimates,Economic,Total population counted for unemployment by sex - Male,UNEMP_MALE,0
Municipality,MA,Hampden,Montgomery,2022,5-Year-Estimates,Economic,Unemployment by sex and below the poverty line - Female,UNEMP_FEMALE_POV,0
Municipality,MA,Hampden,Montgomery,2022,5-Year-Estimates,Economic,Unemployment by sex and below the poverty line - Male,UNEMP_MALE_POV,0
Municipality,MA,Hampden,Palmer,2022,5-Year-Estimates,Demographics,Population Total,CEN_POP,"12,422.00"
Municipality,MA,Hampden,Palmer,2022,5-Year-Estimates,Demographics,White Population,CEN_WHITE,"10,661.00"
Municipality,MA,Hampden,Palmer,2022,5-Year-Estimates,Demographics,Hispanic or Latino Population (of any race),CEN_HISPANIC,882
Municipality,MA,Hampden,Palmer,2022,5-Year-Estimates,Demographics,Black Population,CEN_BLACK,326
Municipality,MA,Hampden,Palmer,2022,5-Year-Estimates,Demographics,Other Races Population,CEN_OTHRACE,374
Municipality,MA,Hampden,Palmer,2022,5-Year-Estimates,Demographics,Asian Population,CEN_ASIAN,171
Municipality,MA,Hampden,Palmer,2022,5-Year-Estimates,Demographics,Age-3 to 4 Years Old,3_4_YEARS,295
Municipality,MA,Hampden,Palmer,2022,5-Year-Estimates,Demographics,Age-5 Years Old,5_YEARS,81
Municipality,MA,Hampden,Palmer,2022,5-Year-Estimates,Demographics,Age-6 to 8 Years Old,6_8_YEARS,313
Municipality,MA,Hampden,Palmer,2022,5-Year-Estimates,Demographics,Age-9 to 11 Years Old,9_11_YEARS,332
Municipality,MA,Hampden,Palmer,2022,5-Year-Estimates,Demographics,Age-12 to 14 Years Old,12_14_YEARS,345
Municipality,MA,Hampden,Palmer,2022,5-Year-Estimates,Demographics,Age-15 to 17 Years Old,15_17_YEARS,496
Municipality,MA,Hampden,Palmer,2022,5-Year-Estimates,Demographics,Age-18 to 19 Years Old,18_19_YEARS,240
Municipality,MA,Hampden,Palmer,2022,5-Year-Estimates,Demographics,Age-20 to 24 Years Old,20_24_YEARS,710
Municipality,MA,Hampden,Palmer,2022,5-Year-Estimates,Demographics,Age-25 to 29 Years Old,25_29_YEARS,821
Municipality,MA,Hampden,Palmer,2022,5-Year-Estimates,Demographics,Age-30 to 34 Years Old,30_34_YEARS,481
Municipality,MA,Hampden,Palmer,2022,5-Year-Estimates,Demographics,Age-35 to 39 Years Old,35_39_YEARS,667
Municipality,MA,Hampden,Palmer,2022,5-Year-Estimates,Demographics,Age-40 to 44 Years Old,40_44_YEARS,681
Municipality,MA,Hampden,Palmer,2022,5-Year-Estimates,Demographics,Age-45 to 49 Years Old,45_49_YEARS,909
Municipality,MA,Hampden,Palmer,2022,5-Year-Estimates,Demographics,Age-50 to 54 Years Old,50_54_YEARS,748
Municipality,MA,Hampden,Palmer,2022,5-Year-Estimates,Demographics,Age-55 to 59 Years Old,55_59_YEARS,"1,431.00"
Municipality,MA,Hampden,Palmer,2022,5-Year-Estimates,Demographics,Age-60 to 64 Years Old,60_64_YEARS,"1,243.00"
Municipality,MA,Hampden,Palmer,2022,5-Year-Estimates,Demographics,Age-65 to 69 Years Old,65_69_YEARS,755
Municipality,MA,Hampden,Palmer,2022,5-Year-Estimates,Demographics,Age-70 to 74 Years Old,70_74_YEARS,473
Municipality,MA,Hampden,Palmer,2022,5-Year-Estimates,Demographics,Age-75 to 79 Years Old,75_79_YEARS,660
Municipality,MA,Hampden,Palmer,2022,5-Year-Estimates,Demographics,Age-80 to 84 Years Old,80_84_YEARS,113
Municipality,MA,Hampden,Palmer,2022,5-Year-Estimates,Demographics,Age-85 & older,85+_YEARS,245
Municipality,MA,Hampden,Palmer,2022,5-Year-Estimates,Demographics,Age-Under 3 Years Old,UNDER_3_YEARS,383
Municipality,MA,Hampden,Palmer,2022,5-Year-Estimates,Demographics,Households-Married Couples,CEN_MARRHOU,"2,216.00"
Municipality,MA,Hampden,Palmer,2022,5-Year-Estimates,Demographics,Households-Single Parent,CEN_SINGPARHOU,522
Municipality,MA,Hampden,Palmer,2022,5-Year-Estimates,Demographics,Households-Total,CEN_HOUSEHOLDS,"5,401.00"
Municipality,MA,Hampden,Palmer,2022,5-Year-Estimates,Demographics,Net Domestic Migration,CEN_NET_DOM_MIGR,0
Municipality,MA,Hampden,Palmer,2022,5-Year-Estimates,Demographics,Percent Elderly with Car Access,CAR_AGE_HOUSEHOLDER,0.91
Municipality,MA,Hampden,Palmer,2022,5-Year-Estimates,Demographics,Percent Grandparents Who Are Primary Caregiver,GRAND_CAREGIVER,0.66
Municipality,MA,Hampden,Palmer,2022,5-Year-Estimates,Demographics,Percent of Elderly Below Poverty Line,ELDERLY_POV,0.09
Municipality,MA,Hampden,Palmer,2022,5-Year-Estimates,Demographics,Percent of Elderly who Live Alone,ELDERLY_LIVEALONE,0.29
Municipality,MA,Hampden,Palmer,2022,5-Year-Estimates,Demographics,Percent of Population Who are Not White,MINORITY_PERCENT,0.14
Municipality,MA,Hampden,Palmer,2022,5-Year-Estimates,Demographics,Population 5+,CEN_POP_O4,"11,744.00"
Municipality,MA,Hampden,Palmer,2022,5-Year-Estimates,Demographics,Population 25+,CEN_POP_O24,"9,227.00"
Municipality,MA,Hampden,Palmer,2022,5-Year-Estimates,Demographics,Population 65+,CEN_POP_O64,"2,246.00"
Municipality,MA,Hampden,Palmer,2022,5-Year-Estimates,Demographics,Population Living in Rural Areas,CEN_RURALPOP,0
Municipality,MA,Hampden,Palmer,2022,5-Year-Estimates,Demographics,Population living in the same county as five years ago,CEN_SAMECOUNTY,0
Municipality,MA,Hampden,Palmer,2022,5-Year-Estimates,Demographics,Population living in the same house as five years ago,CEN_SAMEHOUSE,0
Municipality,MA,Hampden,Palmer,2022,5-Year-Estimates,Demographics,Population Living in Urban Areas,CEN_URBANPOP,0
Municipality,MA,Hampden,Palmer,2022,5-Year-Estimates,Demographics,Population Under 18,CEN_POP_U18,"2,245.00"
Municipality,MA,Hampden,Palmer,2022,5-Year-Estimates,Demographics,Population-Foreign Born,CEN_FORBORN,432
Municipality,MA,Hampden,Palmer,2022,5-Year-Estimates,Demographics,Single Parent Families,CEN_SINGPAR_CHILD,0
Municipality,MA,Hampden,Palmer,2022,5-Year-Estimates,Demographics,Speak an Asian Language at Home,CEN_ASIANLANG,128
Municipality,MA,Hampden,Palmer,2022,5-Year-Estimates,Demographics,Speak Only English at Home,CEN_ENGLISH,"10,887.00"
Municipality,MA,Hampden,Palmer,2022,5-Year-Estimates,Demographics,Speak Other Language at Home,CEN_OTHLANG,11
Municipality,MA,Hampden,Palmer,2022,5-Year-Estimates,Demographics,Speak Spanish at Home,CEN_SPANISH,233
Municipality,MA,Hampden,Palmer,2022,5-Year-Estimates,Demographics,"Two or More Races, Not Hispanic or Latino",CEN_TWO_MORE_NOT_HISP,890
Municipality,MA,Hampden,Palmer,2022,5-Year-Estimates,Economic,"% Households with Income between $10,000 to $14,999",CEN_PERC_HHINC_10000-14999,0.03
Municipality,MA,Hampden,Palmer,2022,5-Year-Estimates,Economic,"% Households with Income between $15,000 to $24,999",CEN_PERC_HHINC_15000-24999,0.08
Municipality,MA,Hampden,Palmer,2022,5-Year-Estimates,Economic,"%  Households with Income between $25,000 to $34,999",CEN_PERC_HHINC_25000-34999,0.05
Municipality,MA,Hampden,Palmer,2022,5-Year-Estimates,Economic,"%  Households with Income between $35,000 to $49,999",CEN_PERC_HHINC_35000-49999,0.11
Municipality,MA,Hampden,Palmer,2022,5-Year-Estimates,Economic,"% of  Households with Income between $50,000 to $74,999",CEN_PERC_HHINC_50000-74999,0.18
Municipality,MA,Hampden,Palmer,2022,5-Year-Estimates,Economic,"% of  Households with Income between $75,000 to $99,999",CEN_PERC_HHINC_75000-99999,0.19
Municipality,MA,Hampden,Palmer,2022,5-Year-Estimates,Economic,"% of  Households with Income between $100,000 to $149,999",CEN_PERC_HHINC_100000-149999,0.12
Municipality,MA,Hampden,Palmer,2022,5-Year-Estimates,Economic,"%  of Households with Income between $150,000 to $199,999",CEN_PERC_HHINC_150000-199999,0.1
Municipality,MA,Hampden,Palmer,2022,5-Year-Estimates,Economic,"% of  Households with Income between $200,000 or more",CEN_PERC_HHINC_200000_PLUS,0.08
Municipality,MA,Hampden,Palmer,2022,5-Year-Estimates,Economic,"% of Households with Income Less than $10,000",CEN_PERC_HHINC_0-9999,0.06
Municipality,MA,Hampden,Palmer,2022,5-Year-Estimates,Economic,Child Poverty Rate,CEN_CHILD_POV,0.07
Municipality,MA,Hampden,Palmer,2022,5-Year-Estimates,Economic,Employment by sex - Female Total,EMP_FEMALE,"5,642.00"
Municipality,MA,Hampden,Palmer,2022,5-Year-Estimates,Economic,Employment by sex - Male Total,EMP_MALE,"6,762.00"
Municipality,MA,Hampden,Palmer,2022,5-Year-Estimates,Economic,Employment by sex and below the poverty line - Total,UNEMP_TOT_POV,222
Municipality,MA,Hampden,Palmer,2022,5-Year-Estimates,Economic,Employment by sex and below the poverty line - Total Percentage,UNEMP_TOT_POV_PERC,0.81
Municipality,MA,Hampden,Palmer,2022,5-Year-Estimates,Economic,Employment by sex and in poverty - Female,EMP_FEMALE_POV,94
Municipality,MA,Hampden,Palmer,2022,5-Year-Estimates,Economic,Employment by sex and in poverty - Male,EMP_MALE_POV,150
Municipality,MA,Hampden,Palmer,2022,5-Year-Estimates,Economic,Employment by sex and in poverty - Total,EMP_TOT_POV,244
Municipality,MA,Hampden,Palmer,2022,5-Year-Estimates,Economic,Employment by sex and in poverty - Total Percentage,EMP_TOT_POV_PERC,0.04
Municipality,MA,Hampden,Palmer,2022,5-Year-Estimates,Economic,Family Economic Self Sufficiency,CEN_FAMECON_SELF,0
Municipality,MA,Hampden,Palmer,2022,5-Year-Estimates,Economic,Gini Coefficient (Income Inequality),CEN_INCOME_INEQ,0.43
Municipality,MA,Hampden,Palmer,2022,5-Year-Estimates,Economic,"Households with Income between $10,000 to $14,999",CEN_HHINC_10000-14999,154
Municipality,MA,Hampden,Palmer,2022,5-Year-Estimates,Economic,"Households with Income between $15,000 to $24,999",CEN_HHINC_15000-24999,415
Municipality,MA,Hampden,Palmer,2022,5-Year-Estimates,Economic,"Households with Income between $25,000 to $34,999",CEN_HHINC_25000-34999,293
Municipality,MA,Hampden,Palmer,2022,5-Year-Estimates,Economic,"Households with Income between $35,000 to $49,999",CEN_HHINC_35000-49999,589
Municipality,MA,Hampden,Palmer,2022,5-Year-Estimates,Economic,"Households with Income between $50,000 to $74,999",CEN_HHINC_50000-74999,977
Municipality,MA,Hampden,Palmer,2022,5-Year-Estimates,Economic,"Households with Income between $75,000 to $99,999",CEN_HHINC_75000-99999,"1,048.00"
Municipality,MA,Hampden,Palmer,2022,5-Year-Estimates,Economic,"Households with Income between $100,000 to $149,999",CEN_HHINC_100000-149999,657
Municipality,MA,Hampden,Palmer,2022,5-Year-Estimates,Economic,"Households with Income between $150,000 to $199,999",CEN_HHINC_150000-199999,530
Municipality,MA,Hampden,Palmer,2022,5-Year-Estimates,Economic,"Households with Income between $200,000 or more",CEN_HHINC_200000_PLUS,438
Municipality,MA,Hampden,Palmer,2022,5-Year-Estimates,Economic,"Households with Income Less than $10,000",CEN_HHINC_0-9999,300
Municipality,MA,Hampden,Palmer,2022,5-Year-Estimates,Economic,Households with Retirement Income,CEN_RETINC,"1,618.00"
Municipality,MA,Hampden,Palmer,2022,5-Year-Estimates,Economic,Households with Social Security Income,CEN_SOCSECINC,"1,646.00"
Municipality,MA,Hampden,Palmer,2022,5-Year-Estimates,Economic,Income Under 200% of Poverty Line,CENPOV200,0.22
Municipality,MA,Hampden,Palmer,2022,5-Year-Estimates,Economic,Median Family Income,CEN_MEDFAMINC,"108,125.00"
Municipality,MA,Hampden,Palmer,2022,5-Year-Estimates,Economic,Median Household Income,CEN_MEDHHINC,"73,568.00"
Municipality,MA,Hampden,Palmer,2022,5-Year-Estimates,Economic,Per Capita Income,CEN_PERCAPINC,"40,449.00"
Municipality,MA,Hampden,Palmer,2022,5-Year-Estimates,Economic,Percent of Employed Population in Poverty - Female,EMP_FEMALE_POV_PERC,0.03
Municipality,MA,Hampden,Palmer,2022,5-Year-Estimates,Economic,Percent of Employed Population in Poverty - Male,EMP_MALE_POV_PERC,0.04
Municipality,MA,Hampden,Palmer,2022,5-Year-Estimates,Economic,Percent of Families in Poverty,CEN_FAM_POV,0.05
Municipality,MA,Hampden,Palmer,2022,5-Year-Estimates,Economic,Percent of Unemployed Population in Poverty - Female,UNEMP_FEMALE_POV_PERC,0.67
Municipality,MA,Hampden,Palmer,2022,5-Year-Estimates,Economic,Percent of Unemployed Population in Poverty - Male,UNEMP_MALE_POV_PERC,0.95
Municipality,MA,Hampden,Palmer,2022,5-Year-Estimates,Economic,Population Living below Poverty,CEN_POOR,233
Municipality,MA,Hampden,Palmer,2022,5-Year-Estimates,Economic,Poverty Rate,CEN_POVRATE,0.04
Municipality,MA,Hampden,Palmer,2022,5-Year-Estimates,Economic,Poverty Rate of Foreign Born,CEN_POV_FOR_BORN,0
Municipality,MA,Hampden,Palmer,2022,5-Year-Estimates,Economic,Poverty Rate of Foreign Born Naturalized Citizens,CEN_POV_FOR_BORN_NAT,0
Municipality,MA,Hampden,Palmer,2022,5-Year-Estimates,Economic,Poverty Rate of Foreign Born Non-Citizens,CEN_POV_FOR_BORN_NON_CIT,0
Municipality,MA,Hampden,Palmer,2022,5-Year-Estimates,Economic,Poverty Status Determined Population,CEN_POVTOTALPOP,"12,346.00"
Municipality,MA,Hampden,Palmer,2022,5-Year-Estimates,Economic,Self Employment Income-Household,CEN_SELFEMPINC,438
Municipality,MA,Hampden,Palmer,2022,5-Year-Estimates,Economic,Total population counted for unemployment by sex - Female,UNEMP_FEMALE,276
Municipality,MA,Hampden,Palmer,2022,5-Year-Estimates,Economic,Total population counted for unemployment by sex - Male,UNEMP_MALE,274
Municipality,MA,Hampden,Palmer,2022,5-Year-Estimates,Economic,Unemployment by sex and below the poverty line - Female,UNEMP_FEMALE_POV,92
Municipality,MA,Hampden,Palmer,2022,5-Year-Estimates,Economic,Unemployment by sex and below the poverty line - Male,UNEMP_MALE_POV,130
Municipality,MA,Hampden,Russell,2022,5-Year-Estimates,Demographics,Population Total,CEN_POP,"1,339.00"
Municipality,MA,Hampden,Russell,2022,5-Year-Estimates,Demographics,White Population,CEN_WHITE,"1,250.00"
Municipality,MA,Hampden,Russell,2022,5-Year-Estimates,Demographics,Hispanic or Latino Population (of any race),CEN_HISPANIC,58
Municipality,MA,Hampden,Russell,2022,5-Year-Estimates,Demographics,Black Population,CEN_BLACK,30
Municipality,MA,Hampden,Russell,2022,5-Year-Estimates,Demographics,Other Races Population,CEN_OTHRACE,8
Municipality,MA,Hampden,Russell,2022,5-Year-Estimates,Demographics,Asian Population,CEN_ASIAN,1
Municipality,MA,Hampden,Russell,2022,5-Year-Estimates,Demographics,Age-3 to 4 Years Old,3_4_YEARS,17
Municipality,MA,Hampden,Russell,2022,5-Year-Estimates,Demographics,Age-5 Years Old,5_YEARS,10
Municipality,MA,Hampden,Russell,2022,5-Year-Estimates,Demographics,Age-6 to 8 Years Old,6_8_YEARS,22
Municipality,MA,Hampden,Russell,2022,5-Year-Estimates,Demographics,Age-9 to 11 Years Old,9_11_YEARS,56
Municipality,MA,Hampden,Russell,2022,5-Year-Estimates,Demographics,Age-12 to 14 Years Old,12_14_YEARS,15
Municipality,MA,Hampden,Russell,2022,5-Year-Estimates,Demographics,Age-15 to 17 Years Old,15_17_YEARS,56
Municipality,MA,Hampden,Russell,2022,5-Year-Estimates,Demographics,Age-18 to 19 Years Old,18_19_YEARS,43
Municipality,MA,Hampden,Russell,2022,5-Year-Estimates,Demographics,Age-20 to 24 Years Old,20_24_YEARS,124
Municipality,MA,Hampden,Russell,2022,5-Year-Estimates,Demographics,Age-25 to 29 Years Old,25_29_YEARS,73
Municipality,MA,Hampden,Russell,2022,5-Year-Estimates,Demographics,Age-30 to 34 Years Old,30_34_YEARS,85
Municipality,MA,Hampden,Russell,2022,5-Year-Estimates,Demographics,Age-35 to 39 Years Old,35_39_YEARS,103
Municipality,MA,Hampden,Russell,2022,5-Year-Estimates,Demographics,Age-40 to 44 Years Old,40_44_YEARS,31
Municipality,MA,Hampden,Russell,2022,5-Year-Estimates,Demographics,Age-45 to 49 Years Old,45_49_YEARS,99
Municipality,MA,Hampden,Russell,2022,5-Year-Estimates,Demographics,Age-50 to 54 Years Old,50_54_YEARS,95
Municipality,MA,Hampden,Russell,2022,5-Year-Estimates,Demographics,Age-55 to 59 Years Old,55_59_YEARS,163
Municipality,MA,Hampden,Russell,2022,5-Year-Estimates,Demographics,Age-60 to 64 Years Old,60_64_YEARS,127
Municipality,MA,Hampden,Russell,2022,5-Year-Estimates,Demographics,Age-65 to 69 Years Old,65_69_YEARS,85
Municipality,MA,Hampden,Russell,2022,5-Year-Estimates,Demographics,Age-70 to 74 Years Old,70_74_YEARS,79
Municipality,MA,Hampden,Russell,2022,5-Year-Estimates,Demographics,Age-75 to 79 Years Old,75_79_YEARS,16
Municipality,MA,Hampden,Russell,2022,5-Year-Estimates,Demographics,Age-80 to 84 Years Old,80_84_YEARS,19
Municipality,MA,Hampden,Russell,2022,5-Year-Estimates,Demographics,Age-85 & older,85+_YEARS,5
Municipality,MA,Hampden,Russell,2022,5-Year-Estimates,Demographics,Age-Under 3 Years Old,UNDER_3_YEARS,16
Municipality,MA,Hampden,Russell,2022,5-Year-Estimates,Demographics,Households-Married Couples,CEN_MARRHOU,311
Municipality,MA,Hampden,Russell,2022,5-Year-Estimates,Demographics,Households-Single Parent,CEN_SINGPARHOU,33
Municipality,MA,Hampden,Russell,2022,5-Year-Estimates,Demographics,Households-Total,CEN_HOUSEHOLDS,559
Municipality,MA,Hampden,Russell,2022,5-Year-Estimates,Demographics,Net Domestic Migration,CEN_NET_DOM_MIGR,0
Municipality,MA,Hampden,Russell,2022,5-Year-Estimates,Demographics,Percent Elderly with Car Access,CAR_AGE_HOUSEHOLDER,0.98
Municipality,MA,Hampden,Russell,2022,5-Year-Estimates,Demographics,Percent Grandparents Who Are Primary Caregiver,GRAND_CAREGIVER,0
Municipality,MA,Hampden,Russell,2022,5-Year-Estimates,Demographics,Percent of Elderly Below Poverty Line,ELDERLY_POV,0.01
Municipality,MA,Hampden,Russell,2022,5-Year-Estimates,Demographics,Percent of Elderly who Live Alone,ELDERLY_LIVEALONE,0.26
Municipality,MA,Hampden,Russell,2022,5-Year-Estimates,Demographics,Percent of Population Who are Not White,MINORITY_PERCENT,0.07
Municipality,MA,Hampden,Russell,2022,5-Year-Estimates,Demographics,Population 5+,CEN_POP_O4,"1,306.00"
Municipality,MA,Hampden,Russell,2022,5-Year-Estimates,Demographics,Population 25+,CEN_POP_O24,980
Municipality,MA,Hampden,Russell,2022,5-Year-Estimates,Demographics,Population 65+,CEN_POP_O64,204
Municipality,MA,Hampden,Russell,2022,5-Year-Estimates,Demographics,Population Living in Rural Areas,CEN_RURALPOP,0
Municipality,MA,Hampden,Russell,2022,5-Year-Estimates,Demographics,Population living in the same county as five years ago,CEN_SAMECOUNTY,0
Municipality,MA,Hampden,Russell,2022,5-Year-Estimates,Demographics,Population living in the same house as five years ago,CEN_SAMEHOUSE,0
Municipality,MA,Hampden,Russell,2022,5-Year-Estimates,Demographics,Population Living in Urban Areas,CEN_URBANPOP,0
Municipality,MA,Hampden,Russell,2022,5-Year-Estimates,Demographics,Population Under 18,CEN_POP_U18,192
Municipality,MA,Hampden,Russell,2022,5-Year-Estimates,Demographics,Population-Foreign Born,CEN_FORBORN,41
Municipality,MA,Hampden,Russell,2022,5-Year-Estimates,Demographics,Single Parent Families,CEN_SINGPAR_CHILD,0
Municipality,MA,Hampden,Russell,2022,5-Year-Estimates,Demographics,Speak an Asian Language at Home,CEN_ASIANLANG,0
Municipality,MA,Hampden,Russell,2022,5-Year-Estimates,Demographics,Speak Only English at Home,CEN_ENGLISH,"1,224.00"
Municipality,MA,Hampden,Russell,2022,5-Year-Estimates,Demographics,Speak Other Language at Home,CEN_OTHLANG,0
Municipality,MA,Hampden,Russell,2022,5-Year-Estimates,Demographics,Speak Spanish at Home,CEN_SPANISH,29
Municipality,MA,Hampden,Russell,2022,5-Year-Estimates,Demographics,"Two or More Races, Not Hispanic or Latino",CEN_TWO_MORE_NOT_HISP,50
Municipality,MA,Hampden,Russell,2022,5-Year-Estimates,Economic,"% Households with Income between $10,000 to $14,999",CEN_PERC_HHINC_10000-14999,0.01
Municipality,MA,Hampden,Russell,2022,5-Year-Estimates,Economic,"% Households with Income between $15,000 to $24,999",CEN_PERC_HHINC_15000-24999,0.03
Municipality,MA,Hampden,Russell,2022,5-Year-Estimates,Economic,"%  Households with Income between $25,000 to $34,999",CEN_PERC_HHINC_25000-34999,0.01
Municipality,MA,Hampden,Russell,2022,5-Year-Estimates,Economic,"%  Households with Income between $35,000 to $49,999",CEN_PERC_HHINC_35000-49999,0.07
Municipality,MA,Hampden,Russell,2022,5-Year-Estimates,Economic,"% of  Households with Income between $50,000 to $74,999",CEN_PERC_HHINC_50000-74999,0.18
Municipality,MA,Hampden,Russell,2022,5-Year-Estimates,Economic,"% of  Households with Income between $75,000 to $99,999",CEN_PERC_HHINC_75000-99999,0.16
Municipality,MA,Hampden,Russell,2022,5-Year-Estimates,Economic,"% of  Households with Income between $100,000 to $149,999",CEN_PERC_HHINC_100000-149999,0.32
Municipality,MA,Hampden,Russell,2022,5-Year-Estimates,Economic,"%  of Households with Income between $150,000 to $199,999",CEN_PERC_HHINC_150000-199999,0.1
Municipality,MA,Hampden,Russell,2022,5-Year-Estimates,Economic,"% of  Households with Income between $200,000 or more",CEN_PERC_HHINC_200000_PLUS,0.12
Municipality,MA,Hampden,Russell,2022,5-Year-Estimates,Economic,"% of Households with Income Less than $10,000",CEN_PERC_HHINC_0-9999,0
Municipality,MA,Hampden,Russell,2022,5-Year-Estimates,Economic,Child Poverty Rate,CEN_CHILD_POV,0.12
Municipality,MA,Hampden,Russell,2022,5-Year-Estimates,Economic,Employment by sex - Female Total,EMP_FEMALE,604
Municipality,MA,Hampden,Russell,2022,5-Year-Estimates,Economic,Employment by sex - Male Total,EMP_MALE,798
Municipality,MA,Hampden,Russell,2022,5-Year-Estimates,Economic,Employment by sex and below the poverty line - Total,UNEMP_TOT_POV,0
Municipality,MA,Hampden,Russell,2022,5-Year-Estimates,Economic,Employment by sex and below the poverty line - Total Percentage,UNEMP_TOT_POV_PERC,0
Municipality,MA,Hampden,Russell,2022,5-Year-Estimates,Economic,Employment by sex and in poverty - Female,EMP_FEMALE_POV,0
Municipality,MA,Hampden,Russell,2022,5-Year-Estimates,Economic,Employment by sex and in poverty - Male,EMP_MALE_POV,14
Municipality,MA,Hampden,Russell,2022,5-Year-Estimates,Economic,Employment by sex and in poverty - Total,EMP_TOT_POV,14
Municipality,MA,Hampden,Russell,2022,5-Year-Estimates,Economic,Employment by sex and in poverty - Total Percentage,EMP_TOT_POV_PERC,0.02
Municipality,MA,Hampden,Russell,2022,5-Year-Estimates,Economic,Family Economic Self Sufficiency,CEN_FAMECON_SELF,0
Municipality,MA,Hampden,Russell,2022,5-Year-Estimates,Economic,Gini Coefficient (Income Inequality),CEN_INCOME_INEQ,0.33
Municipality,MA,Hampden,Russell,2022,5-Year-Estimates,Economic,"Households with Income between $10,000 to $14,999",CEN_HHINC_10000-14999,7
Municipality,MA,Hampden,Russell,2022,5-Year-Estimates,Economic,"Households with Income between $15,000 to $24,999",CEN_HHINC_15000-24999,15
Municipality,MA,Hampden,Russell,2022,5-Year-Estimates,Economic,"Households with Income between $25,000 to $34,999",CEN_HHINC_25000-34999,6
Municipality,MA,Hampden,Russell,2022,5-Year-Estimates,Economic,"Households with Income between $35,000 to $49,999",CEN_HHINC_35000-49999,38
Municipality,MA,Hampden,Russell,2022,5-Year-Estimates,Economic,"Households with Income between $50,000 to $74,999",CEN_HHINC_50000-74999,101
Municipality,MA,Hampden,Russell,2022,5-Year-Estimates,Economic,"Households with Income between $75,000 to $99,999",CEN_HHINC_75000-99999,89
Municipality,MA,Hampden,Russell,2022,5-Year-Estimates,Economic,"Households with Income between $100,000 to $149,999",CEN_HHINC_100000-149999,181
Municipality,MA,Hampden,Russell,2022,5-Year-Estimates,Economic,"Households with Income between $150,000 to $199,999",CEN_HHINC_150000-199999,53
Municipality,MA,Hampden,Russell,2022,5-Year-Estimates,Economic,"Households with Income between $200,000 or more",CEN_HHINC_200000_PLUS,69
Municipality,MA,Hampden,Russell,2022,5-Year-Estimates,Economic,"Households with Income Less than $10,000",CEN_HHINC_0-9999,0
Municipality,MA,Hampden,Russell,2022,5-Year-Estimates,Economic,Households with Retirement Income,CEN_RETINC,165
Municipality,MA,Hampden,Russell,2022,5-Year-Estimates,Economic,Households with Social Security Income,CEN_SOCSECINC,131
Municipality,MA,Hampden,Russell,2022,5-Year-Estimates,Economic,Income Under 200% of Poverty Line,CENPOV200,0.12
Municipality,MA,Hampden,Russell,2022,5-Year-Estimates,Economic,Median Family Income,CEN_MEDFAMINC,"139,063.00"
Municipality,MA,Hampden,Russell,2022,5-Year-Estimates,Economic,Median Household Income,CEN_MEDHHINC,"102,969.00"
Municipality,MA,Hampden,Russell,2022,5-Year-Estimates,Economic,Per Capita Income,CEN_PERCAPINC,"46,813.00"
Municipality,MA,Hampden,Russell,2022,5-Year-Estimates,Economic,Percent of Employed Population in Poverty - Female,EMP_FEMALE_POV_PERC,0
Municipality,MA,Hampden,Russell,2022,5-Year-Estimates,Economic,Percent of Employed Population in Poverty - Male,EMP_MALE_POV_PERC,0.04
Municipality,MA,Hampden,Russell,2022,5-Year-Estimates,Economic,Percent of Families in Poverty,CEN_FAM_POV,0.06
Municipality,MA,Hampden,Russell,2022,5-Year-Estimates,Economic,Percent of Unemployed Population in Poverty - Female,UNEMP_FEMALE_POV_PERC,0
Municipality,MA,Hampden,Russell,2022,5-Year-Estimates,Economic,Population Living below Poverty,CEN_POOR,7
Municipality,MA,Hampden,Russell,2022,5-Year-Estimates,Economic,Poverty Rate,CEN_POVRATE,0.01
Municipality,MA,Hampden,Russell,2022,5-Year-Estimates,Economic,Poverty Rate of Foreign Born,CEN_POV_FOR_BORN,0
Municipality,MA,Hampden,Russell,2022,5-Year-Estimates,Economic,Poverty Rate of Foreign Born Naturalized Citizens,CEN_POV_FOR_BORN_NAT,0
Municipality,MA,Hampden,Russell,2022,5-Year-Estimates,Economic,Poverty Rate of Foreign Born Non-Citizens,CEN_POV_FOR_BORN_NON_CIT,0
Municipality,MA,Hampden,Russell,2022,5-Year-Estimates,Economic,Poverty Status Determined Population,CEN_POVTOTALPOP,"1,328.00"
Municipality,MA,Hampden,Russell,2022,5-Year-Estimates,Economic,Self Employment Income-Household,CEN_SELFEMPINC,29
Municipality,MA,Hampden,Russell,2022,5-Year-Estimates,Economic,Total population counted for unemployment by sex - Female,UNEMP_FEMALE,22
Municipality,MA,Hampden,Russell,2022,5-Year-Estimates,Economic,Total population counted for unemployment by sex - Male,UNEMP_MALE,0
Municipality,MA,Hampden,Russell,2022,5-Year-Estimates,Economic,Unemployment by sex and below the poverty line - Female,UNEMP_FEMALE_POV,0
Municipality,MA,Hampden,Russell,2022,5-Year-Estimates,Economic,Unemployment by sex and below the poverty line - Male,UNEMP_MALE_POV,0
Municipality,MA,Hampden,Southwick,2022,5-Year-Estimates,Demographics,Population Total,CEN_POP,"9,244.00"
Municipality,MA,Hampden,Southwick,2022,5-Year-Estimates,Demographics,White Population,CEN_WHITE,"8,607.00"
Municipality,MA,Hampden,Southwick,2022,5-Year-Estimates,Demographics,Hispanic or Latino Population (of any race),CEN_HISPANIC,573
Municipality,MA,Hampden,Southwick,2022,5-Year-Estimates,Demographics,Black Population,CEN_BLACK,22
Municipality,MA,Hampden,Southwick,2022,5-Year-Estimates,Demographics,Other Races Population,CEN_OTHRACE,188
Municipality,MA,Hampden,Southwick,2022,5-Year-Estimates,Demographics,Asian Population,CEN_ASIAN,105
Municipality,MA,Hampden,Southwick,2022,5-Year-Estimates,Demographics,Age-3 to 4 Years Old,3_4_YEARS,55
Municipality,MA,Hampden,Southwick,2022,5-Year-Estimates,Demographics,Age-5 Years Old,5_YEARS,32
Municipality,MA,Hampden,Southwick,2022,5-Year-Estimates,Demographics,Age-6 to 8 Years Old,6_8_YEARS,293
Municipality,MA,Hampden,Southwick,2022,5-Year-Estimates,Demographics,Age-9 to 11 Years Old,9_11_YEARS,332
Municipality,MA,Hampden,Southwick,2022,5-Year-Estimates,Demographics,Age-12 to 14 Years Old,12_14_YEARS,382
Municipality,MA,Hampden,Southwick,2022,5-Year-Estimates,Demographics,Age-15 to 17 Years Old,15_17_YEARS,348
Municipality,MA,Hampden,Southwick,2022,5-Year-Estimates,Demographics,Age-18 to 19 Years Old,18_19_YEARS,150
Municipality,MA,Hampden,Southwick,2022,5-Year-Estimates,Demographics,Age-20 to 24 Years Old,20_24_YEARS,613
Municipality,MA,Hampden,Southwick,2022,5-Year-Estimates,Demographics,Age-25 to 29 Years Old,25_29_YEARS,266
Municipality,MA,Hampden,Southwick,2022,5-Year-Estimates,Demographics,Age-30 to 34 Years Old,30_34_YEARS,305
Municipality,MA,Hampden,Southwick,2022,5-Year-Estimates,Demographics,Age-35 to 39 Years Old,35_39_YEARS,670
Municipality,MA,Hampden,Southwick,2022,5-Year-Estimates,Demographics,Age-40 to 44 Years Old,40_44_YEARS,668
Municipality,MA,Hampden,Southwick,2022,5-Year-Estimates,Demographics,Age-45 to 49 Years Old,45_49_YEARS,645
Municipality,MA,Hampden,Southwick,2022,5-Year-Estimates,Demographics,Age-50 to 54 Years Old,50_54_YEARS,"1,006.00"
Municipality,MA,Hampden,Southwick,2022,5-Year-Estimates,Demographics,Age-55 to 59 Years Old,55_59_YEARS,617
Municipality,MA,Hampden,Southwick,2022,5-Year-Estimates,Demographics,Age-60 to 64 Years Old,60_64_YEARS,627
Municipality,MA,Hampden,Southwick,2022,5-Year-Estimates,Demographics,Age-65 to 69 Years Old,65_69_YEARS,700
Municipality,MA,Hampden,Southwick,2022,5-Year-Estimates,Demographics,Age-70 to 74 Years Old,70_74_YEARS,635
Municipality,MA,Hampden,Southwick,2022,5-Year-Estimates,Demographics,Age-75 to 79 Years Old,75_79_YEARS,349
Municipality,MA,Hampden,Southwick,2022,5-Year-Estimates,Demographics,Age-80 to 84 Years Old,80_84_YEARS,155
Municipality,MA,Hampden,Southwick,2022,5-Year-Estimates,Demographics,Age-85 & older,85+_YEARS,183
Municipality,MA,Hampden,Southwick,2022,5-Year-Estimates,Demographics,Age-Under 3 Years Old,UNDER_3_YEARS,213
Municipality,MA,Hampden,Southwick,2022,5-Year-Estimates,Demographics,Households-Married Couples,CEN_MARRHOU,"2,171.00"
Municipality,MA,Hampden,Southwick,2022,5-Year-Estimates,Demographics,Households-Single Parent,CEN_SINGPARHOU,202
Municipality,MA,Hampden,Southwick,2022,5-Year-Estimates,Demographics,Households-Total,CEN_HOUSEHOLDS,"3,691.00"
Municipality,MA,Hampden,Southwick,2022,5-Year-Estimates,Demographics,Net Domestic Migration,CEN_NET_DOM_MIGR,0
Municipality,MA,Hampden,Southwick,2022,5-Year-Estimates,Demographics,Percent Elderly with Car Access,CAR_AGE_HOUSEHOLDER,0.97
Municipality,MA,Hampden,Southwick,2022,5-Year-Estimates,Demographics,Percent Grandparents Who Are Primary Caregiver,GRAND_CAREGIVER,0.34
Municipality,MA,Hampden,Southwick,2022,5-Year-Estimates,Demographics,Percent of Elderly Below Poverty Line,ELDERLY_POV,0.03
Municipality,MA,Hampden,Southwick,2022,5-Year-Estimates,Demographics,Percent of Elderly who Live Alone,ELDERLY_LIVEALONE,0.3
Municipality,MA,Hampden,Southwick,2022,5-Year-Estimates,Demographics,Percent of Population Who are Not White,MINORITY_PERCENT,0.07
Municipality,MA,Hampden,Southwick,2022,5-Year-Estimates,Demographics,Population 5+,CEN_POP_O4,"8,976.00"
Municipality,MA,Hampden,Southwick,2022,5-Year-Estimates,Demographics,Population 25+,CEN_POP_O24,"6,826.00"
Municipality,MA,Hampden,Southwick,2022,5-Year-Estimates,Demographics,Population 65+,CEN_POP_O64,"2,022.00"
Municipality,MA,Hampden,Southwick,2022,5-Year-Estimates,Demographics,Population Living in Rural Areas,CEN_RURALPOP,0
Municipality,MA,Hampden,Southwick,2022,5-Year-Estimates,Demographics,Population living in the same county as five years ago,CEN_SAMECOUNTY,0
Municipality,MA,Hampden,Southwick,2022,5-Year-Estimates,Demographics,Population living in the same house as five years ago,CEN_SAMEHOUSE,0
Municipality,MA,Hampden,Southwick,2022,5-Year-Estimates,Demographics,Population Living in Urban Areas,CEN_URBANPOP,0
Municipality,MA,Hampden,Southwick,2022,5-Year-Estimates,Demographics,Population Under 18,CEN_POP_U18,"1,655.00"
Municipality,MA,Hampden,Southwick,2022,5-Year-Estimates,Demographics,Population-Foreign Born,CEN_FORBORN,278
Municipality,MA,Hampden,Southwick,2022,5-Year-Estimates,Demographics,Single Parent Families,CEN_SINGPAR_CHILD,0
Municipality,MA,Hampden,Southwick,2022,5-Year-Estimates,Demographics,Speak an Asian Language at Home,CEN_ASIANLANG,162
Municipality,MA,Hampden,Southwick,2022,5-Year-Estimates,Demographics,Speak Only English at Home,CEN_ENGLISH,"8,410.00"
Municipality,MA,Hampden,Southwick,2022,5-Year-Estimates,Demographics,Speak Other Language at Home,CEN_OTHLANG,0
Municipality,MA,Hampden,Southwick,2022,5-Year-Estimates,Demographics,Speak Spanish at Home,CEN_SPANISH,170
Municipality,MA,Hampden,Southwick,2022,5-Year-Estimates,Demographics,"Two or More Races, Not Hispanic or Latino",CEN_TWO_MORE_NOT_HISP,282
Municipality,MA,Hampden,Southwick,2022,5-Year-Estimates,Economic,"% Households with Income between $10,000 to $14,999",CEN_PERC_HHINC_10000-14999,0.01
Municipality,MA,Hampden,Southwick,2022,5-Year-Estimates,Economic,"% Households with Income between $15,000 to $24,999",CEN_PERC_HHINC_15000-24999,0.05
Municipality,MA,Hampden,Southwick,2022,5-Year-Estimates,Economic,"%  Households with Income between $25,000 to $34,999",CEN_PERC_HHINC_25000-34999,0.06
Municipality,MA,Hampden,Southwick,2022,5-Year-Estimates,Economic,"%  Households with Income between $35,000 to $49,999",CEN_PERC_HHINC_35000-49999,0.11
Municipality,MA,Hampden,Southwick,2022,5-Year-Estimates,Economic,"% of  Households with Income between $50,000 to $74,999",CEN_PERC_HHINC_50000-74999,0.15
Municipality,MA,Hampden,Southwick,2022,5-Year-Estimates,Economic,"% of  Households with Income between $75,000 to $99,999",CEN_PERC_HHINC_75000-99999,0.09
Municipality,MA,Hampden,Southwick,2022,5-Year-Estimates,Economic,"% of  Households with Income between $100,000 to $149,999",CEN_PERC_HHINC_100000-149999,0.22
Municipality,MA,Hampden,Southwick,2022,5-Year-Estimates,Economic,"%  of Households with Income between $150,000 to $199,999",CEN_PERC_HHINC_150000-199999,0.14
Municipality,MA,Hampden,Southwick,2022,5-Year-Estimates,Economic,"% of  Households with Income between $200,000 or more",CEN_PERC_HHINC_200000_PLUS,0.15
Municipality,MA,Hampden,Southwick,2022,5-Year-Estimates,Economic,"% of Households with Income Less than $10,000",CEN_PERC_HHINC_0-9999,0.02
Municipality,MA,Hampden,Southwick,2022,5-Year-Estimates,Economic,Child Poverty Rate,CEN_CHILD_POV,0.03
Municipality,MA,Hampden,Southwick,2022,5-Year-Estimates,Economic,Employment by sex - Female Total,EMP_FEMALE,"4,560.00"
Municipality,MA,Hampden,Southwick,2022,5-Year-Estimates,Economic,Employment by sex - Male Total,EMP_MALE,"5,344.00"
Municipality,MA,Hampden,Southwick,2022,5-Year-Estimates,Economic,Employment by sex and below the poverty line - Total,UNEMP_TOT_POV,52
Municipality,MA,Hampden,Southwick,2022,5-Year-Estimates,Economic,Employment by sex and below the poverty line - Total Percentage,UNEMP_TOT_POV_PERC,0.32
Municipality,MA,Hampden,Southwick,2022,5-Year-Estimates,Economic,Employment by sex and in poverty - Female,EMP_FEMALE_POV,242
Municipality,MA,Hampden,Southwick,2022,5-Year-Estimates,Economic,Employment by sex and in poverty - Male,EMP_MALE_POV,22
Municipality,MA,Hampden,Southwick,2022,5-Year-Estimates,Economic,Employment by sex and in poverty - Total,EMP_TOT_POV,264
Municipality,MA,Hampden,Southwick,2022,5-Year-Estimates,Economic,Employment by sex and in poverty - Total Percentage,EMP_TOT_POV_PERC,0.05
Municipality,MA,Hampden,Southwick,2022,5-Year-Estimates,Economic,Family Economic Self Sufficiency,CEN_FAMECON_SELF,0
Municipality,MA,Hampden,Southwick,2022,5-Year-Estimates,Economic,Gini Coefficient (Income Inequality),CEN_INCOME_INEQ,0.4
Municipality,MA,Hampden,Southwick,2022,5-Year-Estimates,Economic,"Households with Income between $10,000 to $14,999",CEN_HHINC_10000-14999,37
Municipality,MA,Hampden,Southwick,2022,5-Year-Estimates,Economic,"Households with Income between $15,000 to $24,999",CEN_HHINC_15000-24999,199
Municipality,MA,Hampden,Southwick,2022,5-Year-Estimates,Economic,"Households with Income between $25,000 to $34,999",CEN_HHINC_25000-34999,210
Municipality,MA,Hampden,Southwick,2022,5-Year-Estimates,Economic,"Households with Income between $35,000 to $49,999",CEN_HHINC_35000-49999,409
Municipality,MA,Hampden,Southwick,2022,5-Year-Estimates,Economic,"Households with Income between $50,000 to $74,999",CEN_HHINC_50000-74999,548
Municipality,MA,Hampden,Southwick,2022,5-Year-Estimates,Economic,"Households with Income between $75,000 to $99,999",CEN_HHINC_75000-99999,321
Municipality,MA,Hampden,Southwick,2022,5-Year-Estimates,Economic,"Households with Income between $100,000 to $149,999",CEN_HHINC_100000-149999,815
Municipality,MA,Hampden,Southwick,2022,5-Year-Estimates,Economic,"Households with Income between $150,000 to $199,999",CEN_HHINC_150000-199999,528
Municipality,MA,Hampden,Southwick,2022,5-Year-Estimates,Economic,"Households with Income between $200,000 or more",CEN_HHINC_200000_PLUS,565
Municipality,MA,Hampden,Southwick,2022,5-Year-Estimates,Economic,"Households with Income Less than $10,000",CEN_HHINC_0-9999,59
Municipality,MA,Hampden,Southwick,2022,5-Year-Estimates,Economic,Households with Retirement Income,CEN_RETINC,"1,105.00"
Municipality,MA,Hampden,Southwick,2022,5-Year-Estimates,Economic,Households with Social Security Income,CEN_SOCSECINC,"1,377.00"
Municipality,MA,Hampden,Southwick,2022,5-Year-Estimates,Economic,Income Under 200% of Poverty Line,CENPOV200,0.13
Municipality,MA,Hampden,Southwick,2022,5-Year-Estimates,Economic,Median Family Income,CEN_MEDFAMINC,"103,068.00"
Municipality,MA,Hampden,Southwick,2022,5-Year-Estimates,Economic,Median Household Income,CEN_MEDHHINC,"106,779.00"
Municipality,MA,Hampden,Southwick,2022,5-Year-Estimates,Economic,Per Capita Income,CEN_PERCAPINC,"47,760.00"
Municipality,MA,Hampden,Southwick,2022,5-Year-Estimates,Economic,Percent of Employed Population in Poverty - Female,EMP_FEMALE_POV_PERC,0.11
Municipality,MA,Hampden,Southwick,2022,5-Year-Estimates,Economic,Percent of Employed Population in Poverty - Male,EMP_MALE_POV_PERC,0.01
Municipality,MA,Hampden,Southwick,2022,5-Year-Estimates,Economic,Percent of Families in Poverty,CEN_FAM_POV,0.02
Municipality,MA,Hampden,Southwick,2022,5-Year-Estimates,Economic,Percent of Unemployed Population in Poverty - Female,UNEMP_FEMALE_POV_PERC,0
Municipality,MA,Hampden,Southwick,2022,5-Year-Estimates,Economic,Percent of Unemployed Population in Poverty - Male,UNEMP_MALE_POV_PERC,0.57
Municipality,MA,Hampden,Southwick,2022,5-Year-Estimates,Economic,Population Living below Poverty,CEN_POOR,158
Municipality,MA,Hampden,Southwick,2022,5-Year-Estimates,Economic,Poverty Rate,CEN_POVRATE,0.03
Municipality,MA,Hampden,Southwick,2022,5-Year-Estimates,Economic,Poverty Rate of Foreign Born,CEN_POV_FOR_BORN,0
Municipality,MA,Hampden,Southwick,2022,5-Year-Estimates,Economic,Poverty Rate of Foreign Born Naturalized Citizens,CEN_POV_FOR_BORN_NAT,0
Municipality,MA,Hampden,Southwick,2022,5-Year-Estimates,Economic,Poverty Rate of Foreign Born Non-Citizens,CEN_POV_FOR_BORN_NON_CIT,0
Municipality,MA,Hampden,Southwick,2022,5-Year-Estimates,Economic,Poverty Status Determined Population,CEN_POVTOTALPOP,"9,222.00"
Municipality,MA,Hampden,Southwick,2022,5-Year-Estimates,Economic,Self Employment Income-Household,CEN_SELFEMPINC,524
Municipality,MA,Hampden,Southwick,2022,5-Year-Estimates,Economic,Total population counted for unemployment by sex - Female,UNEMP_FEMALE,142
Municipality,MA,Hampden,Southwick,2022,5-Year-Estimates,Economic,Total population counted for unemployment by sex - Male,UNEMP_MALE,182
Municipality,MA,Hampden,Southwick,2022,5-Year-Estimates,Economic,Unemployment by sex and below the poverty line - Female,UNEMP_FEMALE_POV,0
Municipality,MA,Hampden,Southwick,2022,5-Year-Estimates,Economic,Unemployment by sex and below the poverty line - Male,UNEMP_MALE_POV,52
Municipality,MA,Hampden,Springfield,2022,5-Year-Estimates,Demographics,Population Total,CEN_POP,"155,305.00"
Municipality,MA,Hampden,Springfield,2022,5-Year-Estimates,Demographics,White Population,CEN_WHITE,"71,532.00"
Municipality,MA,Hampden,Springfield,2022,5-Year-Estimates,Demographics,Hispanic or Latino Population (of any race),CEN_HISPANIC,"75,008.00"
Municipality,MA,Hampden,Springfield,2022,5-Year-Estimates,Demographics,Black Population,CEN_BLACK,"31,874.00"
Municipality,MA,Hampden,Springfield,2022,5-Year-Estimates,Demographics,Other Races Population,CEN_OTHRACE,"18,048.00"
Municipality,MA,Hampden,Springfield,2022,5-Year-Estimates,Demographics,Asian Population,CEN_ASIAN,"4,471.00"
Municipality,MA,Hampden,Springfield,2022,5-Year-Estimates,Demographics,Age-3 to 4 Years Old,3_4_YEARS,"3,781.00"
Municipality,MA,Hampden,Springfield,2022,5-Year-Estimates,Demographics,Age-5 Years Old,5_YEARS,"2,069.00"
Municipality,MA,Hampden,Springfield,2022,5-Year-Estimates,Demographics,Age-6 to 8 Years Old,6_8_YEARS,"6,994.00"
Municipality,MA,Hampden,Springfield,2022,5-Year-Estimates,Demographics,Age-9 to 11 Years Old,9_11_YEARS,"6,129.00"
Municipality,MA,Hampden,Springfield,2022,5-Year-Estimates,Demographics,Age-12 to 14 Years Old,12_14_YEARS,"6,238.00"
Municipality,MA,Hampden,Springfield,2022,5-Year-Estimates,Demographics,Age-15 to 17 Years Old,15_17_YEARS,"5,879.00"
Municipality,MA,Hampden,Springfield,2022,5-Year-Estimates,Demographics,Age-18 to 19 Years Old,18_19_YEARS,"6,014.00"
Municipality,MA,Hampden,Springfield,2022,5-Year-Estimates,Demographics,Age-20 to 24 Years Old,20_24_YEARS,"13,793.00"
Municipality,MA,Hampden,Springfield,2022,5-Year-Estimates,Demographics,Age-25 to 29 Years Old,25_29_YEARS,"12,552.00"
Municipality,MA,Hampden,Springfield,2022,5-Year-Estimates,Demographics,Age-30 to 34 Years Old,30_34_YEARS,"11,020.00"
Municipality,MA,Hampden,Springfield,2022,5-Year-Estimates,Demographics,Age-35 to 39 Years Old,35_39_YEARS,"9,561.00"
Municipality,MA,Hampden,Springfield,2022,5-Year-Estimates,Demographics,Age-40 to 44 Years Old,40_44_YEARS,"8,835.00"
Municipality,MA,Hampden,Springfield,2022,5-Year-Estimates,Demographics,Age-45 to 49 Years Old,45_49_YEARS,"8,377.00"
Municipality,MA,Hampden,Springfield,2022,5-Year-Estimates,Demographics,Age-50 to 54 Years Old,50_54_YEARS,"8,921.00"
Municipality,MA,Hampden,Springfield,2022,5-Year-Estimates,Demographics,Age-55 to 59 Years Old,55_59_YEARS,"9,628.00"
Municipality,MA,Hampden,Springfield,2022,5-Year-Estimates,Demographics,Age-60 to 64 Years Old,60_64_YEARS,"8,432.00"
Municipality,MA,Hampden,Springfield,2022,5-Year-Estimates,Demographics,Age-65 to 69 Years Old,65_69_YEARS,"7,093.00"
Municipality,MA,Hampden,Springfield,2022,5-Year-Estimates,Demographics,Age-70 to 74 Years Old,70_74_YEARS,"5,138.00"
Municipality,MA,Hampden,Springfield,2022,5-Year-Estimates,Demographics,Age-75 to 79 Years Old,75_79_YEARS,"3,374.00"
Municipality,MA,Hampden,Springfield,2022,5-Year-Estimates,Demographics,Age-80 to 84 Years Old,80_84_YEARS,"2,045.00"
Municipality,MA,Hampden,Springfield,2022,5-Year-Estimates,Demographics,Age-85 & older,85+_YEARS,"2,592.00"
Municipality,MA,Hampden,Springfield,2022,5-Year-Estimates,Demographics,Age-Under 3 Years Old,UNDER_3_YEARS,"6,653.00"
Municipality,MA,Hampden,Springfield,2022,5-Year-Estimates,Demographics,Households-Married Couples,CEN_MARRHOU,"17,689.00"
Municipality,MA,Hampden,Springfield,2022,5-Year-Estimates,Demographics,Households-Single Parent,CEN_SINGPARHOU,"9,337.00"
Municipality,MA,Hampden,Springfield,2022,5-Year-Estimates,Demographics,Households-Total,CEN_HOUSEHOLDS,"58,448.00"
Municipality,MA,Hampden,Springfield,2022,5-Year-Estimates,Demographics,Net Domestic Migration,CEN_NET_DOM_MIGR,0
Municipality,MA,Hampden,Springfield,2022,5-Year-Estimates,Demographics,Percent Elderly with Car Access,CAR_AGE_HOUSEHOLDER,0.71
Municipality,MA,Hampden,Springfield,2022,5-Year-Estimates,Demographics,Percent Grandparents Who Are Primary Caregiver,GRAND_CAREGIVER,0.57
Municipality,MA,Hampden,Springfield,2022,5-Year-Estimates,Demographics,Percent of Elderly Below Poverty Line,ELDERLY_POV,0.2
Municipality,MA,Hampden,Springfield,2022,5-Year-Estimates,Demographics,Percent of Elderly who Live Alone,ELDERLY_LIVEALONE,0.35
Municipality,MA,Hampden,Springfield,2022,5-Year-Estimates,Demographics,Percent of Population Who are Not White,MINORITY_PERCENT,0.54
Municipality,MA,Hampden,Springfield,2022,5-Year-Estimates,Demographics,Population 5+,CEN_POP_O4,"144,684.00"
Municipality,MA,Hampden,Springfield,2022,5-Year-Estimates,Demographics,Population 25+,CEN_POP_O24,"97,568.00"
Municipality,MA,Hampden,Springfield,2022,5-Year-Estimates,Demographics,Population 65+,CEN_POP_O64,"20,242.00"
Municipality,MA,Hampden,Springfield,2022,5-Year-Estimates,Demographics,Population Living in Rural Areas,CEN_RURALPOP,0
Municipality,MA,Hampden,Springfield,2022,5-Year-Estimates,Demographics,Population living in the same county as five years ago,CEN_SAMECOUNTY,0
Municipality,MA,Hampden,Springfield,2022,5-Year-Estimates,Demographics,Population living in the same house as five years ago,CEN_SAMEHOUSE,0
Municipality,MA,Hampden,Springfield,2022,5-Year-Estimates,Demographics,Population Living in Urban Areas,CEN_URBANPOP,0
Municipality,MA,Hampden,Springfield,2022,5-Year-Estimates,Demographics,Population Under 18,CEN_POP_U18,"37,743.00"
Municipality,MA,Hampden,Springfield,2022,5-Year-Estimates,Demographics,Population-Foreign Born,CEN_FORBORN,"15,930.00"
Municipality,MA,Hampden,Springfield,2022,5-Year-Estimates,Demographics,Single Parent Families,CEN_SINGPAR_CHILD,0
Municipality,MA,Hampden,Springfield,2022,5-Year-Estimates,Demographics,Speak an Asian Language at Home,CEN_ASIANLANG,"2,437.00"
Municipality,MA,Hampden,Springfield,2022,5-Year-Estimates,Demographics,Speak Only English at Home,CEN_ENGLISH,"85,147.00"
Municipality,MA,Hampden,Springfield,2022,5-Year-Estimates,Demographics,Speak Other Language at Home,CEN_OTHLANG,"2,400.00"
Municipality,MA,Hampden,Springfield,2022,5-Year-Estimates,Demographics,Speak Spanish at Home,CEN_SPANISH,"51,438.00"
Municipality,MA,Hampden,Springfield,2022,5-Year-Estimates,Demographics,"Two or More Races, Not Hispanic or Latino",CEN_TWO_MORE_NOT_HISP,"28,732.00"
Municipality,MA,Hampden,Springfield,2022,5-Year-Estimates,Economic,"% Households with Income between $10,000 to $14,999",CEN_PERC_HHINC_10000-14999,0.1
Municipality,MA,Hampden,Springfield,2022,5-Year-Estimates,Economic,"% Households with Income between $15,000 to $24,999",CEN_PERC_HHINC_15000-24999,0.11
Municipality,MA,Hampden,Springfield,2022,5-Year-Estimates,Economic,"%  Households with Income between $25,000 to $34,999",CEN_PERC_HHINC_25000-34999,0.1
Municipality,MA,Hampden,Springfield,2022,5-Year-Estimates,Economic,"%  Households with Income between $35,000 to $49,999",CEN_PERC_HHINC_35000-49999,0.12
Municipality,MA,Hampden,Springfield,2022,5-Year-Estimates,Economic,"% of  Households with Income between $50,000 to $74,999",CEN_PERC_HHINC_50000-74999,0.16
Municipality,MA,Hampden,Springfield,2022,5-Year-Estimates,Economic,"% of  Households with Income between $75,000 to $99,999",CEN_PERC_HHINC_75000-99999,0.11
Municipality,MA,Hampden,Springfield,2022,5-Year-Estimates,Economic,"% of  Households with Income between $100,000 to $149,999",CEN_PERC_HHINC_100000-149999,0.14
Municipality,MA,Hampden,Springfield,2022,5-Year-Estimates,Economic,"%  of Households with Income between $150,000 to $199,999",CEN_PERC_HHINC_150000-199999,0.05
Municipality,MA,Hampden,Springfield,2022,5-Year-Estimates,Economic,"% of  Households with Income between $200,000 or more",CEN_PERC_HHINC_200000_PLUS,0.04
Municipality,MA,Hampden,Springfield,2022,5-Year-Estimates,Economic,"% of Households with Income Less than $10,000",CEN_PERC_HHINC_0-9999,0.09
Municipality,MA,Hampden,Springfield,2022,5-Year-Estimates,Economic,Child Poverty Rate,CEN_CHILD_POV,0.34
Municipality,MA,Hampden,Springfield,2022,5-Year-Estimates,Economic,Employment by sex - Female Total,EMP_FEMALE,"63,176.00"
Municipality,MA,Hampden,Springfield,2022,5-Year-Estimates,Economic,Employment by sex - Male Total,EMP_MALE,"62,008.00"
Municipality,MA,Hampden,Springfield,2022,5-Year-Estimates,Economic,Employment by sex and below the poverty line - Total,UNEMP_TOT_POV,"4,084.00"
Municipality,MA,Hampden,Springfield,2022,5-Year-Estimates,Economic,Employment by sex and below the poverty line - Total Percentage,UNEMP_TOT_POV_PERC,0.68
Municipality,MA,Hampden,Springfield,2022,5-Year-Estimates,Economic,Employment by sex and in poverty - Female,EMP_FEMALE_POV,"6,710.00"
Municipality,MA,Hampden,Springfield,2022,5-Year-Estimates,Economic,Employment by sex and in poverty - Male,EMP_MALE_POV,"4,520.00"
Municipality,MA,Hampden,Springfield,2022,5-Year-Estimates,Economic,Employment by sex and in poverty - Total,EMP_TOT_POV,"11,230.00"
Municipality,MA,Hampden,Springfield,2022,5-Year-Estimates,Economic,Employment by sex and in poverty - Total Percentage,EMP_TOT_POV_PERC,0.18
Municipality,MA,Hampden,Springfield,2022,5-Year-Estimates,Economic,Family Economic Self Sufficiency,CEN_FAMECON_SELF,0
Municipality,MA,Hampden,Springfield,2022,5-Year-Estimates,Economic,Gini Coefficient (Income Inequality),CEN_INCOME_INEQ,0.48
Municipality,MA,Hampden,Springfield,2022,5-Year-Estimates,Economic,"Households with Income between $10,000 to $14,999",CEN_HHINC_10000-14999,"5,861.00"
Municipality,MA,Hampden,Springfield,2022,5-Year-Estimates,Economic,"Households with Income between $15,000 to $24,999",CEN_HHINC_15000-24999,"6,435.00"
Municipality,MA,Hampden,Springfield,2022,5-Year-Estimates,Economic,"Households with Income between $25,000 to $34,999",CEN_HHINC_25000-34999,"5,624.00"
Municipality,MA,Hampden,Springfield,2022,5-Year-Estimates,Economic,"Households with Income between $35,000 to $49,999",CEN_HHINC_35000-49999,"7,021.00"
Municipality,MA,Hampden,Springfield,2022,5-Year-Estimates,Economic,"Households with Income between $50,000 to $74,999",CEN_HHINC_50000-74999,"9,420.00"
Municipality,MA,Hampden,Springfield,2022,5-Year-Estimates,Economic,"Households with Income between $75,000 to $99,999",CEN_HHINC_75000-99999,"6,117.00"
Municipality,MA,Hampden,Springfield,2022,5-Year-Estimates,Economic,"Households with Income between $100,000 to $149,999",CEN_HHINC_100000-149999,"7,888.00"
Municipality,MA,Hampden,Springfield,2022,5-Year-Estimates,Economic,"Households with Income between $150,000 to $199,999",CEN_HHINC_150000-199999,"2,612.00"
Municipality,MA,Hampden,Springfield,2022,5-Year-Estimates,Economic,"Households with Income between $200,000 or more",CEN_HHINC_200000_PLUS,"2,386.00"
Municipality,MA,Hampden,Springfield,2022,5-Year-Estimates,Economic,"Households with Income Less than $10,000",CEN_HHINC_0-9999,"5,084.00"
Municipality,MA,Hampden,Springfield,2022,5-Year-Estimates,Economic,Households with Retirement Income,CEN_RETINC,"9,483.00"
Municipality,MA,Hampden,Springfield,2022,5-Year-Estimates,Economic,Households with Social Security Income,CEN_SOCSECINC,"18,439.00"
Municipality,MA,Hampden,Springfield,2022,5-Year-Estimates,Economic,Income Under 200% of Poverty Line,CENPOV200,0.46
Municipality,MA,Hampden,Springfield,2022,5-Year-Estimates,Economic,Median Family Income,CEN_MEDFAMINC,"135,275.00"
Municipality,MA,Hampden,Springfield,2022,5-Year-Estimates,Economic,Median Household Income,CEN_MEDHHINC,"47,677.00"
Municipality,MA,Hampden,Springfield,2022,5-Year-Estimates,Economic,Per Capita Income,CEN_PERCAPINC,"25,669.00"
Municipality,MA,Hampden,Springfield,2022,5-Year-Estimates,Economic,Percent of Employed Population in Poverty - Female,EMP_FEMALE_POV_PERC,0.21
Municipality,MA,Hampden,Springfield,2022,5-Year-Estimates,Economic,Percent of Employed Population in Poverty - Male,EMP_MALE_POV_PERC,0.15
Municipality,MA,Hampden,Springfield,2022,5-Year-Estimates,Economic,Percent of Families in Poverty,CEN_FAM_POV,0.2
Municipality,MA,Hampden,Springfield,2022,5-Year-Estimates,Economic,Percent of Unemployed Population in Poverty - Female,UNEMP_FEMALE_POV_PERC,0.9
Municipality,MA,Hampden,Springfield,2022,5-Year-Estimates,Economic,Percent of Unemployed Population in Poverty - Male,UNEMP_MALE_POV_PERC,0.44
Municipality,MA,Hampden,Springfield,2022,5-Year-Estimates,Economic,Population Living below Poverty,CEN_POOR,"7,657.00"
Municipality,MA,Hampden,Springfield,2022,5-Year-Estimates,Economic,Poverty Rate,CEN_POVRATE,0.11
Municipality,MA,Hampden,Springfield,2022,5-Year-Estimates,Economic,Poverty Rate of Foreign Born,CEN_POV_FOR_BORN,0.02
Municipality,MA,Hampden,Springfield,2022,5-Year-Estimates,Economic,Poverty Rate of Foreign Born Naturalized Citizens,CEN_POV_FOR_BORN_NAT,0
Municipality,MA,Hampden,Springfield,2022,5-Year-Estimates,Economic,Poverty Rate of Foreign Born Non-Citizens,CEN_POV_FOR_BORN_NON_CIT,0
Municipality,MA,Hampden,Springfield,2022,5-Year-Estimates,Economic,Poverty Status Determined Population,CEN_POVTOTALPOP,"150,051.00"
Municipality,MA,Hampden,Springfield,2022,5-Year-Estimates,Economic,Self Employment Income-Household,CEN_SELFEMPINC,"3,607.00"
Municipality,MA,Hampden,Springfield,2022,5-Year-Estimates,Economic,Total population counted for unemployment by sex - Female,UNEMP_FEMALE,"6,214.00"
Municipality,MA,Hampden,Springfield,2022,5-Year-Estimates,Economic,Total population counted for unemployment by sex - Male,UNEMP_MALE,"5,880.00"
Municipality,MA,Hampden,Springfield,2022,5-Year-Estimates,Economic,Unemployment by sex and below the poverty line - Female,UNEMP_FEMALE_POV,"2,800.00"
Municipality,MA,Hampden,Springfield,2022,5-Year-Estimates,Economic,Unemployment by sex and below the poverty line - Male,UNEMP_MALE_POV,"1,284.00"
Municipality,MA,Hampden,Tolland,2022,5-Year-Estimates,Demographics,Population Total,CEN_POP,447
Municipality,MA,Hampden,Tolland,2022,5-Year-Estimates,Demographics,White Population,CEN_WHITE,431
Municipality,MA,Hampden,Tolland,2022,5-Year-Estimates,Demographics,Hispanic or Latino Population (of any race),CEN_HISPANIC,5
Municipality,MA,Hampden,Tolland,2022,5-Year-Estimates,Demographics,Black Population,CEN_BLACK,2
Municipality,MA,Hampden,Tolland,2022,5-Year-Estimates,Demographics,Other Races Population,CEN_OTHRACE,0
Municipality,MA,Hampden,Tolland,2022,5-Year-Estimates,Demographics,Asian Population,CEN_ASIAN,0
Municipality,MA,Hampden,Tolland,2022,5-Year-Estimates,Demographics,Age-3 to 4 Years Old,3_4_YEARS,3
Municipality,MA,Hampden,Tolland,2022,5-Year-Estimates,Demographics,Age-5 Years Old,5_YEARS,0
Municipality,MA,Hampden,Tolland,2022,5-Year-Estimates,Demographics,Age-6 to 8 Years Old,6_8_YEARS,10
Municipality,MA,Hampden,Tolland,2022,5-Year-Estimates,Demographics,Age-9 to 11 Years Old,9_11_YEARS,12
Municipality,MA,Hampden,Tolland,2022,5-Year-Estimates,Demographics,Age-12 to 14 Years Old,12_14_YEARS,30
Municipality,MA,Hampden,Tolland,2022,5-Year-Estimates,Demographics,Age-15 to 17 Years Old,15_17_YEARS,14
Municipality,MA,Hampden,Tolland,2022,5-Year-Estimates,Demographics,Age-18 to 19 Years Old,18_19_YEARS,2
Municipality,MA,Hampden,Tolland,2022,5-Year-Estimates,Demographics,Age-20 to 24 Years Old,20_24_YEARS,18
Municipality,MA,Hampden,Tolland,2022,5-Year-Estimates,Demographics,Age-25 to 29 Years Old,25_29_YEARS,11
Municipality,MA,Hampden,Tolland,2022,5-Year-Estimates,Demographics,Age-30 to 34 Years Old,30_34_YEARS,20
Municipality,MA,Hampden,Tolland,2022,5-Year-Estimates,Demographics,Age-35 to 39 Years Old,35_39_YEARS,17
Municipality,MA,Hampden,Tolland,2022,5-Year-Estimates,Demographics,Age-40 to 44 Years Old,40_44_YEARS,27
Municipality,MA,Hampden,Tolland,2022,5-Year-Estimates,Demographics,Age-45 to 49 Years Old,45_49_YEARS,21
Municipality,MA,Hampden,Tolland,2022,5-Year-Estimates,Demographics,Age-50 to 54 Years Old,50_54_YEARS,50
Municipality,MA,Hampden,Tolland,2022,5-Year-Estimates,Demographics,Age-55 to 59 Years Old,55_59_YEARS,52
Municipality,MA,Hampden,Tolland,2022,5-Year-Estimates,Demographics,Age-60 to 64 Years Old,60_64_YEARS,51
Municipality,MA,Hampden,Tolland,2022,5-Year-Estimates,Demographics,Age-65 to 69 Years Old,65_69_YEARS,40
Municipality,MA,Hampden,Tolland,2022,5-Year-Estimates,Demographics,Age-70 to 74 Years Old,70_74_YEARS,38
Municipality,MA,Hampden,Tolland,2022,5-Year-Estimates,Demographics,Age-75 to 79 Years Old,75_79_YEARS,22
Municipality,MA,Hampden,Tolland,2022,5-Year-Estimates,Demographics,Age-80 to 84 Years Old,80_84_YEARS,5
Municipality,MA,Hampden,Tolland,2022,5-Year-Estimates,Demographics,Age-85 & older,85+_YEARS,4
Municipality,MA,Hampden,Tolland,2022,5-Year-Estimates,Demographics,Age-Under 3 Years Old,UNDER_3_YEARS,0
Municipality,MA,Hampden,Tolland,2022,5-Year-Estimates,Demographics,Households-Married Couples,CEN_MARRHOU,124
Municipality,MA,Hampden,Tolland,2022,5-Year-Estimates,Demographics,Households-Single Parent,CEN_SINGPARHOU,11
Municipality,MA,Hampden,Tolland,2022,5-Year-Estimates,Demographics,Households-Total,CEN_HOUSEHOLDS,203
Municipality,MA,Hampden,Tolland,2022,5-Year-Estimates,Demographics,Net Domestic Migration,CEN_NET_DOM_MIGR,0
Municipality,MA,Hampden,Tolland,2022,5-Year-Estimates,Demographics,Percent Elderly with Car Access,CAR_AGE_HOUSEHOLDER,0.97
Municipality,MA,Hampden,Tolland,2022,5-Year-Estimates,Demographics,Percent Grandparents Who Are Primary Caregiver,GRAND_CAREGIVER,0
Municipality,MA,Hampden,Tolland,2022,5-Year-Estimates,Demographics,Percent of Elderly Below Poverty Line,ELDERLY_POV,0.04
Municipality,MA,Hampden,Tolland,2022,5-Year-Estimates,Demographics,Percent of Elderly who Live Alone,ELDERLY_LIVEALONE,0.28
Municipality,MA,Hampden,Tolland,2022,5-Year-Estimates,Demographics,Percent of Population Who are Not White,MINORITY_PERCENT,0.04
Municipality,MA,Hampden,Tolland,2022,5-Year-Estimates,Demographics,Population 5+,CEN_POP_O4,444
Municipality,MA,Hampden,Tolland,2022,5-Year-Estimates,Demographics,Population 25+,CEN_POP_O24,358
Municipality,MA,Hampden,Tolland,2022,5-Year-Estimates,Demographics,Population 65+,CEN_POP_O64,109
Municipality,MA,Hampden,Tolland,2022,5-Year-Estimates,Demographics,Population Living in Rural Areas,CEN_RURALPOP,0
Municipality,MA,Hampden,Tolland,2022,5-Year-Estimates,Demographics,Population living in the same county as five years ago,CEN_SAMECOUNTY,0
Municipality,MA,Hampden,Tolland,2022,5-Year-Estimates,Demographics,Population living in the same house as five years ago,CEN_SAMEHOUSE,0
Municipality,MA,Hampden,Tolland,2022,5-Year-Estimates,Demographics,Population Living in Urban Areas,CEN_URBANPOP,0
Municipality,MA,Hampden,Tolland,2022,5-Year-Estimates,Demographics,Population Under 18,CEN_POP_U18,69
Municipality,MA,Hampden,Tolland,2022,5-Year-Estimates,Demographics,Population-Foreign Born,CEN_FORBORN,20
Municipality,MA,Hampden,Tolland,2022,5-Year-Estimates,Demographics,Single Parent Families,CEN_SINGPAR_CHILD,0
Municipality,MA,Hampden,Tolland,2022,5-Year-Estimates,Demographics,Speak an Asian Language at Home,CEN_ASIANLANG,6
Municipality,MA,Hampden,Tolland,2022,5-Year-Estimates,Demographics,Speak Only English at Home,CEN_ENGLISH,417
Municipality,MA,Hampden,Tolland,2022,5-Year-Estimates,Demographics,Speak Other Language at Home,CEN_OTHLANG,0
Municipality,MA,Hampden,Tolland,2022,5-Year-Estimates,Demographics,Speak Spanish at Home,CEN_SPANISH,0
Municipality,MA,Hampden,Tolland,2022,5-Year-Estimates,Demographics,"Two or More Races, Not Hispanic or Latino",CEN_TWO_MORE_NOT_HISP,9
Municipality,MA,Hampden,Tolland,2022,5-Year-Estimates,Economic,"% Households with Income between $10,000 to $14,999",CEN_PERC_HHINC_10000-14999,0
Municipality,MA,Hampden,Tolland,2022,5-Year-Estimates,Economic,"% Households with Income between $15,000 to $24,999",CEN_PERC_HHINC_15000-24999,0.05
Municipality,MA,Hampden,Tolland,2022,5-Year-Estimates,Economic,"%  Households with Income between $25,000 to $34,999",CEN_PERC_HHINC_25000-34999,0.06
Municipality,MA,Hampden,Tolland,2022,5-Year-Estimates,Economic,"%  Households with Income between $35,000 to $49,999",CEN_PERC_HHINC_35000-49999,0.07
Municipality,MA,Hampden,Tolland,2022,5-Year-Estimates,Economic,"% of  Households with Income between $50,000 to $74,999",CEN_PERC_HHINC_50000-74999,0.15
Municipality,MA,Hampden,Tolland,2022,5-Year-Estimates,Economic,"% of  Households with Income between $75,000 to $99,999",CEN_PERC_HHINC_75000-99999,0.12
Municipality,MA,Hampden,Tolland,2022,5-Year-Estimates,Economic,"% of  Households with Income between $100,000 to $149,999",CEN_PERC_HHINC_100000-149999,0.22
Municipality,MA,Hampden,Tolland,2022,5-Year-Estimates,Economic,"%  of Households with Income between $150,000 to $199,999",CEN_PERC_HHINC_150000-199999,0.07
Municipality,MA,Hampden,Tolland,2022,5-Year-Estimates,Economic,"% of  Households with Income between $200,000 or more",CEN_PERC_HHINC_200000_PLUS,0.24
Municipality,MA,Hampden,Tolland,2022,5-Year-Estimates,Economic,"% of Households with Income Less than $10,000",CEN_PERC_HHINC_0-9999,0.01
Municipality,MA,Hampden,Tolland,2022,5-Year-Estimates,Economic,Child Poverty Rate,CEN_CHILD_POV,0
Municipality,MA,Hampden,Tolland,2022,5-Year-Estimates,Economic,Employment by sex - Female Total,EMP_FEMALE,202
Municipality,MA,Hampden,Tolland,2022,5-Year-Estimates,Economic,Employment by sex - Male Total,EMP_MALE,292
Municipality,MA,Hampden,Tolland,2022,5-Year-Estimates,Economic,Employment by sex and below the poverty line - Total,UNEMP_TOT_POV,4
Municipality,MA,Hampden,Tolland,2022,5-Year-Estimates,Economic,Employment by sex and below the poverty line - Total Percentage,UNEMP_TOT_POV_PERC,0.2
Municipality,MA,Hampden,Tolland,2022,5-Year-Estimates,Economic,Employment by sex and in poverty - Female,EMP_FEMALE_POV,0
Municipality,MA,Hampden,Tolland,2022,5-Year-Estimates,Economic,Employment by sex and in poverty - Male,EMP_MALE_POV,0
Municipality,MA,Hampden,Tolland,2022,5-Year-Estimates,Economic,Employment by sex and in poverty - Total,EMP_TOT_POV,0
Municipality,MA,Hampden,Tolland,2022,5-Year-Estimates,Economic,Employment by sex and in poverty - Total Percentage,EMP_TOT_POV_PERC,0
Municipality,MA,Hampden,Tolland,2022,5-Year-Estimates,Economic,Family Economic Self Sufficiency,CEN_FAMECON_SELF,0
Municipality,MA,Hampden,Tolland,2022,5-Year-Estimates,Economic,Gini Coefficient (Income Inequality),CEN_INCOME_INEQ,0.46
Municipality,MA,Hampden,Tolland,2022,5-Year-Estimates,Economic,"Households with Income between $10,000 to $14,999",CEN_HHINC_10000-14999,0
Municipality,MA,Hampden,Tolland,2022,5-Year-Estimates,Economic,"Households with Income between $15,000 to $24,999",CEN_HHINC_15000-24999,10
Municipality,MA,Hampden,Tolland,2022,5-Year-Estimates,Economic,"Households with Income between $25,000 to $34,999",CEN_HHINC_25000-34999,12
Municipality,MA,Hampden,Tolland,2022,5-Year-Estimates,Economic,"Households with Income between $35,000 to $49,999",CEN_HHINC_35000-49999,15
Municipality,MA,Hampden,Tolland,2022,5-Year-Estimates,Economic,"Households with Income between $50,000 to $74,999",CEN_HHINC_50000-74999,31
Municipality,MA,Hampden,Tolland,2022,5-Year-Estimates,Economic,"Households with Income between $75,000 to $99,999",CEN_HHINC_75000-99999,25
Municipality,MA,Hampden,Tolland,2022,5-Year-Estimates,Economic,"Households with Income between $100,000 to $149,999",CEN_HHINC_100000-149999,44
Municipality,MA,Hampden,Tolland,2022,5-Year-Estimates,Economic,"Households with Income between $150,000 to $199,999",CEN_HHINC_150000-199999,15
Municipality,MA,Hampden,Tolland,2022,5-Year-Estimates,Economic,"Households with Income between $200,000 or more",CEN_HHINC_200000_PLUS,49
Municipality,MA,Hampden,Tolland,2022,5-Year-Estimates,Economic,"Households with Income Less than $10,000",CEN_HHINC_0-9999,2
Municipality,MA,Hampden,Tolland,2022,5-Year-Estimates,Economic,Households with Retirement Income,CEN_RETINC,60
Municipality,MA,Hampden,Tolland,2022,5-Year-Estimates,Economic,Households with Social Security Income,CEN_SOCSECINC,77
Municipality,MA,Hampden,Tolland,2022,5-Year-Estimates,Economic,Income Under 200% of Poverty Line,CENPOV200,0.1
Municipality,MA,Hampden,Tolland,2022,5-Year-Estimates,Economic,Median Family Income,CEN_MEDFAMINC,"111,250.00"
Municipality,MA,Hampden,Tolland,2022,5-Year-Estimates,Economic,Median Household Income,CEN_MEDHHINC,"115,250.00"
Municipality,MA,Hampden,Tolland,2022,5-Year-Estimates,Economic,Per Capita Income,CEN_PERCAPINC,"68,494.00"
Municipality,MA,Hampden,Tolland,2022,5-Year-Estimates,Economic,Percent of Employed Population in Poverty - Female,EMP_FEMALE_POV_PERC,0
Municipality,MA,Hampden,Tolland,2022,5-Year-Estimates,Economic,Percent of Employed Population in Poverty - Male,EMP_MALE_POV_PERC,0
Municipality,MA,Hampden,Tolland,2022,5-Year-Estimates,Economic,Percent of Families in Poverty,CEN_FAM_POV,0
Municipality,MA,Hampden,Tolland,2022,5-Year-Estimates,Economic,Percent of Unemployed Population in Poverty - Female,UNEMP_FEMALE_POV_PERC,0
Municipality,MA,Hampden,Tolland,2022,5-Year-Estimates,Economic,Percent of Unemployed Population in Poverty - Male,UNEMP_MALE_POV_PERC,0.57
Municipality,MA,Hampden,Tolland,2022,5-Year-Estimates,Economic,Population Living below Poverty,CEN_POOR,2
Municipality,MA,Hampden,Tolland,2022,5-Year-Estimates,Economic,Poverty Rate,CEN_POVRATE,0.01
Municipality,MA,Hampden,Tolland,2022,5-Year-Estimates,Economic,Poverty Rate of Foreign Born,CEN_POV_FOR_BORN,0
Municipality,MA,Hampden,Tolland,2022,5-Year-Estimates,Economic,Poverty Rate of Foreign Born Naturalized Citizens,CEN_POV_FOR_BORN_NAT,0
Municipality,MA,Hampden,Tolland,2022,5-Year-Estimates,Economic,Poverty Rate of Foreign Born Non-Citizens,CEN_POV_FOR_BORN_NON_CIT,0
Municipality,MA,Hampden,Tolland,2022,5-Year-Estimates,Economic,Poverty Status Determined Population,CEN_POVTOTALPOP,447
Municipality,MA,Hampden,Tolland,2022,5-Year-Estimates,Economic,Self Employment Income-Household,CEN_SELFEMPINC,18
Municipality,MA,Hampden,Tolland,2022,5-Year-Estimates,Economic,Total population counted for unemployment by sex - Female,UNEMP_FEMALE,26
Municipality,MA,Hampden,Tolland,2022,5-Year-Estimates,Economic,Total population counted for unemployment by sex - Male,UNEMP_MALE,14
Municipality,MA,Hampden,Tolland,2022,5-Year-Estimates,Economic,Unemployment by sex and below the poverty line - Female,UNEMP_FEMALE_POV,0
Municipality,MA,Hampden,Tolland,2022,5-Year-Estimates,Economic,Unemployment by sex and below the poverty line - Male,UNEMP_MALE_POV,4
Municipality,MA,Hampden,Wales,2022,5-Year-Estimates,Demographics,Population Total,CEN_POP,"1,957.00"
Municipality,MA,Hampden,Wales,2022,5-Year-Estimates,Demographics,White Population,CEN_WHITE,"1,871.00"
Municipality,MA,Hampden,Wales,2022,5-Year-Estimates,Demographics,Hispanic or Latino Population (of any race),CEN_HISPANIC,73
Municipality,MA,Hampden,Wales,2022,5-Year-Estimates,Demographics,Black Population,CEN_BLACK,9
Municipality,MA,Hampden,Wales,2022,5-Year-Estimates,Demographics,Other Races Population,CEN_OTHRACE,6
Municipality,MA,Hampden,Wales,2022,5-Year-Estimates,Demographics,Asian Population,CEN_ASIAN,2
Municipality,MA,Hampden,Wales,2022,5-Year-Estimates,Demographics,Age-3 to 4 Years Old,3_4_YEARS,69
Municipality,MA,Hampden,Wales,2022,5-Year-Estimates,Demographics,Age-5 Years Old,5_YEARS,20
Municipality,MA,Hampden,Wales,2022,5-Year-Estimates,Demographics,Age-6 to 8 Years Old,6_8_YEARS,61
Municipality,MA,Hampden,Wales,2022,5-Year-Estimates,Demographics,Age-9 to 11 Years Old,9_11_YEARS,108
Municipality,MA,Hampden,Wales,2022,5-Year-Estimates,Demographics,Age-12 to 14 Years Old,12_14_YEARS,88
Municipality,MA,Hampden,Wales,2022,5-Year-Estimates,Demographics,Age-15 to 17 Years Old,15_17_YEARS,63
Municipality,MA,Hampden,Wales,2022,5-Year-Estimates,Demographics,Age-18 to 19 Years Old,18_19_YEARS,23
Municipality,MA,Hampden,Wales,2022,5-Year-Estimates,Demographics,Age-20 to 24 Years Old,20_24_YEARS,64
Municipality,MA,Hampden,Wales,2022,5-Year-Estimates,Demographics,Age-25 to 29 Years Old,25_29_YEARS,113
Municipality,MA,Hampden,Wales,2022,5-Year-Estimates,Demographics,Age-30 to 34 Years Old,30_34_YEARS,110
Municipality,MA,Hampden,Wales,2022,5-Year-Estimates,Demographics,Age-35 to 39 Years Old,35_39_YEARS,126
Municipality,MA,Hampden,Wales,2022,5-Year-Estimates,Demographics,Age-40 to 44 Years Old,40_44_YEARS,162
Municipality,MA,Hampden,Wales,2022,5-Year-Estimates,Demographics,Age-45 to 49 Years Old,45_49_YEARS,143
Municipality,MA,Hampden,Wales,2022,5-Year-Estimates,Demographics,Age-50 to 54 Years Old,50_54_YEARS,124
Municipality,MA,Hampden,Wales,2022,5-Year-Estimates,Demographics,Age-55 to 59 Years Old,55_59_YEARS,140
Municipality,MA,Hampden,Wales,2022,5-Year-Estimates,Demographics,Age-60 to 64 Years Old,60_64_YEARS,197
Municipality,MA,Hampden,Wales,2022,5-Year-Estimates,Demographics,Age-65 to 69 Years Old,65_69_YEARS,102
Municipality,MA,Hampden,Wales,2022,5-Year-Estimates,Demographics,Age-70 to 74 Years Old,70_74_YEARS,104
Municipality,MA,Hampden,Wales,2022,5-Year-Estimates,Demographics,Age-75 to 79 Years Old,75_79_YEARS,47
Municipality,MA,Hampden,Wales,2022,5-Year-Estimates,Demographics,Age-80 to 84 Years Old,80_84_YEARS,22
Municipality,MA,Hampden,Wales,2022,5-Year-Estimates,Demographics,Age-85 & older,85+_YEARS,22
Municipality,MA,Hampden,Wales,2022,5-Year-Estimates,Demographics,Age-Under 3 Years Old,UNDER_3_YEARS,49
Municipality,MA,Hampden,Wales,2022,5-Year-Estimates,Demographics,Households-Married Couples,CEN_MARRHOU,421
Municipality,MA,Hampden,Wales,2022,5-Year-Estimates,Demographics,Households-Single Parent,CEN_SINGPARHOU,34
Municipality,MA,Hampden,Wales,2022,5-Year-Estimates,Demographics,Households-Total,CEN_HOUSEHOLDS,787
Municipality,MA,Hampden,Wales,2022,5-Year-Estimates,Demographics,Net Domestic Migration,CEN_NET_DOM_MIGR,0
Municipality,MA,Hampden,Wales,2022,5-Year-Estimates,Demographics,Percent Elderly with Car Access,CAR_AGE_HOUSEHOLDER,1
Municipality,MA,Hampden,Wales,2022,5-Year-Estimates,Demographics,Percent Grandparents Who Are Primary Caregiver,GRAND_CAREGIVER,1
Municipality,MA,Hampden,Wales,2022,5-Year-Estimates,Demographics,Percent of Elderly Below Poverty Line,ELDERLY_POV,0.04
Municipality,MA,Hampden,Wales,2022,5-Year-Estimates,Demographics,Percent of Elderly who Live Alone,ELDERLY_LIVEALONE,0.18
Municipality,MA,Hampden,Wales,2022,5-Year-Estimates,Demographics,Percent of Population Who are Not White,MINORITY_PERCENT,0.04
Municipality,MA,Hampden,Wales,2022,5-Year-Estimates,Demographics,Population 5+,CEN_POP_O4,"1,839.00"
Municipality,MA,Hampden,Wales,2022,5-Year-Estimates,Demographics,Population 25+,CEN_POP_O24,"1,412.00"
Municipality,MA,Hampden,Wales,2022,5-Year-Estimates,Demographics,Population 65+,CEN_POP_O64,297
Municipality,MA,Hampden,Wales,2022,5-Year-Estimates,Demographics,Population Living in Rural Areas,CEN_RURALPOP,0
Municipality,MA,Hampden,Wales,2022,5-Year-Estimates,Demographics,Population living in the same county as five years ago,CEN_SAMECOUNTY,0
Municipality,MA,Hampden,Wales,2022,5-Year-Estimates,Demographics,Population living in the same house as five years ago,CEN_SAMEHOUSE,0
Municipality,MA,Hampden,Wales,2022,5-Year-Estimates,Demographics,Population Living in Urban Areas,CEN_URBANPOP,0
Municipality,MA,Hampden,Wales,2022,5-Year-Estimates,Demographics,Population Under 18,CEN_POP_U18,458
Municipality,MA,Hampden,Wales,2022,5-Year-Estimates,Demographics,Population-Foreign Born,CEN_FORBORN,38
Municipality,MA,Hampden,Wales,2022,5-Year-Estimates,Demographics,Single Parent Families,CEN_SINGPAR_CHILD,0
Municipality,MA,Hampden,Wales,2022,5-Year-Estimates,Demographics,Speak an Asian Language at Home,CEN_ASIANLANG,0
Municipality,MA,Hampden,Wales,2022,5-Year-Estimates,Demographics,Speak Only English at Home,CEN_ENGLISH,"1,806.00"
Municipality,MA,Hampden,Wales,2022,5-Year-Estimates,Demographics,Speak Other Language at Home,CEN_OTHLANG,6
Municipality,MA,Hampden,Wales,2022,5-Year-Estimates,Demographics,Speak Spanish at Home,CEN_SPANISH,4
Municipality,MA,Hampden,Wales,2022,5-Year-Estimates,Demographics,"Two or More Races, Not Hispanic or Latino",CEN_TWO_MORE_NOT_HISP,64
Municipality,MA,Hampden,Wales,2022,5-Year-Estimates,Economic,"% Households with Income between $10,000 to $14,999",CEN_PERC_HHINC_10000-14999,0.01
Municipality,MA,Hampden,Wales,2022,5-Year-Estimates,Economic,"% Households with Income between $15,000 to $24,999",CEN_PERC_HHINC_15000-24999,0.04
Municipality,MA,Hampden,Wales,2022,5-Year-Estimates,Economic,"%  Households with Income between $25,000 to $34,999",CEN_PERC_HHINC_25000-34999,0.07
Municipality,MA,Hampden,Wales,2022,5-Year-Estimates,Economic,"%  Households with Income between $35,000 to $49,999",CEN_PERC_HHINC_35000-49999,0.06
Municipality,MA,Hampden,Wales,2022,5-Year-Estimates,Economic,"% of  Households with Income between $50,000 to $74,999",CEN_PERC_HHINC_50000-74999,0.13
Municipality,MA,Hampden,Wales,2022,5-Year-Estimates,Economic,"% of  Households with Income between $75,000 to $99,999",CEN_PERC_HHINC_75000-99999,0.22
Municipality,MA,Hampden,Wales,2022,5-Year-Estimates,Economic,"% of  Households with Income between $100,000 to $149,999",CEN_PERC_HHINC_100000-149999,0.25
Municipality,MA,Hampden,Wales,2022,5-Year-Estimates,Economic,"%  of Households with Income between $150,000 to $199,999",CEN_PERC_HHINC_150000-199999,0.09
Municipality,MA,Hampden,Wales,2022,5-Year-Estimates,Economic,"% of  Households with Income between $200,000 or more",CEN_PERC_HHINC_200000_PLUS,0.11
Municipality,MA,Hampden,Wales,2022,5-Year-Estimates,Economic,"% of Households with Income Less than $10,000",CEN_PERC_HHINC_0-9999,0.04
Municipality,MA,Hampden,Wales,2022,5-Year-Estimates,Economic,Child Poverty Rate,CEN_CHILD_POV,0.02
Municipality,MA,Hampden,Wales,2022,5-Year-Estimates,Economic,Employment by sex - Female Total,EMP_FEMALE,962
Municipality,MA,Hampden,Wales,2022,5-Year-Estimates,Economic,Employment by sex - Male Total,EMP_MALE,"1,194.00"
Municipality,MA,Hampden,Wales,2022,5-Year-Estimates,Economic,Employment by sex and below the poverty line - Total,UNEMP_TOT_POV,6
Municipality,MA,Hampden,Wales,2022,5-Year-Estimates,Economic,Employment by sex and below the poverty line - Total Percentage,UNEMP_TOT_POV_PERC,0.13
Municipality,MA,Hampden,Wales,2022,5-Year-Estimates,Economic,Employment by sex and in poverty - Female,EMP_FEMALE_POV,16
Municipality,MA,Hampden,Wales,2022,5-Year-Estimates,Economic,Employment by sex and in poverty - Male,EMP_MALE_POV,6
Municipality,MA,Hampden,Wales,2022,5-Year-Estimates,Economic,Employment by sex and in poverty - Total,EMP_TOT_POV,22
Municipality,MA,Hampden,Wales,2022,5-Year-Estimates,Economic,Employment by sex and in poverty - Total Percentage,EMP_TOT_POV_PERC,0.02
Municipality,MA,Hampden,Wales,2022,5-Year-Estimates,Economic,Family Economic Self Sufficiency,CEN_FAMECON_SELF,0
Municipality,MA,Hampden,Wales,2022,5-Year-Estimates,Economic,Gini Coefficient (Income Inequality),CEN_INCOME_INEQ,0.37
Municipality,MA,Hampden,Wales,2022,5-Year-Estimates,Economic,"Households with Income between $10,000 to $14,999",CEN_HHINC_10000-14999,4
Municipality,MA,Hampden,Wales,2022,5-Year-Estimates,Economic,"Households with Income between $15,000 to $24,999",CEN_HHINC_15000-24999,31
Municipality,MA,Hampden,Wales,2022,5-Year-Estimates,Economic,"Households with Income between $25,000 to $34,999",CEN_HHINC_25000-34999,55
Municipality,MA,Hampden,Wales,2022,5-Year-Estimates,Economic,"Households with Income between $35,000 to $49,999",CEN_HHINC_35000-49999,46
Municipality,MA,Hampden,Wales,2022,5-Year-Estimates,Economic,"Households with Income between $50,000 to $74,999",CEN_HHINC_50000-74999,99
Municipality,MA,Hampden,Wales,2022,5-Year-Estimates,Economic,"Households with Income between $75,000 to $99,999",CEN_HHINC_75000-99999,173
Municipality,MA,Hampden,Wales,2022,5-Year-Estimates,Economic,"Households with Income between $100,000 to $149,999",CEN_HHINC_100000-149999,194
Municipality,MA,Hampden,Wales,2022,5-Year-Estimates,Economic,"Households with Income between $150,000 to $199,999",CEN_HHINC_150000-199999,69
Municipality,MA,Hampden,Wales,2022,5-Year-Estimates,Economic,"Households with Income between $200,000 or more",CEN_HHINC_200000_PLUS,85
Municipality,MA,Hampden,Wales,2022,5-Year-Estimates,Economic,"Households with Income Less than $10,000",CEN_HHINC_0-9999,31
Municipality,MA,Hampden,Wales,2022,5-Year-Estimates,Economic,Households with Retirement Income,CEN_RETINC,163
Municipality,MA,Hampden,Wales,2022,5-Year-Estimates,Economic,Households with Social Security Income,CEN_SOCSECINC,237
Municipality,MA,Hampden,Wales,2022,5-Year-Estimates,Economic,Income Under 200% of Poverty Line,CENPOV200,0.2
Municipality,MA,Hampden,Wales,2022,5-Year-Estimates,Economic,Median Family Income,CEN_MEDFAMINC,"103,542.00"
Municipality,MA,Hampden,Wales,2022,5-Year-Estimates,Economic,Median Household Income,CEN_MEDHHINC,"90,688.00"
Municipality,MA,Hampden,Wales,2022,5-Year-Estimates,Economic,Per Capita Income,CEN_PERCAPINC,"42,502.00"
Municipality,MA,Hampden,Wales,2022,5-Year-Estimates,Economic,Percent of Employed Population in Poverty - Female,EMP_FEMALE_POV_PERC,0.03
Municipality,MA,Hampden,Wales,2022,5-Year-Estimates,Economic,Percent of Employed Population in Poverty - Male,EMP_MALE_POV_PERC,0.01
Municipality,MA,Hampden,Wales,2022,5-Year-Estimates,Economic,Percent of Families in Poverty,CEN_FAM_POV,0.02
Municipality,MA,Hampden,Wales,2022,5-Year-Estimates,Economic,Percent of Unemployed Population in Poverty - Female,UNEMP_FEMALE_POV_PERC,0
Municipality,MA,Hampden,Wales,2022,5-Year-Estimates,Economic,Percent of Unemployed Population in Poverty - Male,UNEMP_MALE_POV_PERC,0.18
Municipality,MA,Hampden,Wales,2022,5-Year-Estimates,Economic,Population Living below Poverty,CEN_POOR,14
Municipality,MA,Hampden,Wales,2022,5-Year-Estimates,Economic,Poverty Rate,CEN_POVRATE,0.01
Municipality,MA,Hampden,Wales,2022,5-Year-Estimates,Economic,Poverty Rate of Foreign Born,CEN_POV_FOR_BORN,0
Municipality,MA,Hampden,Wales,2022,5-Year-Estimates,Economic,Poverty Rate of Foreign Born Naturalized Citizens,CEN_POV_FOR_BORN_NAT,0
Municipality,MA,Hampden,Wales,2022,5-Year-Estimates,Economic,Poverty Rate of Foreign Born Non-Citizens,CEN_POV_FOR_BORN_NON_CIT,0
Municipality,MA,Hampden,Wales,2022,5-Year-Estimates,Economic,Poverty Status Determined Population,CEN_POVTOTALPOP,"1,923.00"
Municipality,MA,Hampden,Wales,2022,5-Year-Estimates,Economic,Self Employment Income-Household,CEN_SELFEMPINC,100
Municipality,MA,Hampden,Wales,2022,5-Year-Estimates,Economic,Total population counted for unemployment by sex - Female,UNEMP_FEMALE,22
Municipality,MA,Hampden,Wales,2022,5-Year-Estimates,Economic,Total population counted for unemployment by sex - Male,UNEMP_MALE,68
Municipality,MA,Hampden,Wales,2022,5-Year-Estimates,Economic,Unemployment by sex and below the poverty line - Female,UNEMP_FEMALE_POV,0
Municipality,MA,Hampden,Wales,2022,5-Year-Estimates,Economic,Unemployment by sex and below the poverty line - Male,UNEMP_MALE_POV,6
Municipality,MA,Hampden,West Springfield,2022,5-Year-Estimates,Demographics,Population Total,CEN_POP,"28,755.00"
Municipality,MA,Hampden,West Springfield,2022,5-Year-Estimates,Demographics,White Population,CEN_WHITE,"23,198.00"
Municipality,MA,Hampden,West Springfield,2022,5-Year-Estimates,Demographics,Hispanic or Latino Population (of any race),CEN_HISPANIC,"3,419.00"
Municipality,MA,Hampden,West Springfield,2022,5-Year-Estimates,Demographics,Black Population,CEN_BLACK,"1,016.00"
Municipality,MA,Hampden,West Springfield,2022,5-Year-Estimates,Demographics,Other Races Population,CEN_OTHRACE,961
Municipality,MA,Hampden,West Springfield,2022,5-Year-Estimates,Demographics,Asian Population,CEN_ASIAN,"1,530.00"
Municipality,MA,Hampden,West Springfield,2022,5-Year-Estimates,Demographics,Age-3 to 4 Years Old,3_4_YEARS,449
Municipality,MA,Hampden,West Springfield,2022,5-Year-Estimates,Demographics,Age-5 Years Old,5_YEARS,356
Municipality,MA,Hampden,West Springfield,2022,5-Year-Estimates,Demographics,Age-6 to 8 Years Old,6_8_YEARS,"1,056.00"
Municipality,MA,Hampden,West Springfield,2022,5-Year-Estimates,Demographics,Age-9 to 11 Years Old,9_11_YEARS,815
Municipality,MA,Hampden,West Springfield,2022,5-Year-Estimates,Demographics,Age-12 to 14 Years Old,12_14_YEARS,922
Municipality,MA,Hampden,West Springfield,2022,5-Year-Estimates,Demographics,Age-15 to 17 Years Old,15_17_YEARS,774
Municipality,MA,Hampden,West Springfield,2022,5-Year-Estimates,Demographics,Age-18 to 19 Years Old,18_19_YEARS,622
Municipality,MA,Hampden,West Springfield,2022,5-Year-Estimates,Demographics,Age-20 to 24 Years Old,20_24_YEARS,"2,047.00"
Municipality,MA,Hampden,West Springfield,2022,5-Year-Estimates,Demographics,Age-25 to 29 Years Old,25_29_YEARS,"2,412.00"
Municipality,MA,Hampden,West Springfield,2022,5-Year-Estimates,Demographics,Age-30 to 34 Years Old,30_34_YEARS,"2,400.00"
Municipality,MA,Hampden,West Springfield,2022,5-Year-Estimates,Demographics,Age-35 to 39 Years Old,35_39_YEARS,"1,865.00"
Municipality,MA,Hampden,West Springfield,2022,5-Year-Estimates,Demographics,Age-40 to 44 Years Old,40_44_YEARS,"1,895.00"
Municipality,MA,Hampden,West Springfield,2022,5-Year-Estimates,Demographics,Age-45 to 49 Years Old,45_49_YEARS,"1,885.00"
Municipality,MA,Hampden,West Springfield,2022,5-Year-Estimates,Demographics,Age-50 to 54 Years Old,50_54_YEARS,"1,841.00"
Municipality,MA,Hampden,West Springfield,2022,5-Year-Estimates,Demographics,Age-55 to 59 Years Old,55_59_YEARS,"2,035.00"
Municipality,MA,Hampden,West Springfield,2022,5-Year-Estimates,Demographics,Age-60 to 64 Years Old,60_64_YEARS,"1,816.00"
Municipality,MA,Hampden,West Springfield,2022,5-Year-Estimates,Demographics,Age-65 to 69 Years Old,65_69_YEARS,"1,411.00"
Municipality,MA,Hampden,West Springfield,2022,5-Year-Estimates,Demographics,Age-70 to 74 Years Old,70_74_YEARS,"1,262.00"
Municipality,MA,Hampden,West Springfield,2022,5-Year-Estimates,Demographics,Age-75 to 79 Years Old,75_79_YEARS,806
Municipality,MA,Hampden,West Springfield,2022,5-Year-Estimates,Demographics,Age-80 to 84 Years Old,80_84_YEARS,405
Municipality,MA,Hampden,West Springfield,2022,5-Year-Estimates,Demographics,Age-85 & older,85+_YEARS,576
Municipality,MA,Hampden,West Springfield,2022,5-Year-Estimates,Demographics,Age-Under 3 Years Old,UNDER_3_YEARS,"1,101.00"
Municipality,MA,Hampden,West Springfield,2022,5-Year-Estimates,Demographics,Households-Married Couples,CEN_MARRHOU,"5,370.00"
Municipality,MA,Hampden,West Springfield,2022,5-Year-Estimates,Demographics,Households-Single Parent,CEN_SINGPARHOU,744
Municipality,MA,Hampden,West Springfield,2022,5-Year-Estimates,Demographics,Households-Total,CEN_HOUSEHOLDS,"12,691.00"
Municipality,MA,Hampden,West Springfield,2022,5-Year-Estimates,Demographics,Net Domestic Migration,CEN_NET_DOM_MIGR,0
Municipality,MA,Hampden,West Springfield,2022,5-Year-Estimates,Demographics,Percent Elderly with Car Access,CAR_AGE_HOUSEHOLDER,0.83
Municipality,MA,Hampden,West Springfield,2022,5-Year-Estimates,Demographics,Percent Grandparents Who Are Primary Caregiver,GRAND_CAREGIVER,0.05
Municipality,MA,Hampden,West Springfield,2022,5-Year-Estimates,Demographics,Percent of Elderly Below Poverty Line,ELDERLY_POV,0.05
Municipality,MA,Hampden,West Springfield,2022,5-Year-Estimates,Demographics,Percent of Elderly who Live Alone,ELDERLY_LIVEALONE,0.34
Municipality,MA,Hampden,West Springfield,2022,5-Year-Estimates,Demographics,Percent of Population Who are Not White,MINORITY_PERCENT,0.19
Municipality,MA,Hampden,West Springfield,2022,5-Year-Estimates,Demographics,Population 5+,CEN_POP_O4,"27,201.00"
Municipality,MA,Hampden,West Springfield,2022,5-Year-Estimates,Demographics,Population 25+,CEN_POP_O24,"20,609.00"
Municipality,MA,Hampden,West Springfield,2022,5-Year-Estimates,Demographics,Population 65+,CEN_POP_O64,"4,460.00"
Municipality,MA,Hampden,West Springfield,2022,5-Year-Estimates,Demographics,Population Living in Rural Areas,CEN_RURALPOP,0
Municipality,MA,Hampden,West Springfield,2022,5-Year-Estimates,Demographics,Population living in the same county as five years ago,CEN_SAMECOUNTY,0
Municipality,MA,Hampden,West Springfield,2022,5-Year-Estimates,Demographics,Population living in the same house as five years ago,CEN_SAMEHOUSE,0
Municipality,MA,Hampden,West Springfield,2022,5-Year-Estimates,Demographics,Population Living in Urban Areas,CEN_URBANPOP,0
Municipality,MA,Hampden,West Springfield,2022,5-Year-Estimates,Demographics,Population Under 18,CEN_POP_U18,"5,473.00"
Municipality,MA,Hampden,West Springfield,2022,5-Year-Estimates,Demographics,Population-Foreign Born,CEN_FORBORN,"5,193.00"
Municipality,MA,Hampden,West Springfield,2022,5-Year-Estimates,Demographics,Single Parent Families,CEN_SINGPAR_CHILD,0
Municipality,MA,Hampden,West Springfield,2022,5-Year-Estimates,Demographics,Speak an Asian Language at Home,CEN_ASIANLANG,715
Municipality,MA,Hampden,West Springfield,2022,5-Year-Estimates,Demographics,Speak Only English at Home,CEN_ENGLISH,"20,117.00"
Municipality,MA,Hampden,West Springfield,2022,5-Year-Estimates,Demographics,Speak Other Language at Home,CEN_OTHLANG,"1,195.00"
Municipality,MA,Hampden,West Springfield,2022,5-Year-Estimates,Demographics,Speak Spanish at Home,CEN_SPANISH,"2,189.00"
Municipality,MA,Hampden,West Springfield,2022,5-Year-Estimates,Demographics,"Two or More Races, Not Hispanic or Latino",CEN_TWO_MORE_NOT_HISP,"1,982.00"
Municipality,MA,Hampden,West Springfield,2022,5-Year-Estimates,Economic,"% Households with Income between $10,000 to $14,999",CEN_PERC_HHINC_10000-14999,0.06
Municipality,MA,Hampden,West Springfield,2022,5-Year-Estimates,Economic,"% Households with Income between $15,000 to $24,999",CEN_PERC_HHINC_15000-24999,0.07
Municipality,MA,Hampden,West Springfield,2022,5-Year-Estimates,Economic,"%  Households with Income between $25,000 to $34,999",CEN_PERC_HHINC_25000-34999,0.08
Municipality,MA,Hampden,West Springfield,2022,5-Year-Estimates,Economic,"%  Households with Income between $35,000 to $49,999",CEN_PERC_HHINC_35000-49999,0.13
Municipality,MA,Hampden,West Springfield,2022,5-Year-Estimates,Economic,"% of  Households with Income between $50,000 to $74,999",CEN_PERC_HHINC_50000-74999,0.14
Municipality,MA,Hampden,West Springfield,2022,5-Year-Estimates,Economic,"% of  Households with Income between $75,000 to $99,999",CEN_PERC_HHINC_75000-99999,0.12
Municipality,MA,Hampden,West Springfield,2022,5-Year-Estimates,Economic,"% of  Households with Income between $100,000 to $149,999",CEN_PERC_HHINC_100000-149999,0.18
Municipality,MA,Hampden,West Springfield,2022,5-Year-Estimates,Economic,"%  of Households with Income between $150,000 to $199,999",CEN_PERC_HHINC_150000-199999,0.07
Municipality,MA,Hampden,West Springfield,2022,5-Year-Estimates,Economic,"% of  Households with Income between $200,000 or more",CEN_PERC_HHINC_200000_PLUS,0.1
Municipality,MA,Hampden,West Springfield,2022,5-Year-Estimates,Economic,"% of Households with Income Less than $10,000",CEN_PERC_HHINC_0-9999,0.05
Municipality,MA,Hampden,West Springfield,2022,5-Year-Estimates,Economic,Child Poverty Rate,CEN_CHILD_POV,0.09
Municipality,MA,Hampden,West Springfield,2022,5-Year-Estimates,Economic,Employment by sex - Female Total,EMP_FEMALE,"14,802.00"
Municipality,MA,Hampden,West Springfield,2022,5-Year-Estimates,Economic,Employment by sex - Male Total,EMP_MALE,"15,390.00"
Municipality,MA,Hampden,West Springfield,2022,5-Year-Estimates,Economic,Employment by sex and below the poverty line - Total,UNEMP_TOT_POV,816
Municipality,MA,Hampden,West Springfield,2022,5-Year-Estimates,Economic,Employment by sex and below the poverty line - Total Percentage,UNEMP_TOT_POV_PERC,0.87
Municipality,MA,Hampden,West Springfield,2022,5-Year-Estimates,Economic,Employment by sex and in poverty - Female,EMP_FEMALE_POV,710
Municipality,MA,Hampden,West Springfield,2022,5-Year-Estimates,Economic,Employment by sex and in poverty - Male,EMP_MALE_POV,840
Municipality,MA,Hampden,West Springfield,2022,5-Year-Estimates,Economic,Employment by sex and in poverty - Total,EMP_TOT_POV,"1,550.00"
Municipality,MA,Hampden,West Springfield,2022,5-Year-Estimates,Economic,Employment by sex and in poverty - Total Percentage,EMP_TOT_POV_PERC,0.1
Municipality,MA,Hampden,West Springfield,2022,5-Year-Estimates,Economic,Family Economic Self Sufficiency,CEN_FAMECON_SELF,0
Municipality,MA,Hampden,West Springfield,2022,5-Year-Estimates,Economic,Gini Coefficient (Income Inequality),CEN_INCOME_INEQ,0.46
Municipality,MA,Hampden,West Springfield,2022,5-Year-Estimates,Economic,"Households with Income between $10,000 to $14,999",CEN_HHINC_10000-14999,758
Municipality,MA,Hampden,West Springfield,2022,5-Year-Estimates,Economic,"Households with Income between $15,000 to $24,999",CEN_HHINC_15000-24999,848
Municipality,MA,Hampden,West Springfield,2022,5-Year-Estimates,Economic,"Households with Income between $25,000 to $34,999",CEN_HHINC_25000-34999,"1,013.00"
Municipality,MA,Hampden,West Springfield,2022,5-Year-Estimates,Economic,"Households with Income between $35,000 to $49,999",CEN_HHINC_35000-49999,"1,694.00"
Municipality,MA,Hampden,West Springfield,2022,5-Year-Estimates,Economic,"Households with Income between $50,000 to $74,999",CEN_HHINC_50000-74999,"1,763.00"
Municipality,MA,Hampden,West Springfield,2022,5-Year-Estimates,Economic,"Households with Income between $75,000 to $99,999",CEN_HHINC_75000-99999,"1,488.00"
Municipality,MA,Hampden,West Springfield,2022,5-Year-Estimates,Economic,"Households with Income between $100,000 to $149,999",CEN_HHINC_100000-149999,"2,316.00"
Municipality,MA,Hampden,West Springfield,2022,5-Year-Estimates,Economic,"Households with Income between $150,000 to $199,999",CEN_HHINC_150000-199999,914
Municipality,MA,Hampden,West Springfield,2022,5-Year-Estimates,Economic,"Households with Income between $200,000 or more",CEN_HHINC_200000_PLUS,"1,242.00"
Municipality,MA,Hampden,West Springfield,2022,5-Year-Estimates,Economic,"Households with Income Less than $10,000",CEN_HHINC_0-9999,655
Municipality,MA,Hampden,West Springfield,2022,5-Year-Estimates,Economic,Households with Retirement Income,CEN_RETINC,"2,490.00"
Municipality,MA,Hampden,West Springfield,2022,5-Year-Estimates,Economic,Households with Social Security Income,CEN_SOCSECINC,"3,585.00"
Municipality,MA,Hampden,West Springfield,2022,5-Year-Estimates,Economic,Income Under 200% of Poverty Line,CENPOV200,0.28
Municipality,MA,Hampden,West Springfield,2022,5-Year-Estimates,Economic,Median Family Income,CEN_MEDFAMINC,"87,500.00"
Municipality,MA,Hampden,West Springfield,2022,5-Year-Estimates,Economic,Median Household Income,CEN_MEDHHINC,"67,297.00"
Municipality,MA,Hampden,West Springfield,2022,5-Year-Estimates,Economic,Per Capita Income,CEN_PERCAPINC,"41,129.00"
Municipality,MA,Hampden,West Springfield,2022,5-Year-Estimates,Economic,Percent of Employed Population in Poverty - Female,EMP_FEMALE_POV_PERC,0.1
Municipality,MA,Hampden,West Springfield,2022,5-Year-Estimates,Economic,Percent of Employed Population in Poverty - Male,EMP_MALE_POV_PERC,0.11
Municipality,MA,Hampden,West Springfield,2022,5-Year-Estimates,Economic,Percent of Families in Poverty,CEN_FAM_POV,0.07
Municipality,MA,Hampden,West Springfield,2022,5-Year-Estimates,Economic,Percent of Unemployed Population in Poverty - Female,UNEMP_FEMALE_POV_PERC,1.11
Municipality,MA,Hampden,West Springfield,2022,5-Year-Estimates,Economic,Percent of Unemployed Population in Poverty - Male,UNEMP_MALE_POV_PERC,0.69
Municipality,MA,Hampden,West Springfield,2022,5-Year-Estimates,Economic,Population Living below Poverty,CEN_POOR,"1,183.00"
Municipality,MA,Hampden,West Springfield,2022,5-Year-Estimates,Economic,Poverty Rate,CEN_POVRATE,0.07
Municipality,MA,Hampden,West Springfield,2022,5-Year-Estimates,Economic,Poverty Rate of Foreign Born,CEN_POV_FOR_BORN,0.02
Municipality,MA,Hampden,West Springfield,2022,5-Year-Estimates,Economic,Poverty Rate of Foreign Born Naturalized Citizens,CEN_POV_FOR_BORN_NAT,0
Municipality,MA,Hampden,West Springfield,2022,5-Year-Estimates,Economic,Poverty Rate of Foreign Born Non-Citizens,CEN_POV_FOR_BORN_NON_CIT,0
Municipality,MA,Hampden,West Springfield,2022,5-Year-Estimates,Economic,Poverty Status Determined Population,CEN_POVTOTALPOP,"28,665.00"
Municipality,MA,Hampden,West Springfield,2022,5-Year-Estimates,Economic,Self Employment Income-Household,CEN_SELFEMPINC,816
Municipality,MA,Hampden,West Springfield,2022,5-Year-Estimates,Economic,Total population counted for unemployment by sex - Female,UNEMP_FEMALE,822
Municipality,MA,Hampden,West Springfield,2022,5-Year-Estimates,Economic,Total population counted for unemployment by sex - Male,UNEMP_MALE,"1,044.00"
Municipality,MA,Hampden,West Springfield,2022,5-Year-Estimates,Economic,Unemployment by sex and below the poverty line - Female,UNEMP_FEMALE_POV,456
Municipality,MA,Hampden,West Springfield,2022,5-Year-Estimates,Economic,Unemployment by sex and below the poverty line - Male,UNEMP_MALE_POV,360
Municipality,MA,Hampden,Westfield,2022,5-Year-Estimates,Demographics,Population Total,CEN_POP,"40,794.00"
Municipality,MA,Hampden,Westfield,2022,5-Year-Estimates,Demographics,White Population,CEN_WHITE,"34,927.00"
Municipality,MA,Hampden,Westfield,2022,5-Year-Estimates,Demographics,Hispanic or Latino Population (of any race),CEN_HISPANIC,"4,229.00"
Municipality,MA,Hampden,Westfield,2022,5-Year-Estimates,Demographics,Black Population,CEN_BLACK,630
Municipality,MA,Hampden,Westfield,2022,5-Year-Estimates,Demographics,Other Races Population,CEN_OTHRACE,"1,576.00"
Municipality,MA,Hampden,Westfield,2022,5-Year-Estimates,Demographics,Asian Population,CEN_ASIAN,"1,772.00"
Municipality,MA,Hampden,Westfield,2022,5-Year-Estimates,Demographics,Age-3 to 4 Years Old,3_4_YEARS,628
Municipality,MA,Hampden,Westfield,2022,5-Year-Estimates,Demographics,Age-5 Years Old,5_YEARS,456
Municipality,MA,Hampden,Westfield,2022,5-Year-Estimates,Demographics,Age-6 to 8 Years Old,6_8_YEARS,"1,527.00"
Municipality,MA,Hampden,Westfield,2022,5-Year-Estimates,Demographics,Age-9 to 11 Years Old,9_11_YEARS,"1,176.00"
Municipality,MA,Hampden,Westfield,2022,5-Year-Estimates,Demographics,Age-12 to 14 Years Old,12_14_YEARS,"1,407.00"
Municipality,MA,Hampden,Westfield,2022,5-Year-Estimates,Demographics,Age-15 to 17 Years Old,15_17_YEARS,"1,616.00"
Municipality,MA,Hampden,Westfield,2022,5-Year-Estimates,Demographics,Age-18 to 19 Years Old,18_19_YEARS,"1,818.00"
Municipality,MA,Hampden,Westfield,2022,5-Year-Estimates,Demographics,Age-20 to 24 Years Old,20_24_YEARS,"3,413.00"
Municipality,MA,Hampden,Westfield,2022,5-Year-Estimates,Demographics,Age-25 to 29 Years Old,25_29_YEARS,"2,676.00"
Municipality,MA,Hampden,Westfield,2022,5-Year-Estimates,Demographics,Age-30 to 34 Years Old,30_34_YEARS,"2,687.00"
Municipality,MA,Hampden,Westfield,2022,5-Year-Estimates,Demographics,Age-35 to 39 Years Old,35_39_YEARS,"2,304.00"
Municipality,MA,Hampden,Westfield,2022,5-Year-Estimates,Demographics,Age-40 to 44 Years Old,40_44_YEARS,"2,231.00"
Municipality,MA,Hampden,Westfield,2022,5-Year-Estimates,Demographics,Age-45 to 49 Years Old,45_49_YEARS,"2,160.00"
Municipality,MA,Hampden,Westfield,2022,5-Year-Estimates,Demographics,Age-50 to 54 Years Old,50_54_YEARS,"2,632.00"
Municipality,MA,Hampden,Westfield,2022,5-Year-Estimates,Demographics,Age-55 to 59 Years Old,55_59_YEARS,"2,817.00"
Municipality,MA,Hampden,Westfield,2022,5-Year-Estimates,Demographics,Age-60 to 64 Years Old,60_64_YEARS,"2,693.00"
Municipality,MA,Hampden,Westfield,2022,5-Year-Estimates,Demographics,Age-65 to 69 Years Old,65_69_YEARS,"2,614.00"
Municipality,MA,Hampden,Westfield,2022,5-Year-Estimates,Demographics,Age-70 to 74 Years Old,70_74_YEARS,"2,082.00"
Municipality,MA,Hampden,Westfield,2022,5-Year-Estimates,Demographics,Age-75 to 79 Years Old,75_79_YEARS,"1,067.00"
Municipality,MA,Hampden,Westfield,2022,5-Year-Estimates,Demographics,Age-80 to 84 Years Old,80_84_YEARS,581
Municipality,MA,Hampden,Westfield,2022,5-Year-Estimates,Demographics,Age-85 & older,85+_YEARS,"1,031.00"
Municipality,MA,Hampden,Westfield,2022,5-Year-Estimates,Demographics,Age-Under 3 Years Old,UNDER_3_YEARS,"1,159.00"
Municipality,MA,Hampden,Westfield,2022,5-Year-Estimates,Demographics,Households-Married Couples,CEN_MARRHOU,"7,587.00"
Municipality,MA,Hampden,Westfield,2022,5-Year-Estimates,Demographics,Households-Single Parent,CEN_SINGPARHOU,"1,066.00"
Municipality,MA,Hampden,Westfield,2022,5-Year-Estimates,Demographics,Households-Total,CEN_HOUSEHOLDS,"15,435.00"
Municipality,MA,Hampden,Westfield,2022,5-Year-Estimates,Demographics,Net Domestic Migration,CEN_NET_DOM_MIGR,0
Municipality,MA,Hampden,Westfield,2022,5-Year-Estimates,Demographics,Percent Elderly with Car Access,CAR_AGE_HOUSEHOLDER,0.82
Municipality,MA,Hampden,Westfield,2022,5-Year-Estimates,Demographics,Percent Grandparents Who Are Primary Caregiver,GRAND_CAREGIVER,0.7
Municipality,MA,Hampden,Westfield,2022,5-Year-Estimates,Demographics,Percent of Elderly Below Poverty Line,ELDERLY_POV,0.07
Municipality,MA,Hampden,Westfield,2022,5-Year-Estimates,Demographics,Percent of Elderly who Live Alone,ELDERLY_LIVEALONE,0.28
Municipality,MA,Hampden,Westfield,2022,5-Year-Estimates,Demographics,Percent of Population Who are Not White,MINORITY_PERCENT,0.14
Municipality,MA,Hampden,Westfield,2022,5-Year-Estimates,Demographics,Population 5+,CEN_POP_O4,"38,988.00"
Municipality,MA,Hampden,Westfield,2022,5-Year-Estimates,Demographics,Population 25+,CEN_POP_O24,"27,575.00"
Municipality,MA,Hampden,Westfield,2022,5-Year-Estimates,Demographics,Population 65+,CEN_POP_O64,"7,375.00"
Municipality,MA,Hampden,Westfield,2022,5-Year-Estimates,Demographics,Population Living in Rural Areas,CEN_RURALPOP,0
Municipality,MA,Hampden,Westfield,2022,5-Year-Estimates,Demographics,Population living in the same county as five years ago,CEN_SAMECOUNTY,0
Municipality,MA,Hampden,Westfield,2022,5-Year-Estimates,Demographics,Population living in the same house as five years ago,CEN_SAMEHOUSE,0
Municipality,MA,Hampden,Westfield,2022,5-Year-Estimates,Demographics,Population Living in Urban Areas,CEN_URBANPOP,0
Municipality,MA,Hampden,Westfield,2022,5-Year-Estimates,Demographics,Population Under 18,CEN_POP_U18,"7,969.00"
Municipality,MA,Hampden,Westfield,2022,5-Year-Estimates,Demographics,Population-Foreign Born,CEN_FORBORN,"4,530.00"
Municipality,MA,Hampden,Westfield,2022,5-Year-Estimates,Demographics,Single Parent Families,CEN_SINGPAR_CHILD,0
Municipality,MA,Hampden,Westfield,2022,5-Year-Estimates,Demographics,Speak an Asian Language at Home,CEN_ASIANLANG,377
Municipality,MA,Hampden,Westfield,2022,5-Year-Estimates,Demographics,Speak Only English at Home,CEN_ENGLISH,"31,802.00"
Municipality,MA,Hampden,Westfield,2022,5-Year-Estimates,Demographics,Speak Other Language at Home,CEN_OTHLANG,73
Municipality,MA,Hampden,Westfield,2022,5-Year-Estimates,Demographics,Speak Spanish at Home,CEN_SPANISH,"2,434.00"
Municipality,MA,Hampden,Westfield,2022,5-Year-Estimates,Demographics,"Two or More Races, Not Hispanic or Latino",CEN_TWO_MORE_NOT_HISP,"1,862.00"
Municipality,MA,Hampden,Westfield,2022,5-Year-Estimates,Economic,"% Households with Income between $10,000 to $14,999",CEN_PERC_HHINC_10000-14999,0.05
Municipality,MA,Hampden,Westfield,2022,5-Year-Estimates,Economic,"% Households with Income between $15,000 to $24,999",CEN_PERC_HHINC_15000-24999,0.07
Municipality,MA,Hampden,Westfield,2022,5-Year-Estimates,Economic,"%  Households with Income between $25,000 to $34,999",CEN_PERC_HHINC_25000-34999,0.07
Municipality,MA,Hampden,Westfield,2022,5-Year-Estimates,Economic,"%  Households with Income between $35,000 to $49,999",CEN_PERC_HHINC_35000-49999,0.08
Municipality,MA,Hampden,Westfield,2022,5-Year-Estimates,Economic,"% of  Households with Income between $50,000 to $74,999",CEN_PERC_HHINC_50000-74999,0.18
Municipality,MA,Hampden,Westfield,2022,5-Year-Estimates,Economic,"% of  Households with Income between $75,000 to $99,999",CEN_PERC_HHINC_75000-99999,0.15
Municipality,MA,Hampden,Westfield,2022,5-Year-Estimates,Economic,"% of  Households with Income between $100,000 to $149,999",CEN_PERC_HHINC_100000-149999,0.18
Municipality,MA,Hampden,Westfield,2022,5-Year-Estimates,Economic,"%  of Households with Income between $150,000 to $199,999",CEN_PERC_HHINC_150000-199999,0.1
Municipality,MA,Hampden,Westfield,2022,5-Year-Estimates,Economic,"% of  Households with Income between $200,000 or more",CEN_PERC_HHINC_200000_PLUS,0.1
Municipality,MA,Hampden,Westfield,2022,5-Year-Estimates,Economic,"% of Households with Income Less than $10,000",CEN_PERC_HHINC_0-9999,0.03
Municipality,MA,Hampden,Westfield,2022,5-Year-Estimates,Economic,Child Poverty Rate,CEN_CHILD_POV,0.1
Municipality,MA,Hampden,Westfield,2022,5-Year-Estimates,Economic,Employment by sex - Female Total,EMP_FEMALE,"17,524.00"
Municipality,MA,Hampden,Westfield,2022,5-Year-Estimates,Economic,Employment by sex - Male Total,EMP_MALE,"20,080.00"
Municipality,MA,Hampden,Westfield,2022,5-Year-Estimates,Economic,Employment by sex and below the poverty line - Total,UNEMP_TOT_POV,184
Municipality,MA,Hampden,Westfield,2022,5-Year-Estimates,Economic,Employment by sex and below the poverty line - Total Percentage,UNEMP_TOT_POV_PERC,0.21
Municipality,MA,Hampden,Westfield,2022,5-Year-Estimates,Economic,Employment by sex and in poverty - Female,EMP_FEMALE_POV,662
Municipality,MA,Hampden,Westfield,2022,5-Year-Estimates,Economic,Employment by sex and in poverty - Male,EMP_MALE_POV,704
Municipality,MA,Hampden,Westfield,2022,5-Year-Estimates,Economic,Employment by sex and in poverty - Total,EMP_TOT_POV,"1,366.00"
Municipality,MA,Hampden,Westfield,2022,5-Year-Estimates,Economic,Employment by sex and in poverty - Total Percentage,EMP_TOT_POV_PERC,0.07
Municipality,MA,Hampden,Westfield,2022,5-Year-Estimates,Economic,Family Economic Self Sufficiency,CEN_FAMECON_SELF,0
Municipality,MA,Hampden,Westfield,2022,5-Year-Estimates,Economic,Gini Coefficient (Income Inequality),CEN_INCOME_INEQ,0.44
Municipality,MA,Hampden,Westfield,2022,5-Year-Estimates,Economic,"Households with Income between $10,000 to $14,999",CEN_HHINC_10000-14999,746
Municipality,MA,Hampden,Westfield,2022,5-Year-Estimates,Economic,"Households with Income between $15,000 to $24,999",CEN_HHINC_15000-24999,"1,054.00"
Municipality,MA,Hampden,Westfield,2022,5-Year-Estimates,Economic,"Households with Income between $25,000 to $34,999",CEN_HHINC_25000-34999,"1,039.00"
Municipality,MA,Hampden,Westfield,2022,5-Year-Estimates,Economic,"Households with Income between $35,000 to $49,999",CEN_HHINC_35000-49999,"1,226.00"
Municipality,MA,Hampden,Westfield,2022,5-Year-Estimates,Economic,"Households with Income between $50,000 to $74,999",CEN_HHINC_50000-74999,"2,816.00"
Municipality,MA,Hampden,Westfield,2022,5-Year-Estimates,Economic,"Households with Income between $75,000 to $99,999",CEN_HHINC_75000-99999,"2,251.00"
Municipality,MA,Hampden,Westfield,2022,5-Year-Estimates,Economic,"Households with Income between $100,000 to $149,999",CEN_HHINC_100000-149999,"2,810.00"
Municipality,MA,Hampden,Westfield,2022,5-Year-Estimates,Economic,"Households with Income between $150,000 to $199,999",CEN_HHINC_150000-199999,"1,486.00"
Municipality,MA,Hampden,Westfield,2022,5-Year-Estimates,Economic,"Households with Income between $200,000 or more",CEN_HHINC_200000_PLUS,"1,576.00"
Municipality,MA,Hampden,Westfield,2022,5-Year-Estimates,Economic,"Households with Income Less than $10,000",CEN_HHINC_0-9999,431
Municipality,MA,Hampden,Westfield,2022,5-Year-Estimates,Economic,Households with Retirement Income,CEN_RETINC,"4,154.00"
Municipality,MA,Hampden,Westfield,2022,5-Year-Estimates,Economic,Households with Social Security Income,CEN_SOCSECINC,"5,483.00"
Municipality,MA,Hampden,Westfield,2022,5-Year-Estimates,Economic,Income Under 200% of Poverty Line,CENPOV200,0.24
Municipality,MA,Hampden,Westfield,2022,5-Year-Estimates,Economic,Median Family Income,CEN_MEDFAMINC,"125,789.00"
Municipality,MA,Hampden,Westfield,2022,5-Year-Estimates,Economic,Median Household Income,CEN_MEDHHINC,"78,307.00"
Municipality,MA,Hampden,Westfield,2022,5-Year-Estimates,Economic,Per Capita Income,CEN_PERCAPINC,"38,979.00"
Municipality,MA,Hampden,Westfield,2022,5-Year-Estimates,Economic,Percent of Employed Population in Poverty - Female,EMP_FEMALE_POV_PERC,0.08
Municipality,MA,Hampden,Westfield,2022,5-Year-Estimates,Economic,Percent of Employed Population in Poverty - Male,EMP_MALE_POV_PERC,0.07
Municipality,MA,Hampden,Westfield,2022,5-Year-Estimates,Economic,Percent of Families in Poverty,CEN_FAM_POV,0.06
Municipality,MA,Hampden,Westfield,2022,5-Year-Estimates,Economic,Percent of Unemployed Population in Poverty - Female,UNEMP_FEMALE_POV_PERC,0.04
Municipality,MA,Hampden,Westfield,2022,5-Year-Estimates,Economic,Percent of Unemployed Population in Poverty - Male,UNEMP_MALE_POV_PERC,0.38
Municipality,MA,Hampden,Westfield,2022,5-Year-Estimates,Economic,Population Living below Poverty,CEN_POOR,775
Municipality,MA,Hampden,Westfield,2022,5-Year-Estimates,Economic,Poverty Rate,CEN_POVRATE,0.04
Municipality,MA,Hampden,Westfield,2022,5-Year-Estimates,Economic,Poverty Rate of Foreign Born,CEN_POV_FOR_BORN,0.02
Municipality,MA,Hampden,Westfield,2022,5-Year-Estimates,Economic,Poverty Rate of Foreign Born Naturalized Citizens,CEN_POV_FOR_BORN_NAT,0
Municipality,MA,Hampden,Westfield,2022,5-Year-Estimates,Economic,Poverty Rate of Foreign Born Non-Citizens,CEN_POV_FOR_BORN_NON_CIT,0
Municipality,MA,Hampden,Westfield,2022,5-Year-Estimates,Economic,Poverty Status Determined Population,CEN_POVTOTALPOP,"38,192.00"
Municipality,MA,Hampden,Westfield,2022,5-Year-Estimates,Economic,Self Employment Income-Household,CEN_SELFEMPINC,"1,218.00"
Municipality,MA,Hampden,Westfield,2022,5-Year-Estimates,Economic,Total population counted for unemployment by sex - Female,UNEMP_FEMALE,906
Municipality,MA,Hampden,Westfield,2022,5-Year-Estimates,Economic,Total population counted for unemployment by sex - Male,UNEMP_MALE,862
Municipality,MA,Hampden,Westfield,2022,5-Year-Estimates,Economic,Unemployment by sex and below the poverty line - Female,UNEMP_FEMALE_POV,20
Municipality,MA,Hampden,Westfield,2022,5-Year-Estimates,Economic,Unemployment by sex and below the poverty line - Male,UNEMP_MALE_POV,164
Municipality,MA,Hampden,Wilbraham,2022,5-Year-Estimates,Demographics,Population Total,CEN_POP,"14,595.00"
Municipality,MA,Hampden,Wilbraham,2022,5-Year-Estimates,Demographics,White Population,CEN_WHITE,"13,075.00"
Municipality,MA,Hampden,Wilbraham,2022,5-Year-Estimates,Demographics,Hispanic or Latino Population (of any race),CEN_HISPANIC,802
Municipality,MA,Hampden,Wilbraham,2022,5-Year-Estimates,Demographics,Black Population,CEN_BLACK,555
Municipality,MA,Hampden,Wilbraham,2022,5-Year-Estimates,Demographics,Other Races Population,CEN_OTHRACE,82
Municipality,MA,Hampden,Wilbraham,2022,5-Year-Estimates,Demographics,Asian Population,CEN_ASIAN,224
Municipality,MA,Hampden,Wilbraham,2022,5-Year-Estimates,Demographics,Age-3 to 4 Years Old,3_4_YEARS,226
Municipality,MA,Hampden,Wilbraham,2022,5-Year-Estimates,Demographics,Age-5 Years Old,5_YEARS,71
Municipality,MA,Hampden,Wilbraham,2022,5-Year-Estimates,Demographics,Age-6 to 8 Years Old,6_8_YEARS,578
Municipality,MA,Hampden,Wilbraham,2022,5-Year-Estimates,Demographics,Age-9 to 11 Years Old,9_11_YEARS,441
Municipality,MA,Hampden,Wilbraham,2022,5-Year-Estimates,Demographics,Age-12 to 14 Years Old,12_14_YEARS,794
Municipality,MA,Hampden,Wilbraham,2022,5-Year-Estimates,Demographics,Age-15 to 17 Years Old,15_17_YEARS,826
Municipality,MA,Hampden,Wilbraham,2022,5-Year-Estimates,Demographics,Age-18 to 19 Years Old,18_19_YEARS,345
Municipality,MA,Hampden,Wilbraham,2022,5-Year-Estimates,Demographics,Age-20 to 24 Years Old,20_24_YEARS,546
Municipality,MA,Hampden,Wilbraham,2022,5-Year-Estimates,Demographics,Age-25 to 29 Years Old,25_29_YEARS,623
Municipality,MA,Hampden,Wilbraham,2022,5-Year-Estimates,Demographics,Age-30 to 34 Years Old,30_34_YEARS,807
Municipality,MA,Hampden,Wilbraham,2022,5-Year-Estimates,Demographics,Age-35 to 39 Years Old,35_39_YEARS,906
Municipality,MA,Hampden,Wilbraham,2022,5-Year-Estimates,Demographics,Age-40 to 44 Years Old,40_44_YEARS,924
Municipality,MA,Hampden,Wilbraham,2022,5-Year-Estimates,Demographics,Age-45 to 49 Years Old,45_49_YEARS,759
Municipality,MA,Hampden,Wilbraham,2022,5-Year-Estimates,Demographics,Age-50 to 54 Years Old,50_54_YEARS,985
Municipality,MA,Hampden,Wilbraham,2022,5-Year-Estimates,Demographics,Age-55 to 59 Years Old,55_59_YEARS,"1,083.00"
Municipality,MA,Hampden,Wilbraham,2022,5-Year-Estimates,Demographics,Age-60 to 64 Years Old,60_64_YEARS,"1,083.00"
Municipality,MA,Hampden,Wilbraham,2022,5-Year-Estimates,Demographics,Age-65 to 69 Years Old,65_69_YEARS,"1,202.00"
Municipality,MA,Hampden,Wilbraham,2022,5-Year-Estimates,Demographics,Age-70 to 74 Years Old,70_74_YEARS,807
Municipality,MA,Hampden,Wilbraham,2022,5-Year-Estimates,Demographics,Age-75 to 79 Years Old,75_79_YEARS,478
Municipality,MA,Hampden,Wilbraham,2022,5-Year-Estimates,Demographics,Age-80 to 84 Years Old,80_84_YEARS,242
Municipality,MA,Hampden,Wilbraham,2022,5-Year-Estimates,Demographics,Age-85 & older,85+_YEARS,572
Municipality,MA,Hampden,Wilbraham,2022,5-Year-Estimates,Demographics,Age-Under 3 Years Old,UNDER_3_YEARS,297
Municipality,MA,Hampden,Wilbraham,2022,5-Year-Estimates,Demographics,Households-Married Couples,CEN_MARRHOU,"3,292.00"
Municipality,MA,Hampden,Wilbraham,2022,5-Year-Estimates,Demographics,Households-Single Parent,CEN_SINGPARHOU,209
Municipality,MA,Hampden,Wilbraham,2022,5-Year-Estimates,Demographics,Households-Total,CEN_HOUSEHOLDS,"5,344.00"
Municipality,MA,Hampden,Wilbraham,2022,5-Year-Estimates,Demographics,Net Domestic Migration,CEN_NET_DOM_MIGR,0
Municipality,MA,Hampden,Wilbraham,2022,5-Year-Estimates,Demographics,Percent Elderly with Car Access,CAR_AGE_HOUSEHOLDER,0.92
Municipality,MA,Hampden,Wilbraham,2022,5-Year-Estimates,Demographics,Percent Grandparents Who Are Primary Caregiver,GRAND_CAREGIVER,0.58
Municipality,MA,Hampden,Wilbraham,2022,5-Year-Estimates,Demographics,Percent of Elderly Below Poverty Line,ELDERLY_POV,0.08
Municipality,MA,Hampden,Wilbraham,2022,5-Year-Estimates,Demographics,Percent of Elderly who Live Alone,ELDERLY_LIVEALONE,0.24
Municipality,MA,Hampden,Wilbraham,2022,5-Year-Estimates,Demographics,Percent of Population Who are Not White,MINORITY_PERCENT,0.1
Municipality,MA,Hampden,Wilbraham,2022,5-Year-Estimates,Demographics,Population 5+,CEN_POP_O4,"14,072.00"
Municipality,MA,Hampden,Wilbraham,2022,5-Year-Estimates,Demographics,Population 25+,CEN_POP_O24,"10,471.00"
Municipality,MA,Hampden,Wilbraham,2022,5-Year-Estimates,Demographics,Population 65+,CEN_POP_O64,"3,301.00"
Municipality,MA,Hampden,Wilbraham,2022,5-Year-Estimates,Demographics,Population Living in Rural Areas,CEN_RURALPOP,0
Municipality,MA,Hampden,Wilbraham,2022,5-Year-Estimates,Demographics,Population living in the same county as five years ago,CEN_SAMECOUNTY,0
Municipality,MA,Hampden,Wilbraham,2022,5-Year-Estimates,Demographics,Population living in the same house as five years ago,CEN_SAMEHOUSE,0
Municipality,MA,Hampden,Wilbraham,2022,5-Year-Estimates,Demographics,Population Living in Urban Areas,CEN_URBANPOP,0
Municipality,MA,Hampden,Wilbraham,2022,5-Year-Estimates,Demographics,Population Under 18,CEN_POP_U18,"3,233.00"
Municipality,MA,Hampden,Wilbraham,2022,5-Year-Estimates,Demographics,Population-Foreign Born,CEN_FORBORN,594
Municipality,MA,Hampden,Wilbraham,2022,5-Year-Estimates,Demographics,Single Parent Families,CEN_SINGPAR_CHILD,0
Municipality,MA,Hampden,Wilbraham,2022,5-Year-Estimates,Demographics,Speak an Asian Language at Home,CEN_ASIANLANG,175
Municipality,MA,Hampden,Wilbraham,2022,5-Year-Estimates,Demographics,Speak Only English at Home,CEN_ENGLISH,"13,436.00"
Municipality,MA,Hampden,Wilbraham,2022,5-Year-Estimates,Demographics,Speak Other Language at Home,CEN_OTHLANG,0
Municipality,MA,Hampden,Wilbraham,2022,5-Year-Estimates,Demographics,Speak Spanish at Home,CEN_SPANISH,283
Municipality,MA,Hampden,Wilbraham,2022,5-Year-Estimates,Demographics,"Two or More Races, Not Hispanic or Latino",CEN_TWO_MORE_NOT_HISP,644
Municipality,MA,Hampden,Wilbraham,2022,5-Year-Estimates,Economic,"% Households with Income between $10,000 to $14,999",CEN_PERC_HHINC_10000-14999,0.04
Municipality,MA,Hampden,Wilbraham,2022,5-Year-Estimates,Economic,"% Households with Income between $15,000 to $24,999",CEN_PERC_HHINC_15000-24999,0.03
Municipality,MA,Hampden,Wilbraham,2022,5-Year-Estimates,Economic,"%  Households with Income between $25,000 to $34,999",CEN_PERC_HHINC_25000-34999,0.06
Municipality,MA,Hampden,Wilbraham,2022,5-Year-Estimates,Economic,"%  Households with Income between $35,000 to $49,999",CEN_PERC_HHINC_35000-49999,0.06
Municipality,MA,Hampden,Wilbraham,2022,5-Year-Estimates,Economic,"% of  Households with Income between $50,000 to $74,999",CEN_PERC_HHINC_50000-74999,0.07
Municipality,MA,Hampden,Wilbraham,2022,5-Year-Estimates,Economic,"% of  Households with Income between $75,000 to $99,999",CEN_PERC_HHINC_75000-99999,0.1
Municipality,MA,Hampden,Wilbraham,2022,5-Year-Estimates,Economic,"% of  Households with Income between $100,000 to $149,999",CEN_PERC_HHINC_100000-149999,0.21
Municipality,MA,Hampden,Wilbraham,2022,5-Year-Estimates,Economic,"%  of Households with Income between $150,000 to $199,999",CEN_PERC_HHINC_150000-199999,0.2
Municipality,MA,Hampden,Wilbraham,2022,5-Year-Estimates,Economic,"% of  Households with Income between $200,000 or more",CEN_PERC_HHINC_200000_PLUS,0.23
Municipality,MA,Hampden,Wilbraham,2022,5-Year-Estimates,Economic,"% of Households with Income Less than $10,000",CEN_PERC_HHINC_0-9999,0.01
Municipality,MA,Hampden,Wilbraham,2022,5-Year-Estimates,Economic,Child Poverty Rate,CEN_CHILD_POV,0.02
Municipality,MA,Hampden,Wilbraham,2022,5-Year-Estimates,Economic,Employment by sex - Female Total,EMP_FEMALE,"7,640.00"
Municipality,MA,Hampden,Wilbraham,2022,5-Year-Estimates,Economic,Employment by sex - Male Total,EMP_MALE,"7,692.00"
Municipality,MA,Hampden,Wilbraham,2022,5-Year-Estimates,Economic,Employment by sex and below the poverty line - Total,UNEMP_TOT_POV,40
Municipality,MA,Hampden,Wilbraham,2022,5-Year-Estimates,Economic,Employment by sex and below the poverty line - Total Percentage,UNEMP_TOT_POV_PERC,0.44
Municipality,MA,Hampden,Wilbraham,2022,5-Year-Estimates,Economic,Employment by sex and in poverty - Female,EMP_FEMALE_POV,32
Municipality,MA,Hampden,Wilbraham,2022,5-Year-Estimates,Economic,Employment by sex and in poverty - Male,EMP_MALE_POV,74
Municipality,MA,Hampden,Wilbraham,2022,5-Year-Estimates,Economic,Employment by sex and in poverty - Total,EMP_TOT_POV,106
Municipality,MA,Hampden,Wilbraham,2022,5-Year-Estimates,Economic,Employment by sex and in poverty - Total Percentage,EMP_TOT_POV_PERC,0.01
Municipality,MA,Hampden,Wilbraham,2022,5-Year-Estimates,Economic,Family Economic Self Sufficiency,CEN_FAMECON_SELF,0
Municipality,MA,Hampden,Wilbraham,2022,5-Year-Estimates,Economic,Gini Coefficient (Income Inequality),CEN_INCOME_INEQ,0.4
Municipality,MA,Hampden,Wilbraham,2022,5-Year-Estimates,Economic,"Households with Income between $10,000 to $14,999",CEN_HHINC_10000-14999,226
Municipality,MA,Hampden,Wilbraham,2022,5-Year-Estimates,Economic,"Households with Income between $15,000 to $24,999",CEN_HHINC_15000-24999,165
Municipality,MA,Hampden,Wilbraham,2022,5-Year-Estimates,Economic,"Households with Income between $25,000 to $34,999",CEN_HHINC_25000-34999,315
Municipality,MA,Hampden,Wilbraham,2022,5-Year-Estimates,Economic,"Households with Income between $35,000 to $49,999",CEN_HHINC_35000-49999,308
Municipality,MA,Hampden,Wilbraham,2022,5-Year-Estimates,Economic,"Households with Income between $50,000 to $74,999",CEN_HHINC_50000-74999,381
Municipality,MA,Hampden,Wilbraham,2022,5-Year-Estimates,Economic,"Households with Income between $75,000 to $99,999",CEN_HHINC_75000-99999,517
Municipality,MA,Hampden,Wilbraham,2022,5-Year-Estimates,Economic,"Households with Income between $100,000 to $149,999",CEN_HHINC_100000-149999,"1,104.00"
Municipality,MA,Hampden,Wilbraham,2022,5-Year-Estimates,Economic,"Households with Income between $150,000 to $199,999",CEN_HHINC_150000-199999,"1,058.00"
Municipality,MA,Hampden,Wilbraham,2022,5-Year-Estimates,Economic,"Households with Income between $200,000 or more",CEN_HHINC_200000_PLUS,"1,207.00"
Municipality,MA,Hampden,Wilbraham,2022,5-Year-Estimates,Economic,"Households with Income Less than $10,000",CEN_HHINC_0-9999,63
Municipality,MA,Hampden,Wilbraham,2022,5-Year-Estimates,Economic,Households with Retirement Income,CEN_RETINC,"1,614.00"
Municipality,MA,Hampden,Wilbraham,2022,5-Year-Estimates,Economic,Households with Social Security Income,CEN_SOCSECINC,"1,893.00"
Municipality,MA,Hampden,Wilbraham,2022,5-Year-Estimates,Economic,Income Under 200% of Poverty Line,CENPOV200,0.11
Municipality,MA,Hampden,Wilbraham,2022,5-Year-Estimates,Economic,Median Family Income,CEN_MEDFAMINC,"103,333.00"
Municipality,MA,Hampden,Wilbraham,2022,5-Year-Estimates,Economic,Median Household Income,CEN_MEDHHINC,"125,946.00"
Municipality,MA,Hampden,Wilbraham,2022,5-Year-Estimates,Economic,Per Capita Income,CEN_PERCAPINC,"53,584.00"
Municipality,MA,Hampden,Wilbraham,2022,5-Year-Estimates,Economic,Percent of Employed Population in Poverty - Female,EMP_FEMALE_POV_PERC,0.01
Municipality,MA,Hampden,Wilbraham,2022,5-Year-Estimates,Economic,Percent of Employed Population in Poverty - Male,EMP_MALE_POV_PERC,0.02
Municipality,MA,Hampden,Wilbraham,2022,5-Year-Estimates,Economic,Percent of Families in Poverty,CEN_FAM_POV,0.01
Municipality,MA,Hampden,Wilbraham,2022,5-Year-Estimates,Economic,Percent of Unemployed Population in Poverty - Female,UNEMP_FEMALE_POV_PERC,0
Municipality,MA,Hampden,Wilbraham,2022,5-Year-Estimates,Economic,Percent of Unemployed Population in Poverty - Male,UNEMP_MALE_POV_PERC,1.21
Municipality,MA,Hampden,Wilbraham,2022,5-Year-Estimates,Economic,Population Living below Poverty,CEN_POOR,73
Municipality,MA,Hampden,Wilbraham,2022,5-Year-Estimates,Economic,Poverty Rate,CEN_POVRATE,0.01
Municipality,MA,Hampden,Wilbraham,2022,5-Year-Estimates,Economic,Poverty Rate of Foreign Born,CEN_POV_FOR_BORN,0
Municipality,MA,Hampden,Wilbraham,2022,5-Year-Estimates,Economic,Poverty Rate of Foreign Born Naturalized Citizens,CEN_POV_FOR_BORN_NAT,0
Municipality,MA,Hampden,Wilbraham,2022,5-Year-Estimates,Economic,Poverty Rate of Foreign Born Non-Citizens,CEN_POV_FOR_BORN_NON_CIT,0
Municipality,MA,Hampden,Wilbraham,2022,5-Year-Estimates,Economic,Poverty Status Determined Population,CEN_POVTOTALPOP,"14,265.00"
Municipality,MA,Hampden,Wilbraham,2022,5-Year-Estimates,Economic,Self Employment Income-Household,CEN_SELFEMPINC,612
Municipality,MA,Hampden,Wilbraham,2022,5-Year-Estimates,Economic,Total population counted for unemployment by sex - Female,UNEMP_FEMALE,114
Municipality,MA,Hampden,Wilbraham,2022,5-Year-Estimates,Economic,Total population counted for unemployment by sex - Male,UNEMP_MALE,66
Municipality,MA,Hampden,Wilbraham,2022,5-Year-Estimates,Economic,Unemployment by sex and below the poverty line - Female,UNEMP_FEMALE_POV,0
Municipality,MA,Hampden,Wilbraham,2022,5-Year-Estimates,Economic,Unemployment by sex and below the poverty line - Male,UNEMP_MALE_POV,40
Municipality,MA,Hampshire,Amherst,2022,5-Year-Estimates,Demographics,Population Total,CEN_POP,"33,389.00"
Municipality,MA,Hampshire,Amherst,2022,5-Year-Estimates,Demographics,White Population,CEN_WHITE,"23,200.00"
Municipality,MA,Hampshire,Amherst,2022,5-Year-Estimates,Demographics,Hispanic or Latino Population (of any race),CEN_HISPANIC,"2,680.00"
Municipality,MA,Hampshire,Amherst,2022,5-Year-Estimates,Demographics,Black Population,CEN_BLACK,"1,516.00"
Municipality,MA,Hampshire,Amherst,2022,5-Year-Estimates,Demographics,Other Races Population,CEN_OTHRACE,515
Municipality,MA,Hampshire,Amherst,2022,5-Year-Estimates,Demographics,Asian Population,CEN_ASIAN,"4,491.00"
Municipality,MA,Hampshire,Amherst,2022,5-Year-Estimates,Demographics,Age-3 to 4 Years Old,3_4_YEARS,346
Municipality,MA,Hampshire,Amherst,2022,5-Year-Estimates,Demographics,Age-5 Years Old,5_YEARS,107
Municipality,MA,Hampshire,Amherst,2022,5-Year-Estimates,Demographics,Age-6 to 8 Years Old,6_8_YEARS,456
Municipality,MA,Hampshire,Amherst,2022,5-Year-Estimates,Demographics,Age-9 to 11 Years Old,9_11_YEARS,318
Municipality,MA,Hampshire,Amherst,2022,5-Year-Estimates,Demographics,Age-12 to 14 Years Old,12_14_YEARS,562
Municipality,MA,Hampshire,Amherst,2022,5-Year-Estimates,Demographics,Age-15 to 17 Years Old,15_17_YEARS,655
Municipality,MA,Hampshire,Amherst,2022,5-Year-Estimates,Demographics,Age-18 to 19 Years Old,18_19_YEARS,"8,103.00"
Municipality,MA,Hampshire,Amherst,2022,5-Year-Estimates,Demographics,Age-20 to 24 Years Old,20_24_YEARS,"11,638.00"
Municipality,MA,Hampshire,Amherst,2022,5-Year-Estimates,Demographics,Age-25 to 29 Years Old,25_29_YEARS,"1,346.00"
Municipality,MA,Hampshire,Amherst,2022,5-Year-Estimates,Demographics,Age-30 to 34 Years Old,30_34_YEARS,536
Municipality,MA,Hampshire,Amherst,2022,5-Year-Estimates,Demographics,Age-35 to 39 Years Old,35_39_YEARS,"1,025.00"
Municipality,MA,Hampshire,Amherst,2022,5-Year-Estimates,Demographics,Age-40 to 44 Years Old,40_44_YEARS,815
Municipality,MA,Hampshire,Amherst,2022,5-Year-Estimates,Demographics,Age-45 to 49 Years Old,45_49_YEARS,848
Municipality,MA,Hampshire,Amherst,2022,5-Year-Estimates,Demographics,Age-50 to 54 Years Old,50_54_YEARS,"1,016.00"
Municipality,MA,Hampshire,Amherst,2022,5-Year-Estimates,Demographics,Age-55 to 59 Years Old,55_59_YEARS,"1,153.00"
Municipality,MA,Hampshire,Amherst,2022,5-Year-Estimates,Demographics,Age-60 to 64 Years Old,60_64_YEARS,912
Municipality,MA,Hampshire,Amherst,2022,5-Year-Estimates,Demographics,Age-65 to 69 Years Old,65_69_YEARS,855
Municipality,MA,Hampshire,Amherst,2022,5-Year-Estimates,Demographics,Age-70 to 74 Years Old,70_74_YEARS,992
Municipality,MA,Hampshire,Amherst,2022,5-Year-Estimates,Demographics,Age-75 to 79 Years Old,75_79_YEARS,549
Municipality,MA,Hampshire,Amherst,2022,5-Year-Estimates,Demographics,Age-80 to 84 Years Old,80_84_YEARS,318
Municipality,MA,Hampshire,Amherst,2022,5-Year-Estimates,Demographics,Age-85 & older,85+_YEARS,341
Municipality,MA,Hampshire,Amherst,2022,5-Year-Estimates,Demographics,Age-Under 3 Years Old,UNDER_3_YEARS,289
Municipality,MA,Hampshire,Amherst,2022,5-Year-Estimates,Demographics,Households-Married Couples,CEN_MARRHOU,"2,878.00"
Municipality,MA,Hampshire,Amherst,2022,5-Year-Estimates,Demographics,Households-Single Parent,CEN_SINGPARHOU,347
Municipality,MA,Hampshire,Amherst,2022,5-Year-Estimates,Demographics,Households-Total,CEN_HOUSEHOLDS,"8,114.00"
Municipality,MA,Hampshire,Amherst,2022,5-Year-Estimates,Demographics,Net Domestic Migration,CEN_NET_DOM_MIGR,0
Municipality,MA,Hampshire,Amherst,2022,5-Year-Estimates,Demographics,Percent Elderly with Car Access,CAR_AGE_HOUSEHOLDER,0.87
Municipality,MA,Hampshire,Amherst,2022,5-Year-Estimates,Demographics,Percent Grandparents Who Are Primary Caregiver,GRAND_CAREGIVER,0
Municipality,MA,Hampshire,Amherst,2022,5-Year-Estimates,Demographics,Percent of Elderly Below Poverty Line,ELDERLY_POV,0.04
Municipality,MA,Hampshire,Amherst,2022,5-Year-Estimates,Demographics,Percent of Elderly who Live Alone,ELDERLY_LIVEALONE,0.27
Municipality,MA,Hampshire,Amherst,2022,5-Year-Estimates,Demographics,Percent of Population Who are Not White,MINORITY_PERCENT,0.31
Municipality,MA,Hampshire,Amherst,2022,5-Year-Estimates,Demographics,Population 5+,CEN_POP_O4,"32,545.00"
Municipality,MA,Hampshire,Amherst,2022,5-Year-Estimates,Demographics,Population 25+,CEN_POP_O24,"10,706.00"
Municipality,MA,Hampshire,Amherst,2022,5-Year-Estimates,Demographics,Population 65+,CEN_POP_O64,"3,055.00"
Municipality,MA,Hampshire,Amherst,2022,5-Year-Estimates,Demographics,Population Living in Rural Areas,CEN_RURALPOP,0
Municipality,MA,Hampshire,Amherst,2022,5-Year-Estimates,Demographics,Population living in the same county as five years ago,CEN_SAMECOUNTY,0
Municipality,MA,Hampshire,Amherst,2022,5-Year-Estimates,Demographics,Population living in the same house as five years ago,CEN_SAMEHOUSE,0
Municipality,MA,Hampshire,Amherst,2022,5-Year-Estimates,Demographics,Population Living in Urban Areas,CEN_URBANPOP,0
Municipality,MA,Hampshire,Amherst,2022,5-Year-Estimates,Demographics,Population Under 18,CEN_POP_U18,"2,733.00"
Municipality,MA,Hampshire,Amherst,2022,5-Year-Estimates,Demographics,Population-Foreign Born,CEN_FORBORN,"5,492.00"
Municipality,MA,Hampshire,Amherst,2022,5-Year-Estimates,Demographics,Single Parent Families,CEN_SINGPAR_CHILD,0
Municipality,MA,Hampshire,Amherst,2022,5-Year-Estimates,Demographics,Speak an Asian Language at Home,CEN_ASIANLANG,"2,510.00"
Municipality,MA,Hampshire,Amherst,2022,5-Year-Estimates,Demographics,Speak Only English at Home,CEN_ENGLISH,"25,938.00"
Municipality,MA,Hampshire,Amherst,2022,5-Year-Estimates,Demographics,Speak Other Language at Home,CEN_OTHLANG,364
Municipality,MA,Hampshire,Amherst,2022,5-Year-Estimates,Demographics,Speak Spanish at Home,CEN_SPANISH,"1,507.00"
Municipality,MA,Hampshire,Amherst,2022,5-Year-Estimates,Demographics,"Two or More Races, Not Hispanic or Latino",CEN_TWO_MORE_NOT_HISP,"3,529.00"
Municipality,MA,Hampshire,Amherst,2022,5-Year-Estimates,Economic,"% Households with Income between $10,000 to $14,999",CEN_PERC_HHINC_10000-14999,0.06
Municipality,MA,Hampshire,Amherst,2022,5-Year-Estimates,Economic,"% Households with Income between $15,000 to $24,999",CEN_PERC_HHINC_15000-24999,0.1
Municipality,MA,Hampshire,Amherst,2022,5-Year-Estimates,Economic,"%  Households with Income between $25,000 to $34,999",CEN_PERC_HHINC_25000-34999,0.07
Municipality,MA,Hampshire,Amherst,2022,5-Year-Estimates,Economic,"%  Households with Income between $35,000 to $49,999",CEN_PERC_HHINC_35000-49999,0.07
Municipality,MA,Hampshire,Amherst,2022,5-Year-Estimates,Economic,"% of  Households with Income between $50,000 to $74,999",CEN_PERC_HHINC_50000-74999,0.14
Municipality,MA,Hampshire,Amherst,2022,5-Year-Estimates,Economic,"% of  Households with Income between $75,000 to $99,999",CEN_PERC_HHINC_75000-99999,0.1
Municipality,MA,Hampshire,Amherst,2022,5-Year-Estimates,Economic,"% of  Households with Income between $100,000 to $149,999",CEN_PERC_HHINC_100000-149999,0.15
Municipality,MA,Hampshire,Amherst,2022,5-Year-Estimates,Economic,"%  of Households with Income between $150,000 to $199,999",CEN_PERC_HHINC_150000-199999,0.09
Municipality,MA,Hampshire,Amherst,2022,5-Year-Estimates,Economic,"% of  Households with Income between $200,000 or more",CEN_PERC_HHINC_200000_PLUS,0.15
Municipality,MA,Hampshire,Amherst,2022,5-Year-Estimates,Economic,"% of Households with Income Less than $10,000",CEN_PERC_HHINC_0-9999,0.09
Municipality,MA,Hampshire,Amherst,2022,5-Year-Estimates,Economic,Child Poverty Rate,CEN_CHILD_POV,0.07
Municipality,MA,Hampshire,Amherst,2022,5-Year-Estimates,Economic,Employment by sex - Female Total,EMP_FEMALE,"8,830.00"
Municipality,MA,Hampshire,Amherst,2022,5-Year-Estimates,Economic,Employment by sex - Male Total,EMP_MALE,"11,062.00"
Municipality,MA,Hampshire,Amherst,2022,5-Year-Estimates,Economic,Employment by sex and below the poverty line - Total,UNEMP_TOT_POV,768
Municipality,MA,Hampshire,Amherst,2022,5-Year-Estimates,Economic,Employment by sex and below the poverty line - Total Percentage,UNEMP_TOT_POV_PERC,1.33
Municipality,MA,Hampshire,Amherst,2022,5-Year-Estimates,Economic,Employment by sex and in poverty - Female,EMP_FEMALE_POV,"2,168.00"
Municipality,MA,Hampshire,Amherst,2022,5-Year-Estimates,Economic,Employment by sex and in poverty - Male,EMP_MALE_POV,"1,926.00"
Municipality,MA,Hampshire,Amherst,2022,5-Year-Estimates,Economic,Employment by sex and in poverty - Total,EMP_TOT_POV,"4,094.00"
Municipality,MA,Hampshire,Amherst,2022,5-Year-Estimates,Economic,Employment by sex and in poverty - Total Percentage,EMP_TOT_POV_PERC,0.41
Municipality,MA,Hampshire,Amherst,2022,5-Year-Estimates,Economic,Family Economic Self Sufficiency,CEN_FAMECON_SELF,0
Municipality,MA,Hampshire,Amherst,2022,5-Year-Estimates,Economic,Gini Coefficient (Income Inequality),CEN_INCOME_INEQ,0.54
Municipality,MA,Hampshire,Amherst,2022,5-Year-Estimates,Economic,"Households with Income between $10,000 to $14,999",CEN_HHINC_10000-14999,483
Municipality,MA,Hampshire,Amherst,2022,5-Year-Estimates,Economic,"Households with Income between $15,000 to $24,999",CEN_HHINC_15000-24999,808
Municipality,MA,Hampshire,Amherst,2022,5-Year-Estimates,Economic,"Households with Income between $25,000 to $34,999",CEN_HHINC_25000-34999,526
Municipality,MA,Hampshire,Amherst,2022,5-Year-Estimates,Economic,"Households with Income between $35,000 to $49,999",CEN_HHINC_35000-49999,553
Municipality,MA,Hampshire,Amherst,2022,5-Year-Estimates,Economic,"Households with Income between $50,000 to $74,999",CEN_HHINC_50000-74999,"1,102.00"
Municipality,MA,Hampshire,Amherst,2022,5-Year-Estimates,Economic,"Households with Income between $75,000 to $99,999",CEN_HHINC_75000-99999,773
Municipality,MA,Hampshire,Amherst,2022,5-Year-Estimates,Economic,"Households with Income between $100,000 to $149,999",CEN_HHINC_100000-149999,"1,205.00"
Municipality,MA,Hampshire,Amherst,2022,5-Year-Estimates,Economic,"Households with Income between $150,000 to $199,999",CEN_HHINC_150000-199999,752
Municipality,MA,Hampshire,Amherst,2022,5-Year-Estimates,Economic,"Households with Income between $200,000 or more",CEN_HHINC_200000_PLUS,"1,201.00"
Municipality,MA,Hampshire,Amherst,2022,5-Year-Estimates,Economic,"Households with Income Less than $10,000",CEN_HHINC_0-9999,711
Municipality,MA,Hampshire,Amherst,2022,5-Year-Estimates,Economic,Households with Retirement Income,CEN_RETINC,"2,244.00"
Municipality,MA,Hampshire,Amherst,2022,5-Year-Estimates,Economic,Households with Social Security Income,CEN_SOCSECINC,"1,851.00"
Municipality,MA,Hampshire,Amherst,2022,5-Year-Estimates,Economic,Income Under 200% of Poverty Line,CENPOV200,0.37
Municipality,MA,Hampshire,Amherst,2022,5-Year-Estimates,Economic,Median Family Income,CEN_MEDFAMINC,"92,593.00"
Municipality,MA,Hampshire,Amherst,2022,5-Year-Estimates,Economic,Median Household Income,CEN_MEDHHINC,"68,427.00"
Municipality,MA,Hampshire,Amherst,2022,5-Year-Estimates,Economic,Per Capita Income,CEN_PERCAPINC,"28,179.00"
Municipality,MA,Hampshire,Amherst,2022,5-Year-Estimates,Economic,Percent of Employed Population in Poverty - Female,EMP_FEMALE_POV_PERC,0.49
Municipality,MA,Hampshire,Amherst,2022,5-Year-Estimates,Economic,Percent of Employed Population in Poverty - Male,EMP_MALE_POV_PERC,0.35
Municipality,MA,Hampshire,Amherst,2022,5-Year-Estimates,Economic,Percent of Families in Poverty,CEN_FAM_POV,0.04
Municipality,MA,Hampshire,Amherst,2022,5-Year-Estimates,Economic,Percent of Unemployed Population in Poverty - Female,UNEMP_FEMALE_POV_PERC,1.3
Municipality,MA,Hampshire,Amherst,2022,5-Year-Estimates,Economic,Percent of Unemployed Population in Poverty - Male,UNEMP_MALE_POV_PERC,1.35
Municipality,MA,Hampshire,Amherst,2022,5-Year-Estimates,Economic,Population Living below Poverty,CEN_POOR,"2,431.00"
Municipality,MA,Hampshire,Amherst,2022,5-Year-Estimates,Economic,Poverty Rate,CEN_POVRATE,0.23
Municipality,MA,Hampshire,Amherst,2022,5-Year-Estimates,Economic,Poverty Rate of Foreign Born,CEN_POV_FOR_BORN,0.02
Municipality,MA,Hampshire,Amherst,2022,5-Year-Estimates,Economic,Poverty Rate of Foreign Born Naturalized Citizens,CEN_POV_FOR_BORN_NAT,0
Municipality,MA,Hampshire,Amherst,2022,5-Year-Estimates,Economic,Poverty Rate of Foreign Born Non-Citizens,CEN_POV_FOR_BORN_NON_CIT,0
Municipality,MA,Hampshire,Amherst,2022,5-Year-Estimates,Economic,Poverty Status Determined Population,CEN_POVTOTALPOP,"18,489.00"
Municipality,MA,Hampshire,Amherst,2022,5-Year-Estimates,Economic,Self Employment Income-Household,CEN_SELFEMPINC,"1,097.00"
Municipality,MA,Hampshire,Amherst,2022,5-Year-Estimates,Economic,Total population counted for unemployment by sex - Female,UNEMP_FEMALE,498
Municipality,MA,Hampshire,Amherst,2022,5-Year-Estimates,Economic,Total population counted for unemployment by sex - Male,UNEMP_MALE,660
Municipality,MA,Hampshire,Amherst,2022,5-Year-Estimates,Economic,Unemployment by sex and below the poverty line - Female,UNEMP_FEMALE_POV,324
Municipality,MA,Hampshire,Amherst,2022,5-Year-Estimates,Economic,Unemployment by sex and below the poverty line - Male,UNEMP_MALE_POV,444
Municipality,MA,Hampshire,Belchertown,2022,5-Year-Estimates,Demographics,Population Total,CEN_POP,"15,304.00"
Municipality,MA,Hampshire,Belchertown,2022,5-Year-Estimates,Demographics,White Population,CEN_WHITE,"13,805.00"
Municipality,MA,Hampshire,Belchertown,2022,5-Year-Estimates,Demographics,Hispanic or Latino Population (of any race),CEN_HISPANIC,708
Municipality,MA,Hampshire,Belchertown,2022,5-Year-Estimates,Demographics,Black Population,CEN_BLACK,171
Municipality,MA,Hampshire,Belchertown,2022,5-Year-Estimates,Demographics,Other Races Population,CEN_OTHRACE,277
Municipality,MA,Hampshire,Belchertown,2022,5-Year-Estimates,Demographics,Asian Population,CEN_ASIAN,497
Municipality,MA,Hampshire,Belchertown,2022,5-Year-Estimates,Demographics,Age-3 to 4 Years Old,3_4_YEARS,518
Municipality,MA,Hampshire,Belchertown,2022,5-Year-Estimates,Demographics,Age-5 Years Old,5_YEARS,82
Municipality,MA,Hampshire,Belchertown,2022,5-Year-Estimates,Demographics,Age-6 to 8 Years Old,6_8_YEARS,503
Municipality,MA,Hampshire,Belchertown,2022,5-Year-Estimates,Demographics,Age-9 to 11 Years Old,9_11_YEARS,504
Municipality,MA,Hampshire,Belchertown,2022,5-Year-Estimates,Demographics,Age-12 to 14 Years Old,12_14_YEARS,590
Municipality,MA,Hampshire,Belchertown,2022,5-Year-Estimates,Demographics,Age-15 to 17 Years Old,15_17_YEARS,435
Municipality,MA,Hampshire,Belchertown,2022,5-Year-Estimates,Demographics,Age-18 to 19 Years Old,18_19_YEARS,139
Municipality,MA,Hampshire,Belchertown,2022,5-Year-Estimates,Demographics,Age-20 to 24 Years Old,20_24_YEARS,815
Municipality,MA,Hampshire,Belchertown,2022,5-Year-Estimates,Demographics,Age-25 to 29 Years Old,25_29_YEARS,890
Municipality,MA,Hampshire,Belchertown,2022,5-Year-Estimates,Demographics,Age-30 to 34 Years Old,30_34_YEARS,918
Municipality,MA,Hampshire,Belchertown,2022,5-Year-Estimates,Demographics,Age-35 to 39 Years Old,35_39_YEARS,"1,086.00"
Municipality,MA,Hampshire,Belchertown,2022,5-Year-Estimates,Demographics,Age-40 to 44 Years Old,40_44_YEARS,"1,030.00"
Municipality,MA,Hampshire,Belchertown,2022,5-Year-Estimates,Demographics,Age-45 to 49 Years Old,45_49_YEARS,822
Municipality,MA,Hampshire,Belchertown,2022,5-Year-Estimates,Demographics,Age-50 to 54 Years Old,50_54_YEARS,"1,206.00"
Municipality,MA,Hampshire,Belchertown,2022,5-Year-Estimates,Demographics,Age-55 to 59 Years Old,55_59_YEARS,"1,182.00"
Municipality,MA,Hampshire,Belchertown,2022,5-Year-Estimates,Demographics,Age-60 to 64 Years Old,60_64_YEARS,"1,251.00"
Municipality,MA,Hampshire,Belchertown,2022,5-Year-Estimates,Demographics,Age-65 to 69 Years Old,65_69_YEARS,"1,063.00"
Municipality,MA,Hampshire,Belchertown,2022,5-Year-Estimates,Demographics,Age-70 to 74 Years Old,70_74_YEARS,976
Municipality,MA,Hampshire,Belchertown,2022,5-Year-Estimates,Demographics,Age-75 to 79 Years Old,75_79_YEARS,333
Municipality,MA,Hampshire,Belchertown,2022,5-Year-Estimates,Demographics,Age-80 to 84 Years Old,80_84_YEARS,247
Municipality,MA,Hampshire,Belchertown,2022,5-Year-Estimates,Demographics,Age-85 & older,85+_YEARS,321
Municipality,MA,Hampshire,Belchertown,2022,5-Year-Estimates,Demographics,Age-Under 3 Years Old,UNDER_3_YEARS,393
Municipality,MA,Hampshire,Belchertown,2022,5-Year-Estimates,Demographics,Households-Married Couples,CEN_MARRHOU,"3,567.00"
Municipality,MA,Hampshire,Belchertown,2022,5-Year-Estimates,Demographics,Households-Single Parent,CEN_SINGPARHOU,213
Municipality,MA,Hampshire,Belchertown,2022,5-Year-Estimates,Demographics,Households-Total,CEN_HOUSEHOLDS,"6,419.00"
Municipality,MA,Hampshire,Belchertown,2022,5-Year-Estimates,Demographics,Net Domestic Migration,CEN_NET_DOM_MIGR,0
Municipality,MA,Hampshire,Belchertown,2022,5-Year-Estimates,Demographics,Percent Elderly with Car Access,CAR_AGE_HOUSEHOLDER,0.88
Municipality,MA,Hampshire,Belchertown,2022,5-Year-Estimates,Demographics,Percent Grandparents Who Are Primary Caregiver,GRAND_CAREGIVER,0.07
Municipality,MA,Hampshire,Belchertown,2022,5-Year-Estimates,Demographics,Percent of Elderly Below Poverty Line,ELDERLY_POV,0.12
Municipality,MA,Hampshire,Belchertown,2022,5-Year-Estimates,Demographics,Percent of Elderly who Live Alone,ELDERLY_LIVEALONE,0.29
Municipality,MA,Hampshire,Belchertown,2022,5-Year-Estimates,Demographics,Percent of Population Who are Not White,MINORITY_PERCENT,0.1
Municipality,MA,Hampshire,Belchertown,2022,5-Year-Estimates,Demographics,Population 5+,CEN_POP_O4,"14,393.00"
Municipality,MA,Hampshire,Belchertown,2022,5-Year-Estimates,Demographics,Population 25+,CEN_POP_O24,"11,325.00"
Municipality,MA,Hampshire,Belchertown,2022,5-Year-Estimates,Demographics,Population 65+,CEN_POP_O64,"2,940.00"
Municipality,MA,Hampshire,Belchertown,2022,5-Year-Estimates,Demographics,Population Living in Rural Areas,CEN_RURALPOP,0
Municipality,MA,Hampshire,Belchertown,2022,5-Year-Estimates,Demographics,Population living in the same county as five years ago,CEN_SAMECOUNTY,0
Municipality,MA,Hampshire,Belchertown,2022,5-Year-Estimates,Demographics,Population living in the same house as five years ago,CEN_SAMEHOUSE,0
Municipality,MA,Hampshire,Belchertown,2022,5-Year-Estimates,Demographics,Population Living in Urban Areas,CEN_URBANPOP,0
Municipality,MA,Hampshire,Belchertown,2022,5-Year-Estimates,Demographics,Population Under 18,CEN_POP_U18,"3,025.00"
Municipality,MA,Hampshire,Belchertown,2022,5-Year-Estimates,Demographics,Population-Foreign Born,CEN_FORBORN,843
Municipality,MA,Hampshire,Belchertown,2022,5-Year-Estimates,Demographics,Single Parent Families,CEN_SINGPAR_CHILD,0
Municipality,MA,Hampshire,Belchertown,2022,5-Year-Estimates,Demographics,Speak an Asian Language at Home,CEN_ASIANLANG,367
Municipality,MA,Hampshire,Belchertown,2022,5-Year-Estimates,Demographics,Speak Only English at Home,CEN_ENGLISH,"13,251.00"
Municipality,MA,Hampshire,Belchertown,2022,5-Year-Estimates,Demographics,Speak Other Language at Home,CEN_OTHLANG,0
Municipality,MA,Hampshire,Belchertown,2022,5-Year-Estimates,Demographics,Speak Spanish at Home,CEN_SPANISH,457
Municipality,MA,Hampshire,Belchertown,2022,5-Year-Estimates,Demographics,"Two or More Races, Not Hispanic or Latino",CEN_TWO_MORE_NOT_HISP,554
Municipality,MA,Hampshire,Belchertown,2022,5-Year-Estimates,Economic,"% Households with Income between $10,000 to $14,999",CEN_PERC_HHINC_10000-14999,0.04
Municipality,MA,Hampshire,Belchertown,2022,5-Year-Estimates,Economic,"% Households with Income between $15,000 to $24,999",CEN_PERC_HHINC_15000-24999,0.04
Municipality,MA,Hampshire,Belchertown,2022,5-Year-Estimates,Economic,"%  Households with Income between $25,000 to $34,999",CEN_PERC_HHINC_25000-34999,0.05
Municipality,MA,Hampshire,Belchertown,2022,5-Year-Estimates,Economic,"%  Households with Income between $35,000 to $49,999",CEN_PERC_HHINC_35000-49999,0.08
Municipality,MA,Hampshire,Belchertown,2022,5-Year-Estimates,Economic,"% of  Households with Income between $50,000 to $74,999",CEN_PERC_HHINC_50000-74999,0.12
Municipality,MA,Hampshire,Belchertown,2022,5-Year-Estimates,Economic,"% of  Households with Income between $75,000 to $99,999",CEN_PERC_HHINC_75000-99999,0.14
Municipality,MA,Hampshire,Belchertown,2022,5-Year-Estimates,Economic,"% of  Households with Income between $100,000 to $149,999",CEN_PERC_HHINC_100000-149999,0.24
Municipality,MA,Hampshire,Belchertown,2022,5-Year-Estimates,Economic,"%  of Households with Income between $150,000 to $199,999",CEN_PERC_HHINC_150000-199999,0.14
Municipality,MA,Hampshire,Belchertown,2022,5-Year-Estimates,Economic,"% of  Households with Income between $200,000 or more",CEN_PERC_HHINC_200000_PLUS,0.11
Municipality,MA,Hampshire,Belchertown,2022,5-Year-Estimates,Economic,"% of Households with Income Less than $10,000",CEN_PERC_HHINC_0-9999,0.03
Municipality,MA,Hampshire,Belchertown,2022,5-Year-Estimates,Economic,Child Poverty Rate,CEN_CHILD_POV,0.09
Municipality,MA,Hampshire,Belchertown,2022,5-Year-Estimates,Economic,Employment by sex - Female Total,EMP_FEMALE,"8,472.00"
Municipality,MA,Hampshire,Belchertown,2022,5-Year-Estimates,Economic,Employment by sex - Male Total,EMP_MALE,"8,430.00"
Municipality,MA,Hampshire,Belchertown,2022,5-Year-Estimates,Economic,Employment by sex and below the poverty line - Total,UNEMP_TOT_POV,0
Municipality,MA,Hampshire,Belchertown,2022,5-Year-Estimates,Economic,Employment by sex and below the poverty line - Total Percentage,UNEMP_TOT_POV_PERC,0
Municipality,MA,Hampshire,Belchertown,2022,5-Year-Estimates,Economic,Employment by sex and in poverty - Female,EMP_FEMALE_POV,244
Municipality,MA,Hampshire,Belchertown,2022,5-Year-Estimates,Economic,Employment by sex and in poverty - Male,EMP_MALE_POV,396
Municipality,MA,Hampshire,Belchertown,2022,5-Year-Estimates,Economic,Employment by sex and in poverty - Total,EMP_TOT_POV,640
Municipality,MA,Hampshire,Belchertown,2022,5-Year-Estimates,Economic,Employment by sex and in poverty - Total Percentage,EMP_TOT_POV_PERC,0.08
Municipality,MA,Hampshire,Belchertown,2022,5-Year-Estimates,Economic,Family Economic Self Sufficiency,CEN_FAMECON_SELF,0
Municipality,MA,Hampshire,Belchertown,2022,5-Year-Estimates,Economic,Gini Coefficient (Income Inequality),CEN_INCOME_INEQ,0.39
Municipality,MA,Hampshire,Belchertown,2022,5-Year-Estimates,Economic,"Households with Income between $10,000 to $14,999",CEN_HHINC_10000-14999,239
Municipality,MA,Hampshire,Belchertown,2022,5-Year-Estimates,Economic,"Households with Income between $15,000 to $24,999",CEN_HHINC_15000-24999,280
Municipality,MA,Hampshire,Belchertown,2022,5-Year-Estimates,Economic,"Households with Income between $25,000 to $34,999",CEN_HHINC_25000-34999,324
Municipality,MA,Hampshire,Belchertown,2022,5-Year-Estimates,Economic,"Households with Income between $35,000 to $49,999",CEN_HHINC_35000-49999,499
Municipality,MA,Hampshire,Belchertown,2022,5-Year-Estimates,Economic,"Households with Income between $50,000 to $74,999",CEN_HHINC_50000-74999,754
Municipality,MA,Hampshire,Belchertown,2022,5-Year-Estimates,Economic,"Households with Income between $75,000 to $99,999",CEN_HHINC_75000-99999,916
Municipality,MA,Hampshire,Belchertown,2022,5-Year-Estimates,Economic,"Households with Income between $100,000 to $149,999",CEN_HHINC_100000-149999,"1,553.00"
Municipality,MA,Hampshire,Belchertown,2022,5-Year-Estimates,Economic,"Households with Income between $150,000 to $199,999",CEN_HHINC_150000-199999,914
Municipality,MA,Hampshire,Belchertown,2022,5-Year-Estimates,Economic,"Households with Income between $200,000 or more",CEN_HHINC_200000_PLUS,726
Municipality,MA,Hampshire,Belchertown,2022,5-Year-Estimates,Economic,"Households with Income Less than $10,000",CEN_HHINC_0-9999,214
Municipality,MA,Hampshire,Belchertown,2022,5-Year-Estimates,Economic,Households with Retirement Income,CEN_RETINC,"1,966.00"
Municipality,MA,Hampshire,Belchertown,2022,5-Year-Estimates,Economic,Households with Social Security Income,CEN_SOCSECINC,"2,119.00"
Municipality,MA,Hampshire,Belchertown,2022,5-Year-Estimates,Economic,Income Under 200% of Poverty Line,CENPOV200,0.15
Municipality,MA,Hampshire,Belchertown,2022,5-Year-Estimates,Economic,Median Family Income,CEN_MEDFAMINC,"113,402.00"
Municipality,MA,Hampshire,Belchertown,2022,5-Year-Estimates,Economic,Median Household Income,CEN_MEDHHINC,"99,365.00"
Municipality,MA,Hampshire,Belchertown,2022,5-Year-Estimates,Economic,Per Capita Income,CEN_PERCAPINC,"46,208.00"
Municipality,MA,Hampshire,Belchertown,2022,5-Year-Estimates,Economic,Percent of Employed Population in Poverty - Female,EMP_FEMALE_POV_PERC,0.06
Municipality,MA,Hampshire,Belchertown,2022,5-Year-Estimates,Economic,Percent of Employed Population in Poverty - Male,EMP_MALE_POV_PERC,0.09
Municipality,MA,Hampshire,Belchertown,2022,5-Year-Estimates,Economic,Percent of Families in Poverty,CEN_FAM_POV,0.04
Municipality,MA,Hampshire,Belchertown,2022,5-Year-Estimates,Economic,Percent of Unemployed Population in Poverty - Female,UNEMP_FEMALE_POV_PERC,0
Municipality,MA,Hampshire,Belchertown,2022,5-Year-Estimates,Economic,Percent of Unemployed Population in Poverty - Male,UNEMP_MALE_POV_PERC,0
Municipality,MA,Hampshire,Belchertown,2022,5-Year-Estimates,Economic,Population Living below Poverty,CEN_POOR,320
Municipality,MA,Hampshire,Belchertown,2022,5-Year-Estimates,Economic,Poverty Rate,CEN_POVRATE,0.04
Municipality,MA,Hampshire,Belchertown,2022,5-Year-Estimates,Economic,Poverty Rate of Foreign Born,CEN_POV_FOR_BORN,0.01
Municipality,MA,Hampshire,Belchertown,2022,5-Year-Estimates,Economic,Poverty Rate of Foreign Born Naturalized Citizens,CEN_POV_FOR_BORN_NAT,0
Municipality,MA,Hampshire,Belchertown,2022,5-Year-Estimates,Economic,Poverty Rate of Foreign Born Non-Citizens,CEN_POV_FOR_BORN_NON_CIT,0
Municipality,MA,Hampshire,Belchertown,2022,5-Year-Estimates,Economic,Poverty Status Determined Population,CEN_POVTOTALPOP,"15,296.00"
Municipality,MA,Hampshire,Belchertown,2022,5-Year-Estimates,Economic,Self Employment Income-Household,CEN_SELFEMPINC,607
Municipality,MA,Hampshire,Belchertown,2022,5-Year-Estimates,Economic,Total population counted for unemployment by sex - Female,UNEMP_FEMALE,134
Municipality,MA,Hampshire,Belchertown,2022,5-Year-Estimates,Economic,Total population counted for unemployment by sex - Male,UNEMP_MALE,230
Municipality,MA,Hampshire,Belchertown,2022,5-Year-Estimates,Economic,Unemployment by sex and below the poverty line - Female,UNEMP_FEMALE_POV,0
Municipality,MA,Hampshire,Belchertown,2022,5-Year-Estimates,Economic,Unemployment by sex and below the poverty line - Male,UNEMP_MALE_POV,0
Municipality,MA,Hampshire,Chesterfield,2022,5-Year-Estimates,Demographics,Population Total,CEN_POP,996
Municipality,MA,Hampshire,Chesterfield,2022,5-Year-Estimates,Demographics,White Population,CEN_WHITE,954
Municipality,MA,Hampshire,Chesterfield,2022,5-Year-Estimates,Demographics,Hispanic or Latino Population (of any race),CEN_HISPANIC,15
Municipality,MA,Hampshire,Chesterfield,2022,5-Year-Estimates,Demographics,Black Population,CEN_BLACK,15
Municipality,MA,Hampshire,Chesterfield,2022,5-Year-Estimates,Demographics,Other Races Population,CEN_OTHRACE,0
Municipality,MA,Hampshire,Chesterfield,2022,5-Year-Estimates,Demographics,Asian Population,CEN_ASIAN,0
Municipality,MA,Hampshire,Chesterfield,2022,5-Year-Estimates,Demographics,Age-3 to 4 Years Old,3_4_YEARS,15
Municipality,MA,Hampshire,Chesterfield,2022,5-Year-Estimates,Demographics,Age-5 Years Old,5_YEARS,0
Municipality,MA,Hampshire,Chesterfield,2022,5-Year-Estimates,Demographics,Age-6 to 8 Years Old,6_8_YEARS,53
Municipality,MA,Hampshire,Chesterfield,2022,5-Year-Estimates,Demographics,Age-9 to 11 Years Old,9_11_YEARS,33
Municipality,MA,Hampshire,Chesterfield,2022,5-Year-Estimates,Demographics,Age-12 to 14 Years Old,12_14_YEARS,20
Municipality,MA,Hampshire,Chesterfield,2022,5-Year-Estimates,Demographics,Age-15 to 17 Years Old,15_17_YEARS,49
Municipality,MA,Hampshire,Chesterfield,2022,5-Year-Estimates,Demographics,Age-18 to 19 Years Old,18_19_YEARS,13
Municipality,MA,Hampshire,Chesterfield,2022,5-Year-Estimates,Demographics,Age-20 to 24 Years Old,20_24_YEARS,14
Municipality,MA,Hampshire,Chesterfield,2022,5-Year-Estimates,Demographics,Age-25 to 29 Years Old,25_29_YEARS,48
Municipality,MA,Hampshire,Chesterfield,2022,5-Year-Estimates,Demographics,Age-30 to 34 Years Old,30_34_YEARS,52
Municipality,MA,Hampshire,Chesterfield,2022,5-Year-Estimates,Demographics,Age-35 to 39 Years Old,35_39_YEARS,56
Municipality,MA,Hampshire,Chesterfield,2022,5-Year-Estimates,Demographics,Age-40 to 44 Years Old,40_44_YEARS,58
Municipality,MA,Hampshire,Chesterfield,2022,5-Year-Estimates,Demographics,Age-45 to 49 Years Old,45_49_YEARS,82
Municipality,MA,Hampshire,Chesterfield,2022,5-Year-Estimates,Demographics,Age-50 to 54 Years Old,50_54_YEARS,59
Municipality,MA,Hampshire,Chesterfield,2022,5-Year-Estimates,Demographics,Age-55 to 59 Years Old,55_59_YEARS,94
Municipality,MA,Hampshire,Chesterfield,2022,5-Year-Estimates,Demographics,Age-60 to 64 Years Old,60_64_YEARS,95
Municipality,MA,Hampshire,Chesterfield,2022,5-Year-Estimates,Demographics,Age-65 to 69 Years Old,65_69_YEARS,107
Municipality,MA,Hampshire,Chesterfield,2022,5-Year-Estimates,Demographics,Age-70 to 74 Years Old,70_74_YEARS,68
Municipality,MA,Hampshire,Chesterfield,2022,5-Year-Estimates,Demographics,Age-75 to 79 Years Old,75_79_YEARS,34
Municipality,MA,Hampshire,Chesterfield,2022,5-Year-Estimates,Demographics,Age-80 to 84 Years Old,80_84_YEARS,21
Municipality,MA,Hampshire,Chesterfield,2022,5-Year-Estimates,Demographics,Age-85 & older,85+_YEARS,17
Municipality,MA,Hampshire,Chesterfield,2022,5-Year-Estimates,Demographics,Age-Under 3 Years Old,UNDER_3_YEARS,8
Municipality,MA,Hampshire,Chesterfield,2022,5-Year-Estimates,Demographics,Households-Married Couples,CEN_MARRHOU,252
Municipality,MA,Hampshire,Chesterfield,2022,5-Year-Estimates,Demographics,Households-Single Parent,CEN_SINGPARHOU,17
Municipality,MA,Hampshire,Chesterfield,2022,5-Year-Estimates,Demographics,Households-Total,CEN_HOUSEHOLDS,424
Municipality,MA,Hampshire,Chesterfield,2022,5-Year-Estimates,Demographics,Net Domestic Migration,CEN_NET_DOM_MIGR,0
Municipality,MA,Hampshire,Chesterfield,2022,5-Year-Estimates,Demographics,Percent Elderly with Car Access,CAR_AGE_HOUSEHOLDER,0.9
Municipality,MA,Hampshire,Chesterfield,2022,5-Year-Estimates,Demographics,Percent Grandparents Who Are Primary Caregiver,GRAND_CAREGIVER,0
Municipality,MA,Hampshire,Chesterfield,2022,5-Year-Estimates,Demographics,Percent of Elderly Below Poverty Line,ELDERLY_POV,0.08
Municipality,MA,Hampshire,Chesterfield,2022,5-Year-Estimates,Demographics,Percent of Elderly who Live Alone,ELDERLY_LIVEALONE,0.19
Municipality,MA,Hampshire,Chesterfield,2022,5-Year-Estimates,Demographics,Percent of Population Who are Not White,MINORITY_PERCENT,0.04
Municipality,MA,Hampshire,Chesterfield,2022,5-Year-Estimates,Demographics,Population 5+,CEN_POP_O4,973
Municipality,MA,Hampshire,Chesterfield,2022,5-Year-Estimates,Demographics,Population 25+,CEN_POP_O24,791
Municipality,MA,Hampshire,Chesterfield,2022,5-Year-Estimates,Demographics,Population 65+,CEN_POP_O64,247
Municipality,MA,Hampshire,Chesterfield,2022,5-Year-Estimates,Demographics,Population Living in Rural Areas,CEN_RURALPOP,0
Municipality,MA,Hampshire,Chesterfield,2022,5-Year-Estimates,Demographics,Population living in the same county as five years ago,CEN_SAMECOUNTY,0
Municipality,MA,Hampshire,Chesterfield,2022,5-Year-Estimates,Demographics,Population living in the same house as five years ago,CEN_SAMEHOUSE,0
Municipality,MA,Hampshire,Chesterfield,2022,5-Year-Estimates,Demographics,Population Living in Urban Areas,CEN_URBANPOP,0
Municipality,MA,Hampshire,Chesterfield,2022,5-Year-Estimates,Demographics,Population Under 18,CEN_POP_U18,178
Municipality,MA,Hampshire,Chesterfield,2022,5-Year-Estimates,Demographics,Population-Foreign Born,CEN_FORBORN,3
Municipality,MA,Hampshire,Chesterfield,2022,5-Year-Estimates,Demographics,Single Parent Families,CEN_SINGPAR_CHILD,0
Municipality,MA,Hampshire,Chesterfield,2022,5-Year-Estimates,Demographics,Speak an Asian Language at Home,CEN_ASIANLANG,0
Municipality,MA,Hampshire,Chesterfield,2022,5-Year-Estimates,Demographics,Speak Only English at Home,CEN_ENGLISH,946
Municipality,MA,Hampshire,Chesterfield,2022,5-Year-Estimates,Demographics,Speak Other Language at Home,CEN_OTHLANG,0
Municipality,MA,Hampshire,Chesterfield,2022,5-Year-Estimates,Demographics,Speak Spanish at Home,CEN_SPANISH,17
Municipality,MA,Hampshire,Chesterfield,2022,5-Year-Estimates,Demographics,"Two or More Races, Not Hispanic or Latino",CEN_TWO_MORE_NOT_HISP,19
Municipality,MA,Hampshire,Chesterfield,2022,5-Year-Estimates,Economic,"% Households with Income between $10,000 to $14,999",CEN_PERC_HHINC_10000-14999,0.01
Municipality,MA,Hampshire,Chesterfield,2022,5-Year-Estimates,Economic,"% Households with Income between $15,000 to $24,999",CEN_PERC_HHINC_15000-24999,0.07
Municipality,MA,Hampshire,Chesterfield,2022,5-Year-Estimates,Economic,"%  Households with Income between $25,000 to $34,999",CEN_PERC_HHINC_25000-34999,0.06
Municipality,MA,Hampshire,Chesterfield,2022,5-Year-Estimates,Economic,"%  Households with Income between $35,000 to $49,999",CEN_PERC_HHINC_35000-49999,0.07
Municipality,MA,Hampshire,Chesterfield,2022,5-Year-Estimates,Economic,"% of  Households with Income between $50,000 to $74,999",CEN_PERC_HHINC_50000-74999,0.15
Municipality,MA,Hampshire,Chesterfield,2022,5-Year-Estimates,Economic,"% of  Households with Income between $75,000 to $99,999",CEN_PERC_HHINC_75000-99999,0.17
Municipality,MA,Hampshire,Chesterfield,2022,5-Year-Estimates,Economic,"% of  Households with Income between $100,000 to $149,999",CEN_PERC_HHINC_100000-149999,0.22
Municipality,MA,Hampshire,Chesterfield,2022,5-Year-Estimates,Economic,"%  of Households with Income between $150,000 to $199,999",CEN_PERC_HHINC_150000-199999,0.1
Municipality,MA,Hampshire,Chesterfield,2022,5-Year-Estimates,Economic,"% of  Households with Income between $200,000 or more",CEN_PERC_HHINC_200000_PLUS,0.11
Municipality,MA,Hampshire,Chesterfield,2022,5-Year-Estimates,Economic,"% of Households with Income Less than $10,000",CEN_PERC_HHINC_0-9999,0.03
Municipality,MA,Hampshire,Chesterfield,2022,5-Year-Estimates,Economic,Child Poverty Rate,CEN_CHILD_POV,0.12
Municipality,MA,Hampshire,Chesterfield,2022,5-Year-Estimates,Economic,Employment by sex - Female Total,EMP_FEMALE,530
Municipality,MA,Hampshire,Chesterfield,2022,5-Year-Estimates,Economic,Employment by sex - Male Total,EMP_MALE,576
Municipality,MA,Hampshire,Chesterfield,2022,5-Year-Estimates,Economic,Employment by sex and below the poverty line - Total,UNEMP_TOT_POV,8
Municipality,MA,Hampshire,Chesterfield,2022,5-Year-Estimates,Economic,Employment by sex and below the poverty line - Total Percentage,UNEMP_TOT_POV_PERC,0.8
Municipality,MA,Hampshire,Chesterfield,2022,5-Year-Estimates,Economic,Employment by sex and in poverty - Female,EMP_FEMALE_POV,26
Municipality,MA,Hampshire,Chesterfield,2022,5-Year-Estimates,Economic,Employment by sex and in poverty - Male,EMP_MALE_POV,12
Municipality,MA,Hampshire,Chesterfield,2022,5-Year-Estimates,Economic,Employment by sex and in poverty - Total,EMP_TOT_POV,38
Municipality,MA,Hampshire,Chesterfield,2022,5-Year-Estimates,Economic,Employment by sex and in poverty - Total Percentage,EMP_TOT_POV_PERC,0.07
Municipality,MA,Hampshire,Chesterfield,2022,5-Year-Estimates,Economic,Family Economic Self Sufficiency,CEN_FAMECON_SELF,0
Municipality,MA,Hampshire,Chesterfield,2022,5-Year-Estimates,Economic,Gini Coefficient (Income Inequality),CEN_INCOME_INEQ,0.4
Municipality,MA,Hampshire,Chesterfield,2022,5-Year-Estimates,Economic,"Households with Income between $10,000 to $14,999",CEN_HHINC_10000-14999,4
Municipality,MA,Hampshire,Chesterfield,2022,5-Year-Estimates,Economic,"Households with Income between $15,000 to $24,999",CEN_HHINC_15000-24999,31
Municipality,MA,Hampshire,Chesterfield,2022,5-Year-Estimates,Economic,"Households with Income between $25,000 to $34,999",CEN_HHINC_25000-34999,27
Municipality,MA,Hampshire,Chesterfield,2022,5-Year-Estimates,Economic,"Households with Income between $35,000 to $49,999",CEN_HHINC_35000-49999,30
Municipality,MA,Hampshire,Chesterfield,2022,5-Year-Estimates,Economic,"Households with Income between $50,000 to $74,999",CEN_HHINC_50000-74999,65
Municipality,MA,Hampshire,Chesterfield,2022,5-Year-Estimates,Economic,"Households with Income between $75,000 to $99,999",CEN_HHINC_75000-99999,72
Municipality,MA,Hampshire,Chesterfield,2022,5-Year-Estimates,Economic,"Households with Income between $100,000 to $149,999",CEN_HHINC_100000-149999,92
Municipality,MA,Hampshire,Chesterfield,2022,5-Year-Estimates,Economic,"Households with Income between $150,000 to $199,999",CEN_HHINC_150000-199999,43
Municipality,MA,Hampshire,Chesterfield,2022,5-Year-Estimates,Economic,"Households with Income between $200,000 or more",CEN_HHINC_200000_PLUS,47
Municipality,MA,Hampshire,Chesterfield,2022,5-Year-Estimates,Economic,"Households with Income Less than $10,000",CEN_HHINC_0-9999,13
Municipality,MA,Hampshire,Chesterfield,2022,5-Year-Estimates,Economic,Households with Retirement Income,CEN_RETINC,118
Municipality,MA,Hampshire,Chesterfield,2022,5-Year-Estimates,Economic,Households with Social Security Income,CEN_SOCSECINC,176
Municipality,MA,Hampshire,Chesterfield,2022,5-Year-Estimates,Economic,Income Under 200% of Poverty Line,CENPOV200,0.14
Municipality,MA,Hampshire,Chesterfield,2022,5-Year-Estimates,Economic,Median Family Income,CEN_MEDFAMINC,"116,731.00"
Municipality,MA,Hampshire,Chesterfield,2022,5-Year-Estimates,Economic,Median Household Income,CEN_MEDHHINC,"86,979.00"
Municipality,MA,Hampshire,Chesterfield,2022,5-Year-Estimates,Economic,Per Capita Income,CEN_PERCAPINC,"44,793.00"
Municipality,MA,Hampshire,Chesterfield,2022,5-Year-Estimates,Economic,Percent of Employed Population in Poverty - Female,EMP_FEMALE_POV_PERC,0.1
Municipality,MA,Hampshire,Chesterfield,2022,5-Year-Estimates,Economic,Percent of Employed Population in Poverty - Male,EMP_MALE_POV_PERC,0.04
Municipality,MA,Hampshire,Chesterfield,2022,5-Year-Estimates,Economic,Percent of Families in Poverty,CEN_FAM_POV,0.05
Municipality,MA,Hampshire,Chesterfield,2022,5-Year-Estimates,Economic,Percent of Unemployed Population in Poverty - Female,UNEMP_FEMALE_POV_PERC,0
Municipality,MA,Hampshire,Chesterfield,2022,5-Year-Estimates,Economic,Percent of Unemployed Population in Poverty - Male,UNEMP_MALE_POV_PERC,0.89
Municipality,MA,Hampshire,Chesterfield,2022,5-Year-Estimates,Economic,Population Living below Poverty,CEN_POOR,23
Municipality,MA,Hampshire,Chesterfield,2022,5-Year-Estimates,Economic,Poverty Rate,CEN_POVRATE,0.04
Municipality,MA,Hampshire,Chesterfield,2022,5-Year-Estimates,Economic,Poverty Rate of Foreign Born,CEN_POV_FOR_BORN,0
Municipality,MA,Hampshire,Chesterfield,2022,5-Year-Estimates,Economic,Poverty Rate of Foreign Born Naturalized Citizens,CEN_POV_FOR_BORN_NAT,0
Municipality,MA,Hampshire,Chesterfield,2022,5-Year-Estimates,Economic,Poverty Rate of Foreign Born Non-Citizens,CEN_POV_FOR_BORN_NON_CIT,0
Municipality,MA,Hampshire,Chesterfield,2022,5-Year-Estimates,Economic,Poverty Status Determined Population,CEN_POVTOTALPOP,988
Municipality,MA,Hampshire,Chesterfield,2022,5-Year-Estimates,Economic,Self Employment Income-Household,CEN_SELFEMPINC,92
Municipality,MA,Hampshire,Chesterfield,2022,5-Year-Estimates,Economic,Total population counted for unemployment by sex - Female,UNEMP_FEMALE,2
Municipality,MA,Hampshire,Chesterfield,2022,5-Year-Estimates,Economic,Total population counted for unemployment by sex - Male,UNEMP_MALE,18
Municipality,MA,Hampshire,Chesterfield,2022,5-Year-Estimates,Economic,Unemployment by sex and below the poverty line - Female,UNEMP_FEMALE_POV,0
Municipality,MA,Hampshire,Chesterfield,2022,5-Year-Estimates,Economic,Unemployment by sex and below the poverty line - Male,UNEMP_MALE_POV,8
Municipality,MA,Hampshire,Cummington,2022,5-Year-Estimates,Demographics,Population Total,CEN_POP,975
Municipality,MA,Hampshire,Cummington,2022,5-Year-Estimates,Demographics,White Population,CEN_WHITE,928
Municipality,MA,Hampshire,Cummington,2022,5-Year-Estimates,Demographics,Hispanic or Latino Population (of any race),CEN_HISPANIC,17
Municipality,MA,Hampshire,Cummington,2022,5-Year-Estimates,Demographics,Black Population,CEN_BLACK,6
Municipality,MA,Hampshire,Cummington,2022,5-Year-Estimates,Demographics,Other Races Population,CEN_OTHRACE,4
Municipality,MA,Hampshire,Cummington,2022,5-Year-Estimates,Demographics,Asian Population,CEN_ASIAN,0
Municipality,MA,Hampshire,Cummington,2022,5-Year-Estimates,Demographics,Age-3 to 4 Years Old,3_4_YEARS,3
Municipality,MA,Hampshire,Cummington,2022,5-Year-Estimates,Demographics,Age-5 Years Old,5_YEARS,7
Municipality,MA,Hampshire,Cummington,2022,5-Year-Estimates,Demographics,Age-6 to 8 Years Old,6_8_YEARS,25
Municipality,MA,Hampshire,Cummington,2022,5-Year-Estimates,Demographics,Age-9 to 11 Years Old,9_11_YEARS,18
Municipality,MA,Hampshire,Cummington,2022,5-Year-Estimates,Demographics,Age-12 to 14 Years Old,12_14_YEARS,51
Municipality,MA,Hampshire,Cummington,2022,5-Year-Estimates,Demographics,Age-15 to 17 Years Old,15_17_YEARS,23
Municipality,MA,Hampshire,Cummington,2022,5-Year-Estimates,Demographics,Age-18 to 19 Years Old,18_19_YEARS,12
Municipality,MA,Hampshire,Cummington,2022,5-Year-Estimates,Demographics,Age-20 to 24 Years Old,20_24_YEARS,69
Municipality,MA,Hampshire,Cummington,2022,5-Year-Estimates,Demographics,Age-25 to 29 Years Old,25_29_YEARS,68
Municipality,MA,Hampshire,Cummington,2022,5-Year-Estimates,Demographics,Age-30 to 34 Years Old,30_34_YEARS,40
Municipality,MA,Hampshire,Cummington,2022,5-Year-Estimates,Demographics,Age-35 to 39 Years Old,35_39_YEARS,16
Municipality,MA,Hampshire,Cummington,2022,5-Year-Estimates,Demographics,Age-40 to 44 Years Old,40_44_YEARS,79
Municipality,MA,Hampshire,Cummington,2022,5-Year-Estimates,Demographics,Age-45 to 49 Years Old,45_49_YEARS,27
Municipality,MA,Hampshire,Cummington,2022,5-Year-Estimates,Demographics,Age-50 to 54 Years Old,50_54_YEARS,66
Municipality,MA,Hampshire,Cummington,2022,5-Year-Estimates,Demographics,Age-55 to 59 Years Old,55_59_YEARS,86
Municipality,MA,Hampshire,Cummington,2022,5-Year-Estimates,Demographics,Age-60 to 64 Years Old,60_64_YEARS,107
Municipality,MA,Hampshire,Cummington,2022,5-Year-Estimates,Demographics,Age-65 to 69 Years Old,65_69_YEARS,49
Municipality,MA,Hampshire,Cummington,2022,5-Year-Estimates,Demographics,Age-70 to 74 Years Old,70_74_YEARS,89
Municipality,MA,Hampshire,Cummington,2022,5-Year-Estimates,Demographics,Age-75 to 79 Years Old,75_79_YEARS,59
Municipality,MA,Hampshire,Cummington,2022,5-Year-Estimates,Demographics,Age-80 to 84 Years Old,80_84_YEARS,9
Municipality,MA,Hampshire,Cummington,2022,5-Year-Estimates,Demographics,Age-85 & older,85+_YEARS,52
Municipality,MA,Hampshire,Cummington,2022,5-Year-Estimates,Demographics,Age-Under 3 Years Old,UNDER_3_YEARS,20
Municipality,MA,Hampshire,Cummington,2022,5-Year-Estimates,Demographics,Households-Married Couples,CEN_MARRHOU,195
Municipality,MA,Hampshire,Cummington,2022,5-Year-Estimates,Demographics,Households-Single Parent,CEN_SINGPARHOU,28
Municipality,MA,Hampshire,Cummington,2022,5-Year-Estimates,Demographics,Households-Total,CEN_HOUSEHOLDS,435
Municipality,MA,Hampshire,Cummington,2022,5-Year-Estimates,Demographics,Net Domestic Migration,CEN_NET_DOM_MIGR,0
Municipality,MA,Hampshire,Cummington,2022,5-Year-Estimates,Demographics,Percent Elderly with Car Access,CAR_AGE_HOUSEHOLDER,0.92
Municipality,MA,Hampshire,Cummington,2022,5-Year-Estimates,Demographics,Percent Grandparents Who Are Primary Caregiver,GRAND_CAREGIVER,0.33
Municipality,MA,Hampshire,Cummington,2022,5-Year-Estimates,Demographics,Percent of Elderly Below Poverty Line,ELDERLY_POV,0.02
Municipality,MA,Hampshire,Cummington,2022,5-Year-Estimates,Demographics,Percent of Elderly who Live Alone,ELDERLY_LIVEALONE,0.36
Municipality,MA,Hampshire,Cummington,2022,5-Year-Estimates,Demographics,Percent of Population Who are Not White,MINORITY_PERCENT,0.05
Municipality,MA,Hampshire,Cummington,2022,5-Year-Estimates,Demographics,Population 5+,CEN_POP_O4,952
Municipality,MA,Hampshire,Cummington,2022,5-Year-Estimates,Demographics,Population 25+,CEN_POP_O24,747
Municipality,MA,Hampshire,Cummington,2022,5-Year-Estimates,Demographics,Population 65+,CEN_POP_O64,258
Municipality,MA,Hampshire,Cummington,2022,5-Year-Estimates,Demographics,Population Living in Rural Areas,CEN_RURALPOP,0
Municipality,MA,Hampshire,Cummington,2022,5-Year-Estimates,Demographics,Population living in the same county as five years ago,CEN_SAMECOUNTY,0
Municipality,MA,Hampshire,Cummington,2022,5-Year-Estimates,Demographics,Population living in the same house as five years ago,CEN_SAMEHOUSE,0
Municipality,MA,Hampshire,Cummington,2022,5-Year-Estimates,Demographics,Population Living in Urban Areas,CEN_URBANPOP,0
Municipality,MA,Hampshire,Cummington,2022,5-Year-Estimates,Demographics,Population Under 18,CEN_POP_U18,147
Municipality,MA,Hampshire,Cummington,2022,5-Year-Estimates,Demographics,Population-Foreign Born,CEN_FORBORN,69
Municipality,MA,Hampshire,Cummington,2022,5-Year-Estimates,Demographics,Single Parent Families,CEN_SINGPAR_CHILD,0
Municipality,MA,Hampshire,Cummington,2022,5-Year-Estimates,Demographics,Speak an Asian Language at Home,CEN_ASIANLANG,0
Municipality,MA,Hampshire,Cummington,2022,5-Year-Estimates,Demographics,Speak Only English at Home,CEN_ENGLISH,878
Municipality,MA,Hampshire,Cummington,2022,5-Year-Estimates,Demographics,Speak Other Language at Home,CEN_OTHLANG,0
Municipality,MA,Hampshire,Cummington,2022,5-Year-Estimates,Demographics,Speak Spanish at Home,CEN_SPANISH,5
Municipality,MA,Hampshire,Cummington,2022,5-Year-Estimates,Demographics,"Two or More Races, Not Hispanic or Latino",CEN_TWO_MORE_NOT_HISP,36
Municipality,MA,Hampshire,Cummington,2022,5-Year-Estimates,Economic,"% Households with Income between $10,000 to $14,999",CEN_PERC_HHINC_10000-14999,0.02
Municipality,MA,Hampshire,Cummington,2022,5-Year-Estimates,Economic,"% Households with Income between $15,000 to $24,999",CEN_PERC_HHINC_15000-24999,0.13
Municipality,MA,Hampshire,Cummington,2022,5-Year-Estimates,Economic,"%  Households with Income between $25,000 to $34,999",CEN_PERC_HHINC_25000-34999,0.04
Municipality,MA,Hampshire,Cummington,2022,5-Year-Estimates,Economic,"%  Households with Income between $35,000 to $49,999",CEN_PERC_HHINC_35000-49999,0.11
Municipality,MA,Hampshire,Cummington,2022,5-Year-Estimates,Economic,"% of  Households with Income between $50,000 to $74,999",CEN_PERC_HHINC_50000-74999,0.09
Municipality,MA,Hampshire,Cummington,2022,5-Year-Estimates,Economic,"% of  Households with Income between $75,000 to $99,999",CEN_PERC_HHINC_75000-99999,0.18
Municipality,MA,Hampshire,Cummington,2022,5-Year-Estimates,Economic,"% of  Households with Income between $100,000 to $149,999",CEN_PERC_HHINC_100000-149999,0.26
Municipality,MA,Hampshire,Cummington,2022,5-Year-Estimates,Economic,"%  of Households with Income between $150,000 to $199,999",CEN_PERC_HHINC_150000-199999,0.11
Municipality,MA,Hampshire,Cummington,2022,5-Year-Estimates,Economic,"% of  Households with Income between $200,000 or more",CEN_PERC_HHINC_200000_PLUS,0.06
Municipality,MA,Hampshire,Cummington,2022,5-Year-Estimates,Economic,"% of Households with Income Less than $10,000",CEN_PERC_HHINC_0-9999,0.01
Municipality,MA,Hampshire,Cummington,2022,5-Year-Estimates,Economic,Child Poverty Rate,CEN_CHILD_POV,0.16
Municipality,MA,Hampshire,Cummington,2022,5-Year-Estimates,Economic,Employment by sex - Female Total,EMP_FEMALE,472
Municipality,MA,Hampshire,Cummington,2022,5-Year-Estimates,Economic,Employment by sex - Male Total,EMP_MALE,470
Municipality,MA,Hampshire,Cummington,2022,5-Year-Estimates,Economic,Employment by sex and below the poverty line - Total,UNEMP_TOT_POV,0
Municipality,MA,Hampshire,Cummington,2022,5-Year-Estimates,Economic,Employment by sex and below the poverty line - Total Percentage,UNEMP_TOT_POV_PERC,0
Municipality,MA,Hampshire,Cummington,2022,5-Year-Estimates,Economic,Employment by sex and in poverty - Female,EMP_FEMALE_POV,8
Municipality,MA,Hampshire,Cummington,2022,5-Year-Estimates,Economic,Employment by sex and in poverty - Male,EMP_MALE_POV,16
Municipality,MA,Hampshire,Cummington,2022,5-Year-Estimates,Economic,Employment by sex and in poverty - Total,EMP_TOT_POV,24
Municipality,MA,Hampshire,Cummington,2022,5-Year-Estimates,Economic,Employment by sex and in poverty - Total Percentage,EMP_TOT_POV_PERC,0.05
Municipality,MA,Hampshire,Cummington,2022,5-Year-Estimates,Economic,Family Economic Self Sufficiency,CEN_FAMECON_SELF,0
Municipality,MA,Hampshire,Cummington,2022,5-Year-Estimates,Economic,Gini Coefficient (Income Inequality),CEN_INCOME_INEQ,0.38
Municipality,MA,Hampshire,Cummington,2022,5-Year-Estimates,Economic,"Households with Income between $10,000 to $14,999",CEN_HHINC_10000-14999,9
Municipality,MA,Hampshire,Cummington,2022,5-Year-Estimates,Economic,"Households with Income between $15,000 to $24,999",CEN_HHINC_15000-24999,57
Municipality,MA,Hampshire,Cummington,2022,5-Year-Estimates,Economic,"Households with Income between $25,000 to $34,999",CEN_HHINC_25000-34999,18
Municipality,MA,Hampshire,Cummington,2022,5-Year-Estimates,Economic,"Households with Income between $35,000 to $49,999",CEN_HHINC_35000-49999,47
Municipality,MA,Hampshire,Cummington,2022,5-Year-Estimates,Economic,"Households with Income between $50,000 to $74,999",CEN_HHINC_50000-74999,37
Municipality,MA,Hampshire,Cummington,2022,5-Year-Estimates,Economic,"Households with Income between $75,000 to $99,999",CEN_HHINC_75000-99999,77
Municipality,MA,Hampshire,Cummington,2022,5-Year-Estimates,Economic,"Households with Income between $100,000 to $149,999",CEN_HHINC_100000-149999,112
Municipality,MA,Hampshire,Cummington,2022,5-Year-Estimates,Economic,"Households with Income between $150,000 to $199,999",CEN_HHINC_150000-199999,47
Municipality,MA,Hampshire,Cummington,2022,5-Year-Estimates,Economic,"Households with Income between $200,000 or more",CEN_HHINC_200000_PLUS,28
Municipality,MA,Hampshire,Cummington,2022,5-Year-Estimates,Economic,"Households with Income Less than $10,000",CEN_HHINC_0-9999,3
Municipality,MA,Hampshire,Cummington,2022,5-Year-Estimates,Economic,Households with Retirement Income,CEN_RETINC,117
Municipality,MA,Hampshire,Cummington,2022,5-Year-Estimates,Economic,Households with Social Security Income,CEN_SOCSECINC,203
Municipality,MA,Hampshire,Cummington,2022,5-Year-Estimates,Economic,Income Under 200% of Poverty Line,CENPOV200,0.23
Municipality,MA,Hampshire,Cummington,2022,5-Year-Estimates,Economic,Median Family Income,CEN_MEDFAMINC,"120,625.00"
Municipality,MA,Hampshire,Cummington,2022,5-Year-Estimates,Economic,Median Household Income,CEN_MEDHHINC,"83,708.00"
Municipality,MA,Hampshire,Cummington,2022,5-Year-Estimates,Economic,Per Capita Income,CEN_PERCAPINC,"42,539.00"
Municipality,MA,Hampshire,Cummington,2022,5-Year-Estimates,Economic,Percent of Employed Population in Poverty - Female,EMP_FEMALE_POV_PERC,0.03
Municipality,MA,Hampshire,Cummington,2022,5-Year-Estimates,Economic,Percent of Employed Population in Poverty - Male,EMP_MALE_POV_PERC,0.07
Municipality,MA,Hampshire,Cummington,2022,5-Year-Estimates,Economic,Percent of Families in Poverty,CEN_FAM_POV,0.06
Municipality,MA,Hampshire,Cummington,2022,5-Year-Estimates,Economic,Percent of Unemployed Population in Poverty - Female,UNEMP_FEMALE_POV_PERC,0
Municipality,MA,Hampshire,Cummington,2022,5-Year-Estimates,Economic,Population Living below Poverty,CEN_POOR,12
Municipality,MA,Hampshire,Cummington,2022,5-Year-Estimates,Economic,Poverty Rate,CEN_POVRATE,0.03
Municipality,MA,Hampshire,Cummington,2022,5-Year-Estimates,Economic,Poverty Rate of Foreign Born,CEN_POV_FOR_BORN,0
Municipality,MA,Hampshire,Cummington,2022,5-Year-Estimates,Economic,Poverty Rate of Foreign Born Naturalized Citizens,CEN_POV_FOR_BORN_NAT,0
Municipality,MA,Hampshire,Cummington,2022,5-Year-Estimates,Economic,Poverty Rate of Foreign Born Non-Citizens,CEN_POV_FOR_BORN_NON_CIT,0
Municipality,MA,Hampshire,Cummington,2022,5-Year-Estimates,Economic,Poverty Status Determined Population,CEN_POVTOTALPOP,975
Municipality,MA,Hampshire,Cummington,2022,5-Year-Estimates,Economic,Self Employment Income-Household,CEN_SELFEMPINC,102
Municipality,MA,Hampshire,Cummington,2022,5-Year-Estimates,Economic,Total population counted for unemployment by sex - Female,UNEMP_FEMALE,6
Municipality,MA,Hampshire,Cummington,2022,5-Year-Estimates,Economic,Total population counted for unemployment by sex - Male,UNEMP_MALE,0
Municipality,MA,Hampshire,Cummington,2022,5-Year-Estimates,Economic,Unemployment by sex and below the poverty line - Female,UNEMP_FEMALE_POV,0
Municipality,MA,Hampshire,Cummington,2022,5-Year-Estimates,Economic,Unemployment by sex and below the poverty line - Male,UNEMP_MALE_POV,0
Municipality,MA,Hampshire,Easthampton,2022,5-Year-Estimates,Demographics,Population Total,CEN_POP,"16,136.00"
Municipality,MA,Hampshire,Easthampton,2022,5-Year-Estimates,Demographics,White Population,CEN_WHITE,"14,067.00"
Municipality,MA,Hampshire,Easthampton,2022,5-Year-Estimates,Demographics,Hispanic or Latino Population (of any race),CEN_HISPANIC,"1,277.00"
Municipality,MA,Hampshire,Easthampton,2022,5-Year-Estimates,Demographics,Black Population,CEN_BLACK,107
Municipality,MA,Hampshire,Easthampton,2022,5-Year-Estimates,Demographics,Other Races Population,CEN_OTHRACE,289
Municipality,MA,Hampshire,Easthampton,2022,5-Year-Estimates,Demographics,Asian Population,CEN_ASIAN,268
Municipality,MA,Hampshire,Easthampton,2022,5-Year-Estimates,Demographics,Age-3 to 4 Years Old,3_4_YEARS,204
Municipality,MA,Hampshire,Easthampton,2022,5-Year-Estimates,Demographics,Age-5 Years Old,5_YEARS,109
Municipality,MA,Hampshire,Easthampton,2022,5-Year-Estimates,Demographics,Age-6 to 8 Years Old,6_8_YEARS,481
Municipality,MA,Hampshire,Easthampton,2022,5-Year-Estimates,Demographics,Age-9 to 11 Years Old,9_11_YEARS,563
Municipality,MA,Hampshire,Easthampton,2022,5-Year-Estimates,Demographics,Age-12 to 14 Years Old,12_14_YEARS,615
Municipality,MA,Hampshire,Easthampton,2022,5-Year-Estimates,Demographics,Age-15 to 17 Years Old,15_17_YEARS,445
Municipality,MA,Hampshire,Easthampton,2022,5-Year-Estimates,Demographics,Age-18 to 19 Years Old,18_19_YEARS,123
Municipality,MA,Hampshire,Easthampton,2022,5-Year-Estimates,Demographics,Age-20 to 24 Years Old,20_24_YEARS,827
Municipality,MA,Hampshire,Easthampton,2022,5-Year-Estimates,Demographics,Age-25 to 29 Years Old,25_29_YEARS,815
Municipality,MA,Hampshire,Easthampton,2022,5-Year-Estimates,Demographics,Age-30 to 34 Years Old,30_34_YEARS,991
Municipality,MA,Hampshire,Easthampton,2022,5-Year-Estimates,Demographics,Age-35 to 39 Years Old,35_39_YEARS,"1,250.00"
Municipality,MA,Hampshire,Easthampton,2022,5-Year-Estimates,Demographics,Age-40 to 44 Years Old,40_44_YEARS,"1,056.00"
Municipality,MA,Hampshire,Easthampton,2022,5-Year-Estimates,Demographics,Age-45 to 49 Years Old,45_49_YEARS,972
Municipality,MA,Hampshire,Easthampton,2022,5-Year-Estimates,Demographics,Age-50 to 54 Years Old,50_54_YEARS,943
Municipality,MA,Hampshire,Easthampton,2022,5-Year-Estimates,Demographics,Age-55 to 59 Years Old,55_59_YEARS,"1,232.00"
Municipality,MA,Hampshire,Easthampton,2022,5-Year-Estimates,Demographics,Age-60 to 64 Years Old,60_64_YEARS,"1,429.00"
Municipality,MA,Hampshire,Easthampton,2022,5-Year-Estimates,Demographics,Age-65 to 69 Years Old,65_69_YEARS,"1,121.00"
Municipality,MA,Hampshire,Easthampton,2022,5-Year-Estimates,Demographics,Age-70 to 74 Years Old,70_74_YEARS,"1,197.00"
Municipality,MA,Hampshire,Easthampton,2022,5-Year-Estimates,Demographics,Age-75 to 79 Years Old,75_79_YEARS,857
Municipality,MA,Hampshire,Easthampton,2022,5-Year-Estimates,Demographics,Age-80 to 84 Years Old,80_84_YEARS,276
Municipality,MA,Hampshire,Easthampton,2022,5-Year-Estimates,Demographics,Age-85 & older,85+_YEARS,387
Municipality,MA,Hampshire,Easthampton,2022,5-Year-Estimates,Demographics,Age-Under 3 Years Old,UNDER_3_YEARS,231
Municipality,MA,Hampshire,Easthampton,2022,5-Year-Estimates,Demographics,Households-Married Couples,CEN_MARRHOU,"3,076.00"
Municipality,MA,Hampshire,Easthampton,2022,5-Year-Estimates,Demographics,Households-Single Parent,CEN_SINGPARHOU,661
Municipality,MA,Hampshire,Easthampton,2022,5-Year-Estimates,Demographics,Households-Total,CEN_HOUSEHOLDS,"7,935.00"
Municipality,MA,Hampshire,Easthampton,2022,5-Year-Estimates,Demographics,Net Domestic Migration,CEN_NET_DOM_MIGR,0
Municipality,MA,Hampshire,Easthampton,2022,5-Year-Estimates,Demographics,Percent Elderly with Car Access,CAR_AGE_HOUSEHOLDER,0.94
Municipality,MA,Hampshire,Easthampton,2022,5-Year-Estimates,Demographics,Percent Grandparents Who Are Primary Caregiver,GRAND_CAREGIVER,0.65
Municipality,MA,Hampshire,Easthampton,2022,5-Year-Estimates,Demographics,Percent of Elderly Below Poverty Line,ELDERLY_POV,0.08
Municipality,MA,Hampshire,Easthampton,2022,5-Year-Estimates,Demographics,Percent of Elderly who Live Alone,ELDERLY_LIVEALONE,0.33
Municipality,MA,Hampshire,Easthampton,2022,5-Year-Estimates,Demographics,Percent of Population Who are Not White,MINORITY_PERCENT,0.13
Municipality,MA,Hampshire,Easthampton,2022,5-Year-Estimates,Demographics,Population 5+,CEN_POP_O4,"15,689.00"
Municipality,MA,Hampshire,Easthampton,2022,5-Year-Estimates,Demographics,Population 25+,CEN_POP_O24,"12,526.00"
Municipality,MA,Hampshire,Easthampton,2022,5-Year-Estimates,Demographics,Population 65+,CEN_POP_O64,"3,838.00"
Municipality,MA,Hampshire,Easthampton,2022,5-Year-Estimates,Demographics,Population Living in Rural Areas,CEN_RURALPOP,0
Municipality,MA,Hampshire,Easthampton,2022,5-Year-Estimates,Demographics,Population living in the same county as five years ago,CEN_SAMECOUNTY,0
Municipality,MA,Hampshire,Easthampton,2022,5-Year-Estimates,Demographics,Population living in the same house as five years ago,CEN_SAMEHOUSE,0
Municipality,MA,Hampshire,Easthampton,2022,5-Year-Estimates,Demographics,Population Living in Urban Areas,CEN_URBANPOP,0
Municipality,MA,Hampshire,Easthampton,2022,5-Year-Estimates,Demographics,Population Under 18,CEN_POP_U18,"2,648.00"
Municipality,MA,Hampshire,Easthampton,2022,5-Year-Estimates,Demographics,Population-Foreign Born,CEN_FORBORN,"1,207.00"
Municipality,MA,Hampshire,Easthampton,2022,5-Year-Estimates,Demographics,Single Parent Families,CEN_SINGPAR_CHILD,0
Municipality,MA,Hampshire,Easthampton,2022,5-Year-Estimates,Demographics,Speak an Asian Language at Home,CEN_ASIANLANG,144
Municipality,MA,Hampshire,Easthampton,2022,5-Year-Estimates,Demographics,Speak Only English at Home,CEN_ENGLISH,"13,880.00"
Municipality,MA,Hampshire,Easthampton,2022,5-Year-Estimates,Demographics,Speak Other Language at Home,CEN_OTHLANG,212
Municipality,MA,Hampshire,Easthampton,2022,5-Year-Estimates,Demographics,Speak Spanish at Home,CEN_SPANISH,772
Municipality,MA,Hampshire,Easthampton,2022,5-Year-Estimates,Demographics,"Two or More Races, Not Hispanic or Latino",CEN_TWO_MORE_NOT_HISP,"1,405.00"
Municipality,MA,Hampshire,Easthampton,2022,5-Year-Estimates,Economic,"% Households with Income between $10,000 to $14,999",CEN_PERC_HHINC_10000-14999,0.04
Municipality,MA,Hampshire,Easthampton,2022,5-Year-Estimates,Economic,"% Households with Income between $15,000 to $24,999",CEN_PERC_HHINC_15000-24999,0.08
Municipality,MA,Hampshire,Easthampton,2022,5-Year-Estimates,Economic,"%  Households with Income between $25,000 to $34,999",CEN_PERC_HHINC_25000-34999,0.08
Municipality,MA,Hampshire,Easthampton,2022,5-Year-Estimates,Economic,"%  Households with Income between $35,000 to $49,999",CEN_PERC_HHINC_35000-49999,0.15
Municipality,MA,Hampshire,Easthampton,2022,5-Year-Estimates,Economic,"% of  Households with Income between $50,000 to $74,999",CEN_PERC_HHINC_50000-74999,0.18
Municipality,MA,Hampshire,Easthampton,2022,5-Year-Estimates,Economic,"% of  Households with Income between $75,000 to $99,999",CEN_PERC_HHINC_75000-99999,0.11
Municipality,MA,Hampshire,Easthampton,2022,5-Year-Estimates,Economic,"% of  Households with Income between $100,000 to $149,999",CEN_PERC_HHINC_100000-149999,0.2
Municipality,MA,Hampshire,Easthampton,2022,5-Year-Estimates,Economic,"%  of Households with Income between $150,000 to $199,999",CEN_PERC_HHINC_150000-199999,0.08
Municipality,MA,Hampshire,Easthampton,2022,5-Year-Estimates,Economic,"% of  Households with Income between $200,000 or more",CEN_PERC_HHINC_200000_PLUS,0.05
Municipality,MA,Hampshire,Easthampton,2022,5-Year-Estimates,Economic,"% of Households with Income Less than $10,000",CEN_PERC_HHINC_0-9999,0.03
Municipality,MA,Hampshire,Easthampton,2022,5-Year-Estimates,Economic,Child Poverty Rate,CEN_CHILD_POV,0.08
Municipality,MA,Hampshire,Easthampton,2022,5-Year-Estimates,Economic,Employment by sex - Female Total,EMP_FEMALE,"8,490.00"
Municipality,MA,Hampshire,Easthampton,2022,5-Year-Estimates,Economic,Employment by sex - Male Total,EMP_MALE,"7,688.00"
Municipality,MA,Hampshire,Easthampton,2022,5-Year-Estimates,Economic,Employment by sex and below the poverty line - Total,UNEMP_TOT_POV,120
Municipality,MA,Hampshire,Easthampton,2022,5-Year-Estimates,Economic,Employment by sex and below the poverty line - Total Percentage,UNEMP_TOT_POV_PERC,0.26
Municipality,MA,Hampshire,Easthampton,2022,5-Year-Estimates,Economic,Employment by sex and in poverty - Female,EMP_FEMALE_POV,344
Municipality,MA,Hampshire,Easthampton,2022,5-Year-Estimates,Economic,Employment by sex and in poverty - Male,EMP_MALE_POV,126
Municipality,MA,Hampshire,Easthampton,2022,5-Year-Estimates,Economic,Employment by sex and in poverty - Total,EMP_TOT_POV,470
Municipality,MA,Hampshire,Easthampton,2022,5-Year-Estimates,Economic,Employment by sex and in poverty - Total Percentage,EMP_TOT_POV_PERC,0.06
Municipality,MA,Hampshire,Easthampton,2022,5-Year-Estimates,Economic,Family Economic Self Sufficiency,CEN_FAMECON_SELF,0
Municipality,MA,Hampshire,Easthampton,2022,5-Year-Estimates,Economic,Gini Coefficient (Income Inequality),CEN_INCOME_INEQ,0.44
Municipality,MA,Hampshire,Easthampton,2022,5-Year-Estimates,Economic,"Households with Income between $10,000 to $14,999",CEN_HHINC_10000-14999,351
Municipality,MA,Hampshire,Easthampton,2022,5-Year-Estimates,Economic,"Households with Income between $15,000 to $24,999",CEN_HHINC_15000-24999,629
Municipality,MA,Hampshire,Easthampton,2022,5-Year-Estimates,Economic,"Households with Income between $25,000 to $34,999",CEN_HHINC_25000-34999,609
Municipality,MA,Hampshire,Easthampton,2022,5-Year-Estimates,Economic,"Households with Income between $35,000 to $49,999",CEN_HHINC_35000-49999,"1,177.00"
Municipality,MA,Hampshire,Easthampton,2022,5-Year-Estimates,Economic,"Households with Income between $50,000 to $74,999",CEN_HHINC_50000-74999,"1,400.00"
Municipality,MA,Hampshire,Easthampton,2022,5-Year-Estimates,Economic,"Households with Income between $75,000 to $99,999",CEN_HHINC_75000-99999,895
Municipality,MA,Hampshire,Easthampton,2022,5-Year-Estimates,Economic,"Households with Income between $100,000 to $149,999",CEN_HHINC_100000-149999,"1,562.00"
Municipality,MA,Hampshire,Easthampton,2022,5-Year-Estimates,Economic,"Households with Income between $150,000 to $199,999",CEN_HHINC_150000-199999,650
Municipality,MA,Hampshire,Easthampton,2022,5-Year-Estimates,Economic,"Households with Income between $200,000 or more",CEN_HHINC_200000_PLUS,394
Municipality,MA,Hampshire,Easthampton,2022,5-Year-Estimates,Economic,"Households with Income Less than $10,000",CEN_HHINC_0-9999,268
Municipality,MA,Hampshire,Easthampton,2022,5-Year-Estimates,Economic,Households with Retirement Income,CEN_RETINC,"2,357.00"
Municipality,MA,Hampshire,Easthampton,2022,5-Year-Estimates,Economic,Households with Social Security Income,CEN_SOCSECINC,"2,991.00"
Municipality,MA,Hampshire,Easthampton,2022,5-Year-Estimates,Economic,Income Under 200% of Poverty Line,CENPOV200,0.26
Municipality,MA,Hampshire,Easthampton,2022,5-Year-Estimates,Economic,Median Family Income,CEN_MEDFAMINC,"109,464.00"
Municipality,MA,Hampshire,Easthampton,2022,5-Year-Estimates,Economic,Median Household Income,CEN_MEDHHINC,"67,329.00"
Municipality,MA,Hampshire,Easthampton,2022,5-Year-Estimates,Economic,Per Capita Income,CEN_PERCAPINC,"42,677.00"
Municipality,MA,Hampshire,Easthampton,2022,5-Year-Estimates,Economic,Percent of Employed Population in Poverty - Female,EMP_FEMALE_POV_PERC,0.08
Municipality,MA,Hampshire,Easthampton,2022,5-Year-Estimates,Economic,Percent of Employed Population in Poverty - Male,EMP_MALE_POV_PERC,0.03
Municipality,MA,Hampshire,Easthampton,2022,5-Year-Estimates,Economic,Percent of Families in Poverty,CEN_FAM_POV,0.04
Municipality,MA,Hampshire,Easthampton,2022,5-Year-Estimates,Economic,Percent of Unemployed Population in Poverty - Female,UNEMP_FEMALE_POV_PERC,0
Municipality,MA,Hampshire,Easthampton,2022,5-Year-Estimates,Economic,Percent of Unemployed Population in Poverty - Male,UNEMP_MALE_POV_PERC,0.51
Municipality,MA,Hampshire,Easthampton,2022,5-Year-Estimates,Economic,Population Living below Poverty,CEN_POOR,295
Municipality,MA,Hampshire,Easthampton,2022,5-Year-Estimates,Economic,Poverty Rate,CEN_POVRATE,0.04
Municipality,MA,Hampshire,Easthampton,2022,5-Year-Estimates,Economic,Poverty Rate of Foreign Born,CEN_POV_FOR_BORN,0.01
Municipality,MA,Hampshire,Easthampton,2022,5-Year-Estimates,Economic,Poverty Rate of Foreign Born Naturalized Citizens,CEN_POV_FOR_BORN_NAT,0
Municipality,MA,Hampshire,Easthampton,2022,5-Year-Estimates,Economic,Poverty Rate of Foreign Born Non-Citizens,CEN_POV_FOR_BORN_NON_CIT,0
Municipality,MA,Hampshire,Easthampton,2022,5-Year-Estimates,Economic,Poverty Status Determined Population,CEN_POVTOTALPOP,"16,066.00"
Municipality,MA,Hampshire,Easthampton,2022,5-Year-Estimates,Economic,Self Employment Income-Household,CEN_SELFEMPINC,"1,089.00"
Municipality,MA,Hampshire,Easthampton,2022,5-Year-Estimates,Economic,Total population counted for unemployment by sex - Female,UNEMP_FEMALE,444
Municipality,MA,Hampshire,Easthampton,2022,5-Year-Estimates,Economic,Total population counted for unemployment by sex - Male,UNEMP_MALE,474
Municipality,MA,Hampshire,Easthampton,2022,5-Year-Estimates,Economic,Unemployment by sex and below the poverty line - Female,UNEMP_FEMALE_POV,0
Municipality,MA,Hampshire,Easthampton,2022,5-Year-Estimates,Economic,Unemployment by sex and below the poverty line - Male,UNEMP_MALE_POV,120
Municipality,MA,Hampshire,Goshen,2022,5-Year-Estimates,Demographics,Population Total,CEN_POP,890
Municipality,MA,Hampshire,Goshen,2022,5-Year-Estimates,Demographics,White Population,CEN_WHITE,872
Municipality,MA,Hampshire,Goshen,2022,5-Year-Estimates,Demographics,Hispanic or Latino Population (of any race),CEN_HISPANIC,50
Municipality,MA,Hampshire,Goshen,2022,5-Year-Estimates,Demographics,Black Population,CEN_BLACK,0
Municipality,MA,Hampshire,Goshen,2022,5-Year-Estimates,Demographics,Other Races Population,CEN_OTHRACE,5
Municipality,MA,Hampshire,Goshen,2022,5-Year-Estimates,Demographics,Asian Population,CEN_ASIAN,0
Municipality,MA,Hampshire,Goshen,2022,5-Year-Estimates,Demographics,Age-3 to 4 Years Old,3_4_YEARS,16
Municipality,MA,Hampshire,Goshen,2022,5-Year-Estimates,Demographics,Age-5 Years Old,5_YEARS,0
Municipality,MA,Hampshire,Goshen,2022,5-Year-Estimates,Demographics,Age-6 to 8 Years Old,6_8_YEARS,29
Municipality,MA,Hampshire,Goshen,2022,5-Year-Estimates,Demographics,Age-9 to 11 Years Old,9_11_YEARS,21
Municipality,MA,Hampshire,Goshen,2022,5-Year-Estimates,Demographics,Age-12 to 14 Years Old,12_14_YEARS,9
Municipality,MA,Hampshire,Goshen,2022,5-Year-Estimates,Demographics,Age-15 to 17 Years Old,15_17_YEARS,12
Municipality,MA,Hampshire,Goshen,2022,5-Year-Estimates,Demographics,Age-18 to 19 Years Old,18_19_YEARS,16
Municipality,MA,Hampshire,Goshen,2022,5-Year-Estimates,Demographics,Age-20 to 24 Years Old,20_24_YEARS,39
Municipality,MA,Hampshire,Goshen,2022,5-Year-Estimates,Demographics,Age-25 to 29 Years Old,25_29_YEARS,49
Municipality,MA,Hampshire,Goshen,2022,5-Year-Estimates,Demographics,Age-30 to 34 Years Old,30_34_YEARS,41
Municipality,MA,Hampshire,Goshen,2022,5-Year-Estimates,Demographics,Age-35 to 39 Years Old,35_39_YEARS,14
Municipality,MA,Hampshire,Goshen,2022,5-Year-Estimates,Demographics,Age-40 to 44 Years Old,40_44_YEARS,33
Municipality,MA,Hampshire,Goshen,2022,5-Year-Estimates,Demographics,Age-45 to 49 Years Old,45_49_YEARS,71
Municipality,MA,Hampshire,Goshen,2022,5-Year-Estimates,Demographics,Age-50 to 54 Years Old,50_54_YEARS,70
Municipality,MA,Hampshire,Goshen,2022,5-Year-Estimates,Demographics,Age-55 to 59 Years Old,55_59_YEARS,96
Municipality,MA,Hampshire,Goshen,2022,5-Year-Estimates,Demographics,Age-60 to 64 Years Old,60_64_YEARS,150
Municipality,MA,Hampshire,Goshen,2022,5-Year-Estimates,Demographics,Age-65 to 69 Years Old,65_69_YEARS,82
Municipality,MA,Hampshire,Goshen,2022,5-Year-Estimates,Demographics,Age-70 to 74 Years Old,70_74_YEARS,64
Municipality,MA,Hampshire,Goshen,2022,5-Year-Estimates,Demographics,Age-75 to 79 Years Old,75_79_YEARS,30
Municipality,MA,Hampshire,Goshen,2022,5-Year-Estimates,Demographics,Age-80 to 84 Years Old,80_84_YEARS,18
Municipality,MA,Hampshire,Goshen,2022,5-Year-Estimates,Demographics,Age-85 & older,85+_YEARS,19
Municipality,MA,Hampshire,Goshen,2022,5-Year-Estimates,Demographics,Age-Under 3 Years Old,UNDER_3_YEARS,11
Municipality,MA,Hampshire,Goshen,2022,5-Year-Estimates,Demographics,Households-Married Couples,CEN_MARRHOU,247
Municipality,MA,Hampshire,Goshen,2022,5-Year-Estimates,Demographics,Households-Single Parent,CEN_SINGPARHOU,3
Municipality,MA,Hampshire,Goshen,2022,5-Year-Estimates,Demographics,Households-Total,CEN_HOUSEHOLDS,414
Municipality,MA,Hampshire,Goshen,2022,5-Year-Estimates,Demographics,Net Domestic Migration,CEN_NET_DOM_MIGR,0
Municipality,MA,Hampshire,Goshen,2022,5-Year-Estimates,Demographics,Percent Elderly with Car Access,CAR_AGE_HOUSEHOLDER,0.98
Municipality,MA,Hampshire,Goshen,2022,5-Year-Estimates,Demographics,Percent Grandparents Who Are Primary Caregiver,GRAND_CAREGIVER,0
Municipality,MA,Hampshire,Goshen,2022,5-Year-Estimates,Demographics,Percent of Elderly Below Poverty Line,ELDERLY_POV,0.05
Municipality,MA,Hampshire,Goshen,2022,5-Year-Estimates,Demographics,Percent of Elderly who Live Alone,ELDERLY_LIVEALONE,0.15
Municipality,MA,Hampshire,Goshen,2022,5-Year-Estimates,Demographics,Percent of Population Who are Not White,MINORITY_PERCENT,0.02
Municipality,MA,Hampshire,Goshen,2022,5-Year-Estimates,Demographics,Population 5+,CEN_POP_O4,863
Municipality,MA,Hampshire,Goshen,2022,5-Year-Estimates,Demographics,Population 25+,CEN_POP_O24,737
Municipality,MA,Hampshire,Goshen,2022,5-Year-Estimates,Demographics,Population 65+,CEN_POP_O64,213
Municipality,MA,Hampshire,Goshen,2022,5-Year-Estimates,Demographics,Population Living in Rural Areas,CEN_RURALPOP,0
Municipality,MA,Hampshire,Goshen,2022,5-Year-Estimates,Demographics,Population living in the same county as five years ago,CEN_SAMECOUNTY,0
Municipality,MA,Hampshire,Goshen,2022,5-Year-Estimates,Demographics,Population living in the same house as five years ago,CEN_SAMEHOUSE,0
Municipality,MA,Hampshire,Goshen,2022,5-Year-Estimates,Demographics,Population Living in Urban Areas,CEN_URBANPOP,0
Municipality,MA,Hampshire,Goshen,2022,5-Year-Estimates,Demographics,Population Under 18,CEN_POP_U18,98
Municipality,MA,Hampshire,Goshen,2022,5-Year-Estimates,Demographics,Population-Foreign Born,CEN_FORBORN,14
Municipality,MA,Hampshire,Goshen,2022,5-Year-Estimates,Demographics,Single Parent Families,CEN_SINGPAR_CHILD,0
Municipality,MA,Hampshire,Goshen,2022,5-Year-Estimates,Demographics,Speak an Asian Language at Home,CEN_ASIANLANG,0
Municipality,MA,Hampshire,Goshen,2022,5-Year-Estimates,Demographics,Speak Only English at Home,CEN_ENGLISH,831
Municipality,MA,Hampshire,Goshen,2022,5-Year-Estimates,Demographics,Speak Other Language at Home,CEN_OTHLANG,0
Municipality,MA,Hampshire,Goshen,2022,5-Year-Estimates,Demographics,Speak Spanish at Home,CEN_SPANISH,11
Municipality,MA,Hampshire,Goshen,2022,5-Year-Estimates,Demographics,"Two or More Races, Not Hispanic or Latino",CEN_TWO_MORE_NOT_HISP,13
Municipality,MA,Hampshire,Goshen,2022,5-Year-Estimates,Economic,"% Households with Income between $10,000 to $14,999",CEN_PERC_HHINC_10000-14999,0.04
Municipality,MA,Hampshire,Goshen,2022,5-Year-Estimates,Economic,"% Households with Income between $15,000 to $24,999",CEN_PERC_HHINC_15000-24999,0.02
Municipality,MA,Hampshire,Goshen,2022,5-Year-Estimates,Economic,"%  Households with Income between $25,000 to $34,999",CEN_PERC_HHINC_25000-34999,0.07
Municipality,MA,Hampshire,Goshen,2022,5-Year-Estimates,Economic,"%  Households with Income between $35,000 to $49,999",CEN_PERC_HHINC_35000-49999,0.16
Municipality,MA,Hampshire,Goshen,2022,5-Year-Estimates,Economic,"% of  Households with Income between $50,000 to $74,999",CEN_PERC_HHINC_50000-74999,0.08
Municipality,MA,Hampshire,Goshen,2022,5-Year-Estimates,Economic,"% of  Households with Income between $75,000 to $99,999",CEN_PERC_HHINC_75000-99999,0.12
Municipality,MA,Hampshire,Goshen,2022,5-Year-Estimates,Economic,"% of  Households with Income between $100,000 to $149,999",CEN_PERC_HHINC_100000-149999,0.3
Municipality,MA,Hampshire,Goshen,2022,5-Year-Estimates,Economic,"%  of Households with Income between $150,000 to $199,999",CEN_PERC_HHINC_150000-199999,0.09
Municipality,MA,Hampshire,Goshen,2022,5-Year-Estimates,Economic,"% of  Households with Income between $200,000 or more",CEN_PERC_HHINC_200000_PLUS,0.09
Municipality,MA,Hampshire,Goshen,2022,5-Year-Estimates,Economic,"% of Households with Income Less than $10,000",CEN_PERC_HHINC_0-9999,0.02
Municipality,MA,Hampshire,Goshen,2022,5-Year-Estimates,Economic,Child Poverty Rate,CEN_CHILD_POV,0
Municipality,MA,Hampshire,Goshen,2022,5-Year-Estimates,Economic,Employment by sex - Female Total,EMP_FEMALE,600
Municipality,MA,Hampshire,Goshen,2022,5-Year-Estimates,Economic,Employment by sex - Male Total,EMP_MALE,560
Municipality,MA,Hampshire,Goshen,2022,5-Year-Estimates,Economic,Employment by sex and below the poverty line - Total,UNEMP_TOT_POV,0
Municipality,MA,Hampshire,Goshen,2022,5-Year-Estimates,Economic,Employment by sex and below the poverty line - Total Percentage,UNEMP_TOT_POV_PERC,0
Municipality,MA,Hampshire,Goshen,2022,5-Year-Estimates,Economic,Employment by sex and in poverty - Female,EMP_FEMALE_POV,14
Municipality,MA,Hampshire,Goshen,2022,5-Year-Estimates,Economic,Employment by sex and in poverty - Male,EMP_MALE_POV,16
Municipality,MA,Hampshire,Goshen,2022,5-Year-Estimates,Economic,Employment by sex and in poverty - Total,EMP_TOT_POV,30
Municipality,MA,Hampshire,Goshen,2022,5-Year-Estimates,Economic,Employment by sex and in poverty - Total Percentage,EMP_TOT_POV_PERC,0.05
Municipality,MA,Hampshire,Goshen,2022,5-Year-Estimates,Economic,Family Economic Self Sufficiency,CEN_FAMECON_SELF,0
Municipality,MA,Hampshire,Goshen,2022,5-Year-Estimates,Economic,Gini Coefficient (Income Inequality),CEN_INCOME_INEQ,0.37
Municipality,MA,Hampshire,Goshen,2022,5-Year-Estimates,Economic,"Households with Income between $10,000 to $14,999",CEN_HHINC_10000-14999,18
Municipality,MA,Hampshire,Goshen,2022,5-Year-Estimates,Economic,"Households with Income between $15,000 to $24,999",CEN_HHINC_15000-24999,10
Municipality,MA,Hampshire,Goshen,2022,5-Year-Estimates,Economic,"Households with Income between $25,000 to $34,999",CEN_HHINC_25000-34999,27
Municipality,MA,Hampshire,Goshen,2022,5-Year-Estimates,Economic,"Households with Income between $35,000 to $49,999",CEN_HHINC_35000-49999,68
Municipality,MA,Hampshire,Goshen,2022,5-Year-Estimates,Economic,"Households with Income between $50,000 to $74,999",CEN_HHINC_50000-74999,31
Municipality,MA,Hampshire,Goshen,2022,5-Year-Estimates,Economic,"Households with Income between $75,000 to $99,999",CEN_HHINC_75000-99999,50
Municipality,MA,Hampshire,Goshen,2022,5-Year-Estimates,Economic,"Households with Income between $100,000 to $149,999",CEN_HHINC_100000-149999,123
Municipality,MA,Hampshire,Goshen,2022,5-Year-Estimates,Economic,"Households with Income between $150,000 to $199,999",CEN_HHINC_150000-199999,39
Municipality,MA,Hampshire,Goshen,2022,5-Year-Estimates,Economic,"Households with Income between $200,000 or more",CEN_HHINC_200000_PLUS,38
Municipality,MA,Hampshire,Goshen,2022,5-Year-Estimates,Economic,"Households with Income Less than $10,000",CEN_HHINC_0-9999,10
Municipality,MA,Hampshire,Goshen,2022,5-Year-Estimates,Economic,Households with Retirement Income,CEN_RETINC,120
Municipality,MA,Hampshire,Goshen,2022,5-Year-Estimates,Economic,Households with Social Security Income,CEN_SOCSECINC,148
Municipality,MA,Hampshire,Goshen,2022,5-Year-Estimates,Economic,Income Under 200% of Poverty Line,CENPOV200,0.11
Municipality,MA,Hampshire,Goshen,2022,5-Year-Estimates,Economic,Median Family Income,CEN_MEDFAMINC,"97,132.00"
Municipality,MA,Hampshire,Goshen,2022,5-Year-Estimates,Economic,Median Household Income,CEN_MEDHHINC,"94,500.00"
Municipality,MA,Hampshire,Goshen,2022,5-Year-Estimates,Economic,Per Capita Income,CEN_PERCAPINC,"46,762.00"
Municipality,MA,Hampshire,Goshen,2022,5-Year-Estimates,Economic,Percent of Employed Population in Poverty - Female,EMP_FEMALE_POV_PERC,0.05
Municipality,MA,Hampshire,Goshen,2022,5-Year-Estimates,Economic,Percent of Employed Population in Poverty - Male,EMP_MALE_POV_PERC,0.06
Municipality,MA,Hampshire,Goshen,2022,5-Year-Estimates,Economic,Percent of Families in Poverty,CEN_FAM_POV,0.02
Municipality,MA,Hampshire,Goshen,2022,5-Year-Estimates,Economic,Percent of Unemployed Population in Poverty - Female,UNEMP_FEMALE_POV_PERC,0
Municipality,MA,Hampshire,Goshen,2022,5-Year-Estimates,Economic,Population Living below Poverty,CEN_POOR,15
Municipality,MA,Hampshire,Goshen,2022,5-Year-Estimates,Economic,Poverty Rate,CEN_POVRATE,0.03
Municipality,MA,Hampshire,Goshen,2022,5-Year-Estimates,Economic,Poverty Rate of Foreign Born,CEN_POV_FOR_BORN,0
Municipality,MA,Hampshire,Goshen,2022,5-Year-Estimates,Economic,Poverty Rate of Foreign Born Naturalized Citizens,CEN_POV_FOR_BORN_NAT,0
Municipality,MA,Hampshire,Goshen,2022,5-Year-Estimates,Economic,Poverty Rate of Foreign Born Non-Citizens,CEN_POV_FOR_BORN_NON_CIT,0
Municipality,MA,Hampshire,Goshen,2022,5-Year-Estimates,Economic,Poverty Status Determined Population,CEN_POVTOTALPOP,890
Municipality,MA,Hampshire,Goshen,2022,5-Year-Estimates,Economic,Self Employment Income-Household,CEN_SELFEMPINC,93
Municipality,MA,Hampshire,Goshen,2022,5-Year-Estimates,Economic,Total population counted for unemployment by sex - Female,UNEMP_FEMALE,6
Municipality,MA,Hampshire,Goshen,2022,5-Year-Estimates,Economic,Total population counted for unemployment by sex - Male,UNEMP_MALE,0
Municipality,MA,Hampshire,Goshen,2022,5-Year-Estimates,Economic,Unemployment by sex and below the poverty line - Female,UNEMP_FEMALE_POV,0
Municipality,MA,Hampshire,Goshen,2022,5-Year-Estimates,Economic,Unemployment by sex and below the poverty line - Male,UNEMP_MALE_POV,0
Municipality,MA,Hampshire,Granby,2022,5-Year-Estimates,Demographics,Population Total,CEN_POP,"6,096.00"
Municipality,MA,Hampshire,Granby,2022,5-Year-Estimates,Demographics,White Population,CEN_WHITE,"5,782.00"
Municipality,MA,Hampshire,Granby,2022,5-Year-Estimates,Demographics,Hispanic or Latino Population (of any race),CEN_HISPANIC,217
Municipality,MA,Hampshire,Granby,2022,5-Year-Estimates,Demographics,Black Population,CEN_BLACK,122
Municipality,MA,Hampshire,Granby,2022,5-Year-Estimates,Demographics,Other Races Population,CEN_OTHRACE,18
Municipality,MA,Hampshire,Granby,2022,5-Year-Estimates,Demographics,Asian Population,CEN_ASIAN,31
Municipality,MA,Hampshire,Granby,2022,5-Year-Estimates,Demographics,Age-3 to 4 Years Old,3_4_YEARS,74
Municipality,MA,Hampshire,Granby,2022,5-Year-Estimates,Demographics,Age-5 Years Old,5_YEARS,9
Municipality,MA,Hampshire,Granby,2022,5-Year-Estimates,Demographics,Age-6 to 8 Years Old,6_8_YEARS,261
Municipality,MA,Hampshire,Granby,2022,5-Year-Estimates,Demographics,Age-9 to 11 Years Old,9_11_YEARS,137
Municipality,MA,Hampshire,Granby,2022,5-Year-Estimates,Demographics,Age-12 to 14 Years Old,12_14_YEARS,144
Municipality,MA,Hampshire,Granby,2022,5-Year-Estimates,Demographics,Age-15 to 17 Years Old,15_17_YEARS,136
Municipality,MA,Hampshire,Granby,2022,5-Year-Estimates,Demographics,Age-18 to 19 Years Old,18_19_YEARS,66
Municipality,MA,Hampshire,Granby,2022,5-Year-Estimates,Demographics,Age-20 to 24 Years Old,20_24_YEARS,430
Municipality,MA,Hampshire,Granby,2022,5-Year-Estimates,Demographics,Age-25 to 29 Years Old,25_29_YEARS,320
Municipality,MA,Hampshire,Granby,2022,5-Year-Estimates,Demographics,Age-30 to 34 Years Old,30_34_YEARS,527
Municipality,MA,Hampshire,Granby,2022,5-Year-Estimates,Demographics,Age-35 to 39 Years Old,35_39_YEARS,245
Municipality,MA,Hampshire,Granby,2022,5-Year-Estimates,Demographics,Age-40 to 44 Years Old,40_44_YEARS,277
Municipality,MA,Hampshire,Granby,2022,5-Year-Estimates,Demographics,Age-45 to 49 Years Old,45_49_YEARS,468
Municipality,MA,Hampshire,Granby,2022,5-Year-Estimates,Demographics,Age-50 to 54 Years Old,50_54_YEARS,501
Municipality,MA,Hampshire,Granby,2022,5-Year-Estimates,Demographics,Age-55 to 59 Years Old,55_59_YEARS,629
Municipality,MA,Hampshire,Granby,2022,5-Year-Estimates,Demographics,Age-60 to 64 Years Old,60_64_YEARS,480
Municipality,MA,Hampshire,Granby,2022,5-Year-Estimates,Demographics,Age-65 to 69 Years Old,65_69_YEARS,492
Municipality,MA,Hampshire,Granby,2022,5-Year-Estimates,Demographics,Age-70 to 74 Years Old,70_74_YEARS,230
Municipality,MA,Hampshire,Granby,2022,5-Year-Estimates,Demographics,Age-75 to 79 Years Old,75_79_YEARS,251
Municipality,MA,Hampshire,Granby,2022,5-Year-Estimates,Demographics,Age-80 to 84 Years Old,80_84_YEARS,168
Municipality,MA,Hampshire,Granby,2022,5-Year-Estimates,Demographics,Age-85 & older,85+_YEARS,160
Municipality,MA,Hampshire,Granby,2022,5-Year-Estimates,Demographics,Age-Under 3 Years Old,UNDER_3_YEARS,91
Municipality,MA,Hampshire,Granby,2022,5-Year-Estimates,Demographics,Households-Married Couples,CEN_MARRHOU,"1,610.00"
Municipality,MA,Hampshire,Granby,2022,5-Year-Estimates,Demographics,Households-Single Parent,CEN_SINGPARHOU,92
Municipality,MA,Hampshire,Granby,2022,5-Year-Estimates,Demographics,Households-Total,CEN_HOUSEHOLDS,"2,686.00"
Municipality,MA,Hampshire,Granby,2022,5-Year-Estimates,Demographics,Net Domestic Migration,CEN_NET_DOM_MIGR,0
Municipality,MA,Hampshire,Granby,2022,5-Year-Estimates,Demographics,Percent Elderly with Car Access,CAR_AGE_HOUSEHOLDER,0.9
Municipality,MA,Hampshire,Granby,2022,5-Year-Estimates,Demographics,Percent Grandparents Who Are Primary Caregiver,GRAND_CAREGIVER,0
Municipality,MA,Hampshire,Granby,2022,5-Year-Estimates,Demographics,Percent of Elderly Below Poverty Line,ELDERLY_POV,0.11
Municipality,MA,Hampshire,Granby,2022,5-Year-Estimates,Demographics,Percent of Elderly who Live Alone,ELDERLY_LIVEALONE,0.28
Municipality,MA,Hampshire,Granby,2022,5-Year-Estimates,Demographics,Percent of Population Who are Not White,MINORITY_PERCENT,0.05
Municipality,MA,Hampshire,Granby,2022,5-Year-Estimates,Demographics,Population 5+,CEN_POP_O4,"5,931.00"
Municipality,MA,Hampshire,Granby,2022,5-Year-Estimates,Demographics,Population 25+,CEN_POP_O24,"4,748.00"
Municipality,MA,Hampshire,Granby,2022,5-Year-Estimates,Demographics,Population 65+,CEN_POP_O64,"1,301.00"
Municipality,MA,Hampshire,Granby,2022,5-Year-Estimates,Demographics,Population Living in Rural Areas,CEN_RURALPOP,0
Municipality,MA,Hampshire,Granby,2022,5-Year-Estimates,Demographics,Population living in the same county as five years ago,CEN_SAMECOUNTY,0
Municipality,MA,Hampshire,Granby,2022,5-Year-Estimates,Demographics,Population living in the same house as five years ago,CEN_SAMEHOUSE,0
Municipality,MA,Hampshire,Granby,2022,5-Year-Estimates,Demographics,Population Living in Urban Areas,CEN_URBANPOP,0
Municipality,MA,Hampshire,Granby,2022,5-Year-Estimates,Demographics,Population Under 18,CEN_POP_U18,852
Municipality,MA,Hampshire,Granby,2022,5-Year-Estimates,Demographics,Population-Foreign Born,CEN_FORBORN,313
Municipality,MA,Hampshire,Granby,2022,5-Year-Estimates,Demographics,Single Parent Families,CEN_SINGPAR_CHILD,0
Municipality,MA,Hampshire,Granby,2022,5-Year-Estimates,Demographics,Speak an Asian Language at Home,CEN_ASIANLANG,18
Municipality,MA,Hampshire,Granby,2022,5-Year-Estimates,Demographics,Speak Only English at Home,CEN_ENGLISH,"5,426.00"
Municipality,MA,Hampshire,Granby,2022,5-Year-Estimates,Demographics,Speak Other Language at Home,CEN_OTHLANG,19
Municipality,MA,Hampshire,Granby,2022,5-Year-Estimates,Demographics,Speak Spanish at Home,CEN_SPANISH,138
Municipality,MA,Hampshire,Granby,2022,5-Year-Estimates,Demographics,"Two or More Races, Not Hispanic or Latino",CEN_TWO_MORE_NOT_HISP,143
Municipality,MA,Hampshire,Granby,2022,5-Year-Estimates,Economic,"% Households with Income between $10,000 to $14,999",CEN_PERC_HHINC_10000-14999,0.05
Municipality,MA,Hampshire,Granby,2022,5-Year-Estimates,Economic,"% Households with Income between $15,000 to $24,999",CEN_PERC_HHINC_15000-24999,0.06
Municipality,MA,Hampshire,Granby,2022,5-Year-Estimates,Economic,"%  Households with Income between $25,000 to $34,999",CEN_PERC_HHINC_25000-34999,0.04
Municipality,MA,Hampshire,Granby,2022,5-Year-Estimates,Economic,"%  Households with Income between $35,000 to $49,999",CEN_PERC_HHINC_35000-49999,0.1
Municipality,MA,Hampshire,Granby,2022,5-Year-Estimates,Economic,"% of  Households with Income between $50,000 to $74,999",CEN_PERC_HHINC_50000-74999,0.07
Municipality,MA,Hampshire,Granby,2022,5-Year-Estimates,Economic,"% of  Households with Income between $75,000 to $99,999",CEN_PERC_HHINC_75000-99999,0.12
Municipality,MA,Hampshire,Granby,2022,5-Year-Estimates,Economic,"% of  Households with Income between $100,000 to $149,999",CEN_PERC_HHINC_100000-149999,0.27
Municipality,MA,Hampshire,Granby,2022,5-Year-Estimates,Economic,"%  of Households with Income between $150,000 to $199,999",CEN_PERC_HHINC_150000-199999,0.11
Municipality,MA,Hampshire,Granby,2022,5-Year-Estimates,Economic,"% of  Households with Income between $200,000 or more",CEN_PERC_HHINC_200000_PLUS,0.17
Municipality,MA,Hampshire,Granby,2022,5-Year-Estimates,Economic,"% of Households with Income Less than $10,000",CEN_PERC_HHINC_0-9999,0.03
Municipality,MA,Hampshire,Granby,2022,5-Year-Estimates,Economic,Child Poverty Rate,CEN_CHILD_POV,0.04
Municipality,MA,Hampshire,Granby,2022,5-Year-Estimates,Economic,Employment by sex - Female Total,EMP_FEMALE,"3,776.00"
Municipality,MA,Hampshire,Granby,2022,5-Year-Estimates,Economic,Employment by sex - Male Total,EMP_MALE,"3,728.00"
Municipality,MA,Hampshire,Granby,2022,5-Year-Estimates,Economic,Employment by sex and below the poverty line - Total,UNEMP_TOT_POV,84
Municipality,MA,Hampshire,Granby,2022,5-Year-Estimates,Economic,Employment by sex and below the poverty line - Total Percentage,UNEMP_TOT_POV_PERC,0.68
Municipality,MA,Hampshire,Granby,2022,5-Year-Estimates,Economic,Employment by sex and in poverty - Female,EMP_FEMALE_POV,130
Municipality,MA,Hampshire,Granby,2022,5-Year-Estimates,Economic,Employment by sex and in poverty - Male,EMP_MALE_POV,0
Municipality,MA,Hampshire,Granby,2022,5-Year-Estimates,Economic,Employment by sex and in poverty - Total,EMP_TOT_POV,130
Municipality,MA,Hampshire,Granby,2022,5-Year-Estimates,Economic,Employment by sex and in poverty - Total Percentage,EMP_TOT_POV_PERC,0.03
Municipality,MA,Hampshire,Granby,2022,5-Year-Estimates,Economic,Family Economic Self Sufficiency,CEN_FAMECON_SELF,0
Municipality,MA,Hampshire,Granby,2022,5-Year-Estimates,Economic,Gini Coefficient (Income Inequality),CEN_INCOME_INEQ,0.44
Municipality,MA,Hampshire,Granby,2022,5-Year-Estimates,Economic,"Households with Income between $10,000 to $14,999",CEN_HHINC_10000-14999,120
Municipality,MA,Hampshire,Granby,2022,5-Year-Estimates,Economic,"Households with Income between $15,000 to $24,999",CEN_HHINC_15000-24999,173
Municipality,MA,Hampshire,Granby,2022,5-Year-Estimates,Economic,"Households with Income between $25,000 to $34,999",CEN_HHINC_25000-34999,94
Municipality,MA,Hampshire,Granby,2022,5-Year-Estimates,Economic,"Households with Income between $35,000 to $49,999",CEN_HHINC_35000-49999,262
Municipality,MA,Hampshire,Granby,2022,5-Year-Estimates,Economic,"Households with Income between $50,000 to $74,999",CEN_HHINC_50000-74999,191
Municipality,MA,Hampshire,Granby,2022,5-Year-Estimates,Economic,"Households with Income between $75,000 to $99,999",CEN_HHINC_75000-99999,321
Municipality,MA,Hampshire,Granby,2022,5-Year-Estimates,Economic,"Households with Income between $100,000 to $149,999",CEN_HHINC_100000-149999,720
Municipality,MA,Hampshire,Granby,2022,5-Year-Estimates,Economic,"Households with Income between $150,000 to $199,999",CEN_HHINC_150000-199999,295
Municipality,MA,Hampshire,Granby,2022,5-Year-Estimates,Economic,"Households with Income between $200,000 or more",CEN_HHINC_200000_PLUS,444
Municipality,MA,Hampshire,Granby,2022,5-Year-Estimates,Economic,"Households with Income Less than $10,000",CEN_HHINC_0-9999,66
Municipality,MA,Hampshire,Granby,2022,5-Year-Estimates,Economic,Households with Retirement Income,CEN_RETINC,838
Municipality,MA,Hampshire,Granby,2022,5-Year-Estimates,Economic,Households with Social Security Income,CEN_SOCSECINC,928
Municipality,MA,Hampshire,Granby,2022,5-Year-Estimates,Economic,Income Under 200% of Poverty Line,CENPOV200,0.15
Municipality,MA,Hampshire,Granby,2022,5-Year-Estimates,Economic,Median Family Income,CEN_MEDFAMINC,"75,795.00"
Municipality,MA,Hampshire,Granby,2022,5-Year-Estimates,Economic,Median Household Income,CEN_MEDHHINC,"102,248.00"
Municipality,MA,Hampshire,Granby,2022,5-Year-Estimates,Economic,Per Capita Income,CEN_PERCAPINC,"56,389.00"
Municipality,MA,Hampshire,Granby,2022,5-Year-Estimates,Economic,Percent of Employed Population in Poverty - Female,EMP_FEMALE_POV_PERC,0.07
Municipality,MA,Hampshire,Granby,2022,5-Year-Estimates,Economic,Percent of Employed Population in Poverty - Male,EMP_MALE_POV_PERC,0
Municipality,MA,Hampshire,Granby,2022,5-Year-Estimates,Economic,Percent of Families in Poverty,CEN_FAM_POV,0.04
Municipality,MA,Hampshire,Granby,2022,5-Year-Estimates,Economic,Percent of Unemployed Population in Poverty - Female,UNEMP_FEMALE_POV_PERC,1.05
Municipality,MA,Hampshire,Granby,2022,5-Year-Estimates,Economic,Percent of Unemployed Population in Poverty - Male,UNEMP_MALE_POV_PERC,0.51
Municipality,MA,Hampshire,Granby,2022,5-Year-Estimates,Economic,Population Living below Poverty,CEN_POOR,107
Municipality,MA,Hampshire,Granby,2022,5-Year-Estimates,Economic,Poverty Rate,CEN_POVRATE,0.03
Municipality,MA,Hampshire,Granby,2022,5-Year-Estimates,Economic,Poverty Rate of Foreign Born,CEN_POV_FOR_BORN,0
Municipality,MA,Hampshire,Granby,2022,5-Year-Estimates,Economic,Poverty Rate of Foreign Born Naturalized Citizens,CEN_POV_FOR_BORN_NAT,0
Municipality,MA,Hampshire,Granby,2022,5-Year-Estimates,Economic,Poverty Rate of Foreign Born Non-Citizens,CEN_POV_FOR_BORN_NON_CIT,0
Municipality,MA,Hampshire,Granby,2022,5-Year-Estimates,Economic,Poverty Status Determined Population,CEN_POVTOTALPOP,"6,075.00"
Municipality,MA,Hampshire,Granby,2022,5-Year-Estimates,Economic,Self Employment Income-Household,CEN_SELFEMPINC,272
Municipality,MA,Hampshire,Granby,2022,5-Year-Estimates,Economic,Total population counted for unemployment by sex - Female,UNEMP_FEMALE,80
Municipality,MA,Hampshire,Granby,2022,5-Year-Estimates,Economic,Total population counted for unemployment by sex - Male,UNEMP_MALE,166
Municipality,MA,Hampshire,Granby,2022,5-Year-Estimates,Economic,Unemployment by sex and below the poverty line - Female,UNEMP_FEMALE_POV,42
Municipality,MA,Hampshire,Granby,2022,5-Year-Estimates,Economic,Unemployment by sex and below the poverty line - Male,UNEMP_MALE_POV,42
Municipality,MA,Hampshire,Hadley,2022,5-Year-Estimates,Demographics,Population Total,CEN_POP,"5,295.00"
Municipality,MA,Hampshire,Hadley,2022,5-Year-Estimates,Demographics,White Population,CEN_WHITE,"4,849.00"
Municipality,MA,Hampshire,Hadley,2022,5-Year-Estimates,Demographics,Hispanic or Latino Population (of any race),CEN_HISPANIC,187
Municipality,MA,Hampshire,Hadley,2022,5-Year-Estimates,Demographics,Black Population,CEN_BLACK,5
Municipality,MA,Hampshire,Hadley,2022,5-Year-Estimates,Demographics,Other Races Population,CEN_OTHRACE,36
Municipality,MA,Hampshire,Hadley,2022,5-Year-Estimates,Demographics,Asian Population,CEN_ASIAN,129
Municipality,MA,Hampshire,Hadley,2022,5-Year-Estimates,Demographics,Age-3 to 4 Years Old,3_4_YEARS,124
Municipality,MA,Hampshire,Hadley,2022,5-Year-Estimates,Demographics,Age-5 Years Old,5_YEARS,77
Municipality,MA,Hampshire,Hadley,2022,5-Year-Estimates,Demographics,Age-6 to 8 Years Old,6_8_YEARS,122
Municipality,MA,Hampshire,Hadley,2022,5-Year-Estimates,Demographics,Age-9 to 11 Years Old,9_11_YEARS,165
Municipality,MA,Hampshire,Hadley,2022,5-Year-Estimates,Demographics,Age-12 to 14 Years Old,12_14_YEARS,172
Municipality,MA,Hampshire,Hadley,2022,5-Year-Estimates,Demographics,Age-15 to 17 Years Old,15_17_YEARS,204
Municipality,MA,Hampshire,Hadley,2022,5-Year-Estimates,Demographics,Age-18 to 19 Years Old,18_19_YEARS,20
Municipality,MA,Hampshire,Hadley,2022,5-Year-Estimates,Demographics,Age-20 to 24 Years Old,20_24_YEARS,232
Municipality,MA,Hampshire,Hadley,2022,5-Year-Estimates,Demographics,Age-25 to 29 Years Old,25_29_YEARS,450
Municipality,MA,Hampshire,Hadley,2022,5-Year-Estimates,Demographics,Age-30 to 34 Years Old,30_34_YEARS,284
Municipality,MA,Hampshire,Hadley,2022,5-Year-Estimates,Demographics,Age-35 to 39 Years Old,35_39_YEARS,209
Municipality,MA,Hampshire,Hadley,2022,5-Year-Estimates,Demographics,Age-40 to 44 Years Old,40_44_YEARS,286
Municipality,MA,Hampshire,Hadley,2022,5-Year-Estimates,Demographics,Age-45 to 49 Years Old,45_49_YEARS,305
Municipality,MA,Hampshire,Hadley,2022,5-Year-Estimates,Demographics,Age-50 to 54 Years Old,50_54_YEARS,422
Municipality,MA,Hampshire,Hadley,2022,5-Year-Estimates,Demographics,Age-55 to 59 Years Old,55_59_YEARS,455
Municipality,MA,Hampshire,Hadley,2022,5-Year-Estimates,Demographics,Age-60 to 64 Years Old,60_64_YEARS,405
Municipality,MA,Hampshire,Hadley,2022,5-Year-Estimates,Demographics,Age-65 to 69 Years Old,65_69_YEARS,679
Municipality,MA,Hampshire,Hadley,2022,5-Year-Estimates,Demographics,Age-70 to 74 Years Old,70_74_YEARS,262
Municipality,MA,Hampshire,Hadley,2022,5-Year-Estimates,Demographics,Age-75 to 79 Years Old,75_79_YEARS,124
Municipality,MA,Hampshire,Hadley,2022,5-Year-Estimates,Demographics,Age-80 to 84 Years Old,80_84_YEARS,78
Municipality,MA,Hampshire,Hadley,2022,5-Year-Estimates,Demographics,Age-85 & older,85+_YEARS,142
Municipality,MA,Hampshire,Hadley,2022,5-Year-Estimates,Demographics,Age-Under 3 Years Old,UNDER_3_YEARS,76
Municipality,MA,Hampshire,Hadley,2022,5-Year-Estimates,Demographics,Households-Married Couples,CEN_MARRHOU,"1,078.00"
Municipality,MA,Hampshire,Hadley,2022,5-Year-Estimates,Demographics,Households-Single Parent,CEN_SINGPARHOU,69
Municipality,MA,Hampshire,Hadley,2022,5-Year-Estimates,Demographics,Households-Total,CEN_HOUSEHOLDS,"2,323.00"
Municipality,MA,Hampshire,Hadley,2022,5-Year-Estimates,Demographics,Net Domestic Migration,CEN_NET_DOM_MIGR,0
Municipality,MA,Hampshire,Hadley,2022,5-Year-Estimates,Demographics,Percent Elderly with Car Access,CAR_AGE_HOUSEHOLDER,0.91
Municipality,MA,Hampshire,Hadley,2022,5-Year-Estimates,Demographics,Percent Grandparents Who Are Primary Caregiver,GRAND_CAREGIVER,0.13
Municipality,MA,Hampshire,Hadley,2022,5-Year-Estimates,Demographics,Percent of Elderly Below Poverty Line,ELDERLY_POV,0.04
Municipality,MA,Hampshire,Hadley,2022,5-Year-Estimates,Demographics,Percent of Elderly who Live Alone,ELDERLY_LIVEALONE,0.32
Municipality,MA,Hampshire,Hadley,2022,5-Year-Estimates,Demographics,Percent of Population Who are Not White,MINORITY_PERCENT,0.08
Municipality,MA,Hampshire,Hadley,2022,5-Year-Estimates,Demographics,Population 5+,CEN_POP_O4,"5,093.00"
Municipality,MA,Hampshire,Hadley,2022,5-Year-Estimates,Demographics,Population 25+,CEN_POP_O24,"4,101.00"
Municipality,MA,Hampshire,Hadley,2022,5-Year-Estimates,Demographics,Population 65+,CEN_POP_O64,"1,285.00"
Municipality,MA,Hampshire,Hadley,2022,5-Year-Estimates,Demographics,Population Living in Rural Areas,CEN_RURALPOP,0
Municipality,MA,Hampshire,Hadley,2022,5-Year-Estimates,Demographics,Population living in the same county as five years ago,CEN_SAMECOUNTY,0
Municipality,MA,Hampshire,Hadley,2022,5-Year-Estimates,Demographics,Population living in the same house as five years ago,CEN_SAMEHOUSE,0
Municipality,MA,Hampshire,Hadley,2022,5-Year-Estimates,Demographics,Population Living in Urban Areas,CEN_URBANPOP,0
Municipality,MA,Hampshire,Hadley,2022,5-Year-Estimates,Demographics,Population Under 18,CEN_POP_U18,940
Municipality,MA,Hampshire,Hadley,2022,5-Year-Estimates,Demographics,Population-Foreign Born,CEN_FORBORN,285
Municipality,MA,Hampshire,Hadley,2022,5-Year-Estimates,Demographics,Single Parent Families,CEN_SINGPAR_CHILD,0
Municipality,MA,Hampshire,Hadley,2022,5-Year-Estimates,Demographics,Speak an Asian Language at Home,CEN_ASIANLANG,122
Municipality,MA,Hampshire,Hadley,2022,5-Year-Estimates,Demographics,Speak Only English at Home,CEN_ENGLISH,"4,730.00"
Municipality,MA,Hampshire,Hadley,2022,5-Year-Estimates,Demographics,Speak Other Language at Home,CEN_OTHLANG,0
Municipality,MA,Hampshire,Hadley,2022,5-Year-Estimates,Demographics,Speak Spanish at Home,CEN_SPANISH,91
Municipality,MA,Hampshire,Hadley,2022,5-Year-Estimates,Demographics,"Two or More Races, Not Hispanic or Latino",CEN_TWO_MORE_NOT_HISP,276
Municipality,MA,Hampshire,Hadley,2022,5-Year-Estimates,Economic,"% Households with Income between $10,000 to $14,999",CEN_PERC_HHINC_10000-14999,0.04
Municipality,MA,Hampshire,Hadley,2022,5-Year-Estimates,Economic,"% Households with Income between $15,000 to $24,999",CEN_PERC_HHINC_15000-24999,0.03
Municipality,MA,Hampshire,Hadley,2022,5-Year-Estimates,Economic,"%  Households with Income between $25,000 to $34,999",CEN_PERC_HHINC_25000-34999,0.01
Municipality,MA,Hampshire,Hadley,2022,5-Year-Estimates,Economic,"%  Households with Income between $35,000 to $49,999",CEN_PERC_HHINC_35000-49999,0.13
Municipality,MA,Hampshire,Hadley,2022,5-Year-Estimates,Economic,"% of  Households with Income between $50,000 to $74,999",CEN_PERC_HHINC_50000-74999,0.09
Municipality,MA,Hampshire,Hadley,2022,5-Year-Estimates,Economic,"% of  Households with Income between $75,000 to $99,999",CEN_PERC_HHINC_75000-99999,0.14
Municipality,MA,Hampshire,Hadley,2022,5-Year-Estimates,Economic,"% of  Households with Income between $100,000 to $149,999",CEN_PERC_HHINC_100000-149999,0.27
Municipality,MA,Hampshire,Hadley,2022,5-Year-Estimates,Economic,"%  of Households with Income between $150,000 to $199,999",CEN_PERC_HHINC_150000-199999,0.1
Municipality,MA,Hampshire,Hadley,2022,5-Year-Estimates,Economic,"% of  Households with Income between $200,000 or more",CEN_PERC_HHINC_200000_PLUS,0.21
Municipality,MA,Hampshire,Hadley,2022,5-Year-Estimates,Economic,"% of Households with Income Less than $10,000",CEN_PERC_HHINC_0-9999,0
Municipality,MA,Hampshire,Hadley,2022,5-Year-Estimates,Economic,Child Poverty Rate,CEN_CHILD_POV,0
Municipality,MA,Hampshire,Hadley,2022,5-Year-Estimates,Economic,Employment by sex - Female Total,EMP_FEMALE,"2,808.00"
Municipality,MA,Hampshire,Hadley,2022,5-Year-Estimates,Economic,Employment by sex - Male Total,EMP_MALE,"2,644.00"
Municipality,MA,Hampshire,Hadley,2022,5-Year-Estimates,Economic,Employment by sex and below the poverty line - Total,UNEMP_TOT_POV,0
Municipality,MA,Hampshire,Hadley,2022,5-Year-Estimates,Economic,Employment by sex and below the poverty line - Total Percentage,UNEMP_TOT_POV_PERC,0
Municipality,MA,Hampshire,Hadley,2022,5-Year-Estimates,Economic,Employment by sex and in poverty - Female,EMP_FEMALE_POV,166
Municipality,MA,Hampshire,Hadley,2022,5-Year-Estimates,Economic,Employment by sex and in poverty - Male,EMP_MALE_POV,42
Municipality,MA,Hampshire,Hadley,2022,5-Year-Estimates,Economic,Employment by sex and in poverty - Total,EMP_TOT_POV,208
Municipality,MA,Hampshire,Hadley,2022,5-Year-Estimates,Economic,Employment by sex and in poverty - Total Percentage,EMP_TOT_POV_PERC,0.08
Municipality,MA,Hampshire,Hadley,2022,5-Year-Estimates,Economic,Family Economic Self Sufficiency,CEN_FAMECON_SELF,0
Municipality,MA,Hampshire,Hadley,2022,5-Year-Estimates,Economic,Gini Coefficient (Income Inequality),CEN_INCOME_INEQ,0.38
Municipality,MA,Hampshire,Hadley,2022,5-Year-Estimates,Economic,"Households with Income between $10,000 to $14,999",CEN_HHINC_10000-14999,89
Municipality,MA,Hampshire,Hadley,2022,5-Year-Estimates,Economic,"Households with Income between $15,000 to $24,999",CEN_HHINC_15000-24999,63
Municipality,MA,Hampshire,Hadley,2022,5-Year-Estimates,Economic,"Households with Income between $25,000 to $34,999",CEN_HHINC_25000-34999,27
Municipality,MA,Hampshire,Hadley,2022,5-Year-Estimates,Economic,"Households with Income between $35,000 to $49,999",CEN_HHINC_35000-49999,290
Municipality,MA,Hampshire,Hadley,2022,5-Year-Estimates,Economic,"Households with Income between $50,000 to $74,999",CEN_HHINC_50000-74999,198
Municipality,MA,Hampshire,Hadley,2022,5-Year-Estimates,Economic,"Households with Income between $75,000 to $99,999",CEN_HHINC_75000-99999,313
Municipality,MA,Hampshire,Hadley,2022,5-Year-Estimates,Economic,"Households with Income between $100,000 to $149,999",CEN_HHINC_100000-149999,620
Municipality,MA,Hampshire,Hadley,2022,5-Year-Estimates,Economic,"Households with Income between $150,000 to $199,999",CEN_HHINC_150000-199999,235
Municipality,MA,Hampshire,Hadley,2022,5-Year-Estimates,Economic,"Households with Income between $200,000 or more",CEN_HHINC_200000_PLUS,488
Municipality,MA,Hampshire,Hadley,2022,5-Year-Estimates,Economic,"Households with Income Less than $10,000",CEN_HHINC_0-9999,0
Municipality,MA,Hampshire,Hadley,2022,5-Year-Estimates,Economic,Households with Retirement Income,CEN_RETINC,906
Municipality,MA,Hampshire,Hadley,2022,5-Year-Estimates,Economic,Households with Social Security Income,CEN_SOCSECINC,681
Municipality,MA,Hampshire,Hadley,2022,5-Year-Estimates,Economic,Income Under 200% of Poverty Line,CENPOV200,0.14
Municipality,MA,Hampshire,Hadley,2022,5-Year-Estimates,Economic,Median Family Income,CEN_MEDFAMINC,"108,125.00"
Municipality,MA,Hampshire,Hadley,2022,5-Year-Estimates,Economic,Median Household Income,CEN_MEDHHINC,"112,450.00"
Municipality,MA,Hampshire,Hadley,2022,5-Year-Estimates,Economic,Per Capita Income,CEN_PERCAPINC,"57,534.00"
Municipality,MA,Hampshire,Hadley,2022,5-Year-Estimates,Economic,Percent of Employed Population in Poverty - Female,EMP_FEMALE_POV_PERC,0.12
Municipality,MA,Hampshire,Hadley,2022,5-Year-Estimates,Economic,Percent of Employed Population in Poverty - Male,EMP_MALE_POV_PERC,0.03
Municipality,MA,Hampshire,Hadley,2022,5-Year-Estimates,Economic,Percent of Families in Poverty,CEN_FAM_POV,0
Municipality,MA,Hampshire,Hadley,2022,5-Year-Estimates,Economic,Percent of Unemployed Population in Poverty - Female,UNEMP_FEMALE_POV_PERC,0
Municipality,MA,Hampshire,Hadley,2022,5-Year-Estimates,Economic,Percent of Unemployed Population in Poverty - Male,UNEMP_MALE_POV_PERC,0
Municipality,MA,Hampshire,Hadley,2022,5-Year-Estimates,Economic,Population Living below Poverty,CEN_POOR,104
Municipality,MA,Hampshire,Hadley,2022,5-Year-Estimates,Economic,Poverty Rate,CEN_POVRATE,0.04
Municipality,MA,Hampshire,Hadley,2022,5-Year-Estimates,Economic,Poverty Rate of Foreign Born,CEN_POV_FOR_BORN,0.01
Municipality,MA,Hampshire,Hadley,2022,5-Year-Estimates,Economic,Poverty Rate of Foreign Born Naturalized Citizens,CEN_POV_FOR_BORN_NAT,0
Municipality,MA,Hampshire,Hadley,2022,5-Year-Estimates,Economic,Poverty Rate of Foreign Born Non-Citizens,CEN_POV_FOR_BORN_NON_CIT,0
Municipality,MA,Hampshire,Hadley,2022,5-Year-Estimates,Economic,Poverty Status Determined Population,CEN_POVTOTALPOP,"5,152.00"
Municipality,MA,Hampshire,Hadley,2022,5-Year-Estimates,Economic,Self Employment Income-Household,CEN_SELFEMPINC,297
Municipality,MA,Hampshire,Hadley,2022,5-Year-Estimates,Economic,Total population counted for unemployment by sex - Female,UNEMP_FEMALE,156
Municipality,MA,Hampshire,Hadley,2022,5-Year-Estimates,Economic,Total population counted for unemployment by sex - Male,UNEMP_MALE,50
Municipality,MA,Hampshire,Hadley,2022,5-Year-Estimates,Economic,Unemployment by sex and below the poverty line - Female,UNEMP_FEMALE_POV,0
Municipality,MA,Hampshire,Hadley,2022,5-Year-Estimates,Economic,Unemployment by sex and below the poverty line - Male,UNEMP_MALE_POV,0
Municipality,MA,Hampshire,Hatfield,2022,5-Year-Estimates,Demographics,Population Total,CEN_POP,"3,328.00"
Municipality,MA,Hampshire,Hatfield,2022,5-Year-Estimates,Demographics,White Population,CEN_WHITE,"2,973.00"
Municipality,MA,Hampshire,Hatfield,2022,5-Year-Estimates,Demographics,Hispanic or Latino Population (of any race),CEN_HISPANIC,213
Municipality,MA,Hampshire,Hatfield,2022,5-Year-Estimates,Demographics,Black Population,CEN_BLACK,0
Municipality,MA,Hampshire,Hatfield,2022,5-Year-Estimates,Demographics,Other Races Population,CEN_OTHRACE,149
Municipality,MA,Hampshire,Hatfield,2022,5-Year-Estimates,Demographics,Asian Population,CEN_ASIAN,57
Municipality,MA,Hampshire,Hatfield,2022,5-Year-Estimates,Demographics,Age-3 to 4 Years Old,3_4_YEARS,25
Municipality,MA,Hampshire,Hatfield,2022,5-Year-Estimates,Demographics,Age-5 Years Old,5_YEARS,13
Municipality,MA,Hampshire,Hatfield,2022,5-Year-Estimates,Demographics,Age-6 to 8 Years Old,6_8_YEARS,47
Municipality,MA,Hampshire,Hatfield,2022,5-Year-Estimates,Demographics,Age-9 to 11 Years Old,9_11_YEARS,101
Municipality,MA,Hampshire,Hatfield,2022,5-Year-Estimates,Demographics,Age-12 to 14 Years Old,12_14_YEARS,110
Municipality,MA,Hampshire,Hatfield,2022,5-Year-Estimates,Demographics,Age-15 to 17 Years Old,15_17_YEARS,116
Municipality,MA,Hampshire,Hatfield,2022,5-Year-Estimates,Demographics,Age-18 to 19 Years Old,18_19_YEARS,103
Municipality,MA,Hampshire,Hatfield,2022,5-Year-Estimates,Demographics,Age-20 to 24 Years Old,20_24_YEARS,185
Municipality,MA,Hampshire,Hatfield,2022,5-Year-Estimates,Demographics,Age-25 to 29 Years Old,25_29_YEARS,234
Municipality,MA,Hampshire,Hatfield,2022,5-Year-Estimates,Demographics,Age-30 to 34 Years Old,30_34_YEARS,256
Municipality,MA,Hampshire,Hatfield,2022,5-Year-Estimates,Demographics,Age-35 to 39 Years Old,35_39_YEARS,103
Municipality,MA,Hampshire,Hatfield,2022,5-Year-Estimates,Demographics,Age-40 to 44 Years Old,40_44_YEARS,220
Municipality,MA,Hampshire,Hatfield,2022,5-Year-Estimates,Demographics,Age-45 to 49 Years Old,45_49_YEARS,156
Municipality,MA,Hampshire,Hatfield,2022,5-Year-Estimates,Demographics,Age-50 to 54 Years Old,50_54_YEARS,219
Municipality,MA,Hampshire,Hatfield,2022,5-Year-Estimates,Demographics,Age-55 to 59 Years Old,55_59_YEARS,276
Municipality,MA,Hampshire,Hatfield,2022,5-Year-Estimates,Demographics,Age-60 to 64 Years Old,60_64_YEARS,276
Municipality,MA,Hampshire,Hatfield,2022,5-Year-Estimates,Demographics,Age-65 to 69 Years Old,65_69_YEARS,261
Municipality,MA,Hampshire,Hatfield,2022,5-Year-Estimates,Demographics,Age-70 to 74 Years Old,70_74_YEARS,199
Municipality,MA,Hampshire,Hatfield,2022,5-Year-Estimates,Demographics,Age-75 to 79 Years Old,75_79_YEARS,91
Municipality,MA,Hampshire,Hatfield,2022,5-Year-Estimates,Demographics,Age-80 to 84 Years Old,80_84_YEARS,137
Municipality,MA,Hampshire,Hatfield,2022,5-Year-Estimates,Demographics,Age-85 & older,85+_YEARS,59
Municipality,MA,Hampshire,Hatfield,2022,5-Year-Estimates,Demographics,Age-Under 3 Years Old,UNDER_3_YEARS,141
Municipality,MA,Hampshire,Hatfield,2022,5-Year-Estimates,Demographics,Households-Married Couples,CEN_MARRHOU,657
Municipality,MA,Hampshire,Hatfield,2022,5-Year-Estimates,Demographics,Households-Single Parent,CEN_SINGPARHOU,155
Municipality,MA,Hampshire,Hatfield,2022,5-Year-Estimates,Demographics,Households-Total,CEN_HOUSEHOLDS,"1,517.00"
Municipality,MA,Hampshire,Hatfield,2022,5-Year-Estimates,Demographics,Net Domestic Migration,CEN_NET_DOM_MIGR,0
Municipality,MA,Hampshire,Hatfield,2022,5-Year-Estimates,Demographics,Percent Elderly with Car Access,CAR_AGE_HOUSEHOLDER,1
Municipality,MA,Hampshire,Hatfield,2022,5-Year-Estimates,Demographics,Percent Grandparents Who Are Primary Caregiver,GRAND_CAREGIVER,0
Municipality,MA,Hampshire,Hatfield,2022,5-Year-Estimates,Demographics,Percent of Elderly Below Poverty Line,ELDERLY_POV,0.08
Municipality,MA,Hampshire,Hatfield,2022,5-Year-Estimates,Demographics,Percent of Elderly who Live Alone,ELDERLY_LIVEALONE,0.28
Municipality,MA,Hampshire,Hatfield,2022,5-Year-Estimates,Demographics,Percent of Population Who are Not White,MINORITY_PERCENT,0.11
Municipality,MA,Hampshire,Hatfield,2022,5-Year-Estimates,Demographics,Population 5+,CEN_POP_O4,"3,162.00"
Municipality,MA,Hampshire,Hatfield,2022,5-Year-Estimates,Demographics,Population 25+,CEN_POP_O24,"2,487.00"
Municipality,MA,Hampshire,Hatfield,2022,5-Year-Estimates,Demographics,Population 65+,CEN_POP_O64,747
Municipality,MA,Hampshire,Hatfield,2022,5-Year-Estimates,Demographics,Population Living in Rural Areas,CEN_RURALPOP,0
Municipality,MA,Hampshire,Hatfield,2022,5-Year-Estimates,Demographics,Population living in the same county as five years ago,CEN_SAMECOUNTY,0
Municipality,MA,Hampshire,Hatfield,2022,5-Year-Estimates,Demographics,Population living in the same house as five years ago,CEN_SAMEHOUSE,0
Municipality,MA,Hampshire,Hatfield,2022,5-Year-Estimates,Demographics,Population Living in Urban Areas,CEN_URBANPOP,0
Municipality,MA,Hampshire,Hatfield,2022,5-Year-Estimates,Demographics,Population Under 18,CEN_POP_U18,553
Municipality,MA,Hampshire,Hatfield,2022,5-Year-Estimates,Demographics,Population-Foreign Born,CEN_FORBORN,238
Municipality,MA,Hampshire,Hatfield,2022,5-Year-Estimates,Demographics,Single Parent Families,CEN_SINGPAR_CHILD,0
Municipality,MA,Hampshire,Hatfield,2022,5-Year-Estimates,Demographics,Speak an Asian Language at Home,CEN_ASIANLANG,48
Municipality,MA,Hampshire,Hatfield,2022,5-Year-Estimates,Demographics,Speak Only English at Home,CEN_ENGLISH,"2,889.00"
Municipality,MA,Hampshire,Hatfield,2022,5-Year-Estimates,Demographics,Speak Other Language at Home,CEN_OTHLANG,0
Municipality,MA,Hampshire,Hatfield,2022,5-Year-Estimates,Demographics,Speak Spanish at Home,CEN_SPANISH,164
Municipality,MA,Hampshire,Hatfield,2022,5-Year-Estimates,Demographics,"Two or More Races, Not Hispanic or Latino",CEN_TWO_MORE_NOT_HISP,119
Municipality,MA,Hampshire,Hatfield,2022,5-Year-Estimates,Economic,"% Households with Income between $10,000 to $14,999",CEN_PERC_HHINC_10000-14999,0.03
Municipality,MA,Hampshire,Hatfield,2022,5-Year-Estimates,Economic,"% Households with Income between $15,000 to $24,999",CEN_PERC_HHINC_15000-24999,0.08
Municipality,MA,Hampshire,Hatfield,2022,5-Year-Estimates,Economic,"%  Households with Income between $25,000 to $34,999",CEN_PERC_HHINC_25000-34999,0.03
Municipality,MA,Hampshire,Hatfield,2022,5-Year-Estimates,Economic,"%  Households with Income between $35,000 to $49,999",CEN_PERC_HHINC_35000-49999,0.09
Municipality,MA,Hampshire,Hatfield,2022,5-Year-Estimates,Economic,"% of  Households with Income between $50,000 to $74,999",CEN_PERC_HHINC_50000-74999,0.13
Municipality,MA,Hampshire,Hatfield,2022,5-Year-Estimates,Economic,"% of  Households with Income between $75,000 to $99,999",CEN_PERC_HHINC_75000-99999,0.16
Municipality,MA,Hampshire,Hatfield,2022,5-Year-Estimates,Economic,"% of  Households with Income between $100,000 to $149,999",CEN_PERC_HHINC_100000-149999,0.22
Municipality,MA,Hampshire,Hatfield,2022,5-Year-Estimates,Economic,"%  of Households with Income between $150,000 to $199,999",CEN_PERC_HHINC_150000-199999,0.09
Municipality,MA,Hampshire,Hatfield,2022,5-Year-Estimates,Economic,"% of  Households with Income between $200,000 or more",CEN_PERC_HHINC_200000_PLUS,0.1
Municipality,MA,Hampshire,Hatfield,2022,5-Year-Estimates,Economic,"% of Households with Income Less than $10,000",CEN_PERC_HHINC_0-9999,0.07
Municipality,MA,Hampshire,Hatfield,2022,5-Year-Estimates,Economic,Child Poverty Rate,CEN_CHILD_POV,0
Municipality,MA,Hampshire,Hatfield,2022,5-Year-Estimates,Economic,Employment by sex - Female Total,EMP_FEMALE,"2,102.00"
Municipality,MA,Hampshire,Hatfield,2022,5-Year-Estimates,Economic,Employment by sex - Male Total,EMP_MALE,"1,698.00"
Municipality,MA,Hampshire,Hatfield,2022,5-Year-Estimates,Economic,Employment by sex and below the poverty line - Total,UNEMP_TOT_POV,30
Municipality,MA,Hampshire,Hatfield,2022,5-Year-Estimates,Economic,Employment by sex and below the poverty line - Total Percentage,UNEMP_TOT_POV_PERC,0.32
Municipality,MA,Hampshire,Hatfield,2022,5-Year-Estimates,Economic,Employment by sex and in poverty - Female,EMP_FEMALE_POV,106
Municipality,MA,Hampshire,Hatfield,2022,5-Year-Estimates,Economic,Employment by sex and in poverty - Male,EMP_MALE_POV,82
Municipality,MA,Hampshire,Hatfield,2022,5-Year-Estimates,Economic,Employment by sex and in poverty - Total,EMP_TOT_POV,188
Municipality,MA,Hampshire,Hatfield,2022,5-Year-Estimates,Economic,Employment by sex and in poverty - Total Percentage,EMP_TOT_POV_PERC,0.1
Municipality,MA,Hampshire,Hatfield,2022,5-Year-Estimates,Economic,Family Economic Self Sufficiency,CEN_FAMECON_SELF,0
Municipality,MA,Hampshire,Hatfield,2022,5-Year-Estimates,Economic,Gini Coefficient (Income Inequality),CEN_INCOME_INEQ,0.43
Municipality,MA,Hampshire,Hatfield,2022,5-Year-Estimates,Economic,"Households with Income between $10,000 to $14,999",CEN_HHINC_10000-14999,50
Municipality,MA,Hampshire,Hatfield,2022,5-Year-Estimates,Economic,"Households with Income between $15,000 to $24,999",CEN_HHINC_15000-24999,118
Municipality,MA,Hampshire,Hatfield,2022,5-Year-Estimates,Economic,"Households with Income between $25,000 to $34,999",CEN_HHINC_25000-34999,46
Municipality,MA,Hampshire,Hatfield,2022,5-Year-Estimates,Economic,"Households with Income between $35,000 to $49,999",CEN_HHINC_35000-49999,132
Municipality,MA,Hampshire,Hatfield,2022,5-Year-Estimates,Economic,"Households with Income between $50,000 to $74,999",CEN_HHINC_50000-74999,197
Municipality,MA,Hampshire,Hatfield,2022,5-Year-Estimates,Economic,"Households with Income between $75,000 to $99,999",CEN_HHINC_75000-99999,237
Municipality,MA,Hampshire,Hatfield,2022,5-Year-Estimates,Economic,"Households with Income between $100,000 to $149,999",CEN_HHINC_100000-149999,332
Municipality,MA,Hampshire,Hatfield,2022,5-Year-Estimates,Economic,"Households with Income between $150,000 to $199,999",CEN_HHINC_150000-199999,143
Municipality,MA,Hampshire,Hatfield,2022,5-Year-Estimates,Economic,"Households with Income between $200,000 or more",CEN_HHINC_200000_PLUS,155
Municipality,MA,Hampshire,Hatfield,2022,5-Year-Estimates,Economic,"Households with Income Less than $10,000",CEN_HHINC_0-9999,107
Municipality,MA,Hampshire,Hatfield,2022,5-Year-Estimates,Economic,Households with Retirement Income,CEN_RETINC,505
Municipality,MA,Hampshire,Hatfield,2022,5-Year-Estimates,Economic,Households with Social Security Income,CEN_SOCSECINC,528
Municipality,MA,Hampshire,Hatfield,2022,5-Year-Estimates,Economic,Income Under 200% of Poverty Line,CENPOV200,0.17
Municipality,MA,Hampshire,Hatfield,2022,5-Year-Estimates,Economic,Median Family Income,CEN_MEDFAMINC,"109,833.00"
Municipality,MA,Hampshire,Hatfield,2022,5-Year-Estimates,Economic,Median Household Income,CEN_MEDHHINC,"83,459.00"
Municipality,MA,Hampshire,Hatfield,2022,5-Year-Estimates,Economic,Per Capita Income,CEN_PERCAPINC,"47,129.00"
Municipality,MA,Hampshire,Hatfield,2022,5-Year-Estimates,Economic,Percent of Employed Population in Poverty - Female,EMP_FEMALE_POV_PERC,0.1
Municipality,MA,Hampshire,Hatfield,2022,5-Year-Estimates,Economic,Percent of Employed Population in Poverty - Male,EMP_MALE_POV_PERC,0.1
Municipality,MA,Hampshire,Hatfield,2022,5-Year-Estimates,Economic,Percent of Families in Poverty,CEN_FAM_POV,0.04
Municipality,MA,Hampshire,Hatfield,2022,5-Year-Estimates,Economic,Percent of Unemployed Population in Poverty - Female,UNEMP_FEMALE_POV_PERC,0
Municipality,MA,Hampshire,Hatfield,2022,5-Year-Estimates,Economic,Percent of Unemployed Population in Poverty - Male,UNEMP_MALE_POV_PERC,0.39
Municipality,MA,Hampshire,Hatfield,2022,5-Year-Estimates,Economic,Population Living below Poverty,CEN_POOR,109
Municipality,MA,Hampshire,Hatfield,2022,5-Year-Estimates,Economic,Poverty Rate,CEN_POVRATE,0.06
Municipality,MA,Hampshire,Hatfield,2022,5-Year-Estimates,Economic,Poverty Rate of Foreign Born,CEN_POV_FOR_BORN,0.03
Municipality,MA,Hampshire,Hatfield,2022,5-Year-Estimates,Economic,Poverty Rate of Foreign Born Naturalized Citizens,CEN_POV_FOR_BORN_NAT,0
Municipality,MA,Hampshire,Hatfield,2022,5-Year-Estimates,Economic,Poverty Rate of Foreign Born Non-Citizens,CEN_POV_FOR_BORN_NON_CIT,0
Municipality,MA,Hampshire,Hatfield,2022,5-Year-Estimates,Economic,Poverty Status Determined Population,CEN_POVTOTALPOP,"3,310.00"
Municipality,MA,Hampshire,Hatfield,2022,5-Year-Estimates,Economic,Self Employment Income-Household,CEN_SELFEMPINC,223
Municipality,MA,Hampshire,Hatfield,2022,5-Year-Estimates,Economic,Total population counted for unemployment by sex - Female,UNEMP_FEMALE,34
Municipality,MA,Hampshire,Hatfield,2022,5-Year-Estimates,Economic,Total population counted for unemployment by sex - Male,UNEMP_MALE,152
Municipality,MA,Hampshire,Hatfield,2022,5-Year-Estimates,Economic,Unemployment by sex and below the poverty line - Female,UNEMP_FEMALE_POV,0
Municipality,MA,Hampshire,Hatfield,2022,5-Year-Estimates,Economic,Unemployment by sex and below the poverty line - Male,UNEMP_MALE_POV,30
Municipality,MA,Hampshire,Huntington,2022,5-Year-Estimates,Demographics,Population Total,CEN_POP,"2,328.00"
Municipality,MA,Hampshire,Huntington,2022,5-Year-Estimates,Demographics,White Population,CEN_WHITE,"2,224.00"
Municipality,MA,Hampshire,Huntington,2022,5-Year-Estimates,Demographics,Hispanic or Latino Population (of any race),CEN_HISPANIC,24
Municipality,MA,Hampshire,Huntington,2022,5-Year-Estimates,Demographics,Black Population,CEN_BLACK,35
Municipality,MA,Hampshire,Huntington,2022,5-Year-Estimates,Demographics,Other Races Population,CEN_OTHRACE,3
Municipality,MA,Hampshire,Huntington,2022,5-Year-Estimates,Demographics,Asian Population,CEN_ASIAN,0
Municipality,MA,Hampshire,Huntington,2022,5-Year-Estimates,Demographics,Age-3 to 4 Years Old,3_4_YEARS,61
Municipality,MA,Hampshire,Huntington,2022,5-Year-Estimates,Demographics,Age-5 Years Old,5_YEARS,29
Municipality,MA,Hampshire,Huntington,2022,5-Year-Estimates,Demographics,Age-6 to 8 Years Old,6_8_YEARS,76
Municipality,MA,Hampshire,Huntington,2022,5-Year-Estimates,Demographics,Age-9 to 11 Years Old,9_11_YEARS,100
Municipality,MA,Hampshire,Huntington,2022,5-Year-Estimates,Demographics,Age-12 to 14 Years Old,12_14_YEARS,73
Municipality,MA,Hampshire,Huntington,2022,5-Year-Estimates,Demographics,Age-15 to 17 Years Old,15_17_YEARS,76
Municipality,MA,Hampshire,Huntington,2022,5-Year-Estimates,Demographics,Age-18 to 19 Years Old,18_19_YEARS,9
Municipality,MA,Hampshire,Huntington,2022,5-Year-Estimates,Demographics,Age-20 to 24 Years Old,20_24_YEARS,154
Municipality,MA,Hampshire,Huntington,2022,5-Year-Estimates,Demographics,Age-25 to 29 Years Old,25_29_YEARS,98
Municipality,MA,Hampshire,Huntington,2022,5-Year-Estimates,Demographics,Age-30 to 34 Years Old,30_34_YEARS,210
Municipality,MA,Hampshire,Huntington,2022,5-Year-Estimates,Demographics,Age-35 to 39 Years Old,35_39_YEARS,53
Municipality,MA,Hampshire,Huntington,2022,5-Year-Estimates,Demographics,Age-40 to 44 Years Old,40_44_YEARS,172
Municipality,MA,Hampshire,Huntington,2022,5-Year-Estimates,Demographics,Age-45 to 49 Years Old,45_49_YEARS,181
Municipality,MA,Hampshire,Huntington,2022,5-Year-Estimates,Demographics,Age-50 to 54 Years Old,50_54_YEARS,180
Municipality,MA,Hampshire,Huntington,2022,5-Year-Estimates,Demographics,Age-55 to 59 Years Old,55_59_YEARS,181
Municipality,MA,Hampshire,Huntington,2022,5-Year-Estimates,Demographics,Age-60 to 64 Years Old,60_64_YEARS,218
Municipality,MA,Hampshire,Huntington,2022,5-Year-Estimates,Demographics,Age-65 to 69 Years Old,65_69_YEARS,150
Municipality,MA,Hampshire,Huntington,2022,5-Year-Estimates,Demographics,Age-70 to 74 Years Old,70_74_YEARS,70
Municipality,MA,Hampshire,Huntington,2022,5-Year-Estimates,Demographics,Age-75 to 79 Years Old,75_79_YEARS,54
Municipality,MA,Hampshire,Huntington,2022,5-Year-Estimates,Demographics,Age-80 to 84 Years Old,80_84_YEARS,65
Municipality,MA,Hampshire,Huntington,2022,5-Year-Estimates,Demographics,Age-85 & older,85+_YEARS,39
Municipality,MA,Hampshire,Huntington,2022,5-Year-Estimates,Demographics,Age-Under 3 Years Old,UNDER_3_YEARS,79
Municipality,MA,Hampshire,Huntington,2022,5-Year-Estimates,Demographics,Households-Married Couples,CEN_MARRHOU,502
Municipality,MA,Hampshire,Huntington,2022,5-Year-Estimates,Demographics,Households-Single Parent,CEN_SINGPARHOU,70
Municipality,MA,Hampshire,Huntington,2022,5-Year-Estimates,Demographics,Households-Total,CEN_HOUSEHOLDS,949
Municipality,MA,Hampshire,Huntington,2022,5-Year-Estimates,Demographics,Net Domestic Migration,CEN_NET_DOM_MIGR,0
Municipality,MA,Hampshire,Huntington,2022,5-Year-Estimates,Demographics,Percent Elderly with Car Access,CAR_AGE_HOUSEHOLDER,0.98
Municipality,MA,Hampshire,Huntington,2022,5-Year-Estimates,Demographics,Percent Grandparents Who Are Primary Caregiver,GRAND_CAREGIVER,0
Municipality,MA,Hampshire,Huntington,2022,5-Year-Estimates,Demographics,Percent of Elderly Below Poverty Line,ELDERLY_POV,0.12
Municipality,MA,Hampshire,Huntington,2022,5-Year-Estimates,Demographics,Percent of Elderly who Live Alone,ELDERLY_LIVEALONE,0.25
Municipality,MA,Hampshire,Huntington,2022,5-Year-Estimates,Demographics,Percent of Population Who are Not White,MINORITY_PERCENT,0.04
Municipality,MA,Hampshire,Huntington,2022,5-Year-Estimates,Demographics,Population 5+,CEN_POP_O4,"2,188.00"
Municipality,MA,Hampshire,Huntington,2022,5-Year-Estimates,Demographics,Population 25+,CEN_POP_O24,"1,671.00"
Municipality,MA,Hampshire,Huntington,2022,5-Year-Estimates,Demographics,Population 65+,CEN_POP_O64,378
Municipality,MA,Hampshire,Huntington,2022,5-Year-Estimates,Demographics,Population Living in Rural Areas,CEN_RURALPOP,0
Municipality,MA,Hampshire,Huntington,2022,5-Year-Estimates,Demographics,Population living in the same county as five years ago,CEN_SAMECOUNTY,0
Municipality,MA,Hampshire,Huntington,2022,5-Year-Estimates,Demographics,Population living in the same house as five years ago,CEN_SAMEHOUSE,0
Municipality,MA,Hampshire,Huntington,2022,5-Year-Estimates,Demographics,Population Living in Urban Areas,CEN_URBANPOP,0
Municipality,MA,Hampshire,Huntington,2022,5-Year-Estimates,Demographics,Population Under 18,CEN_POP_U18,494
Municipality,MA,Hampshire,Huntington,2022,5-Year-Estimates,Demographics,Population-Foreign Born,CEN_FORBORN,46
Municipality,MA,Hampshire,Huntington,2022,5-Year-Estimates,Demographics,Single Parent Families,CEN_SINGPAR_CHILD,0
Municipality,MA,Hampshire,Huntington,2022,5-Year-Estimates,Demographics,Speak an Asian Language at Home,CEN_ASIANLANG,0
Municipality,MA,Hampshire,Huntington,2022,5-Year-Estimates,Demographics,Speak Only English at Home,CEN_ENGLISH,"2,123.00"
Municipality,MA,Hampshire,Huntington,2022,5-Year-Estimates,Demographics,Speak Other Language at Home,CEN_OTHLANG,0
Municipality,MA,Hampshire,Huntington,2022,5-Year-Estimates,Demographics,Speak Spanish at Home,CEN_SPANISH,9
Municipality,MA,Hampshire,Huntington,2022,5-Year-Estimates,Demographics,"Two or More Races, Not Hispanic or Latino",CEN_TWO_MORE_NOT_HISP,61
Municipality,MA,Hampshire,Huntington,2022,5-Year-Estimates,Economic,"% Households with Income between $10,000 to $14,999",CEN_PERC_HHINC_10000-14999,0.02
Municipality,MA,Hampshire,Huntington,2022,5-Year-Estimates,Economic,"% Households with Income between $15,000 to $24,999",CEN_PERC_HHINC_15000-24999,0.02
Municipality,MA,Hampshire,Huntington,2022,5-Year-Estimates,Economic,"%  Households with Income between $25,000 to $34,999",CEN_PERC_HHINC_25000-34999,0.09
Municipality,MA,Hampshire,Huntington,2022,5-Year-Estimates,Economic,"%  Households with Income between $35,000 to $49,999",CEN_PERC_HHINC_35000-49999,0.13
Municipality,MA,Hampshire,Huntington,2022,5-Year-Estimates,Economic,"% of  Households with Income between $50,000 to $74,999",CEN_PERC_HHINC_50000-74999,0.16
Municipality,MA,Hampshire,Huntington,2022,5-Year-Estimates,Economic,"% of  Households with Income between $75,000 to $99,999",CEN_PERC_HHINC_75000-99999,0.13
Municipality,MA,Hampshire,Huntington,2022,5-Year-Estimates,Economic,"% of  Households with Income between $100,000 to $149,999",CEN_PERC_HHINC_100000-149999,0.22
Municipality,MA,Hampshire,Huntington,2022,5-Year-Estimates,Economic,"%  of Households with Income between $150,000 to $199,999",CEN_PERC_HHINC_150000-199999,0.16
Municipality,MA,Hampshire,Huntington,2022,5-Year-Estimates,Economic,"% of  Households with Income between $200,000 or more",CEN_PERC_HHINC_200000_PLUS,0.04
Municipality,MA,Hampshire,Huntington,2022,5-Year-Estimates,Economic,"% of Households with Income Less than $10,000",CEN_PERC_HHINC_0-9999,0.03
Municipality,MA,Hampshire,Huntington,2022,5-Year-Estimates,Economic,Child Poverty Rate,CEN_CHILD_POV,0.25
Municipality,MA,Hampshire,Huntington,2022,5-Year-Estimates,Economic,Employment by sex - Female Total,EMP_FEMALE,"1,236.00"
Municipality,MA,Hampshire,Huntington,2022,5-Year-Estimates,Economic,Employment by sex - Male Total,EMP_MALE,"1,328.00"
Municipality,MA,Hampshire,Huntington,2022,5-Year-Estimates,Economic,Employment by sex and below the poverty line - Total,UNEMP_TOT_POV,30
Municipality,MA,Hampshire,Huntington,2022,5-Year-Estimates,Economic,Employment by sex and below the poverty line - Total Percentage,UNEMP_TOT_POV_PERC,0.73
Municipality,MA,Hampshire,Huntington,2022,5-Year-Estimates,Economic,Employment by sex and in poverty - Female,EMP_FEMALE_POV,118
Municipality,MA,Hampshire,Huntington,2022,5-Year-Estimates,Economic,Employment by sex and in poverty - Male,EMP_MALE_POV,28
Municipality,MA,Hampshire,Huntington,2022,5-Year-Estimates,Economic,Employment by sex and in poverty - Total,EMP_TOT_POV,146
Municipality,MA,Hampshire,Huntington,2022,5-Year-Estimates,Economic,Employment by sex and in poverty - Total Percentage,EMP_TOT_POV_PERC,0.11
Municipality,MA,Hampshire,Huntington,2022,5-Year-Estimates,Economic,Family Economic Self Sufficiency,CEN_FAMECON_SELF,0
Municipality,MA,Hampshire,Huntington,2022,5-Year-Estimates,Economic,Gini Coefficient (Income Inequality),CEN_INCOME_INEQ,0.35
Municipality,MA,Hampshire,Huntington,2022,5-Year-Estimates,Economic,"Households with Income between $10,000 to $14,999",CEN_HHINC_10000-14999,16
Municipality,MA,Hampshire,Huntington,2022,5-Year-Estimates,Economic,"Households with Income between $15,000 to $24,999",CEN_HHINC_15000-24999,22
Municipality,MA,Hampshire,Huntington,2022,5-Year-Estimates,Economic,"Households with Income between $25,000 to $34,999",CEN_HHINC_25000-34999,87
Municipality,MA,Hampshire,Huntington,2022,5-Year-Estimates,Economic,"Households with Income between $35,000 to $49,999",CEN_HHINC_35000-49999,121
Municipality,MA,Hampshire,Huntington,2022,5-Year-Estimates,Economic,"Households with Income between $50,000 to $74,999",CEN_HHINC_50000-74999,153
Municipality,MA,Hampshire,Huntington,2022,5-Year-Estimates,Economic,"Households with Income between $75,000 to $99,999",CEN_HHINC_75000-99999,126
Municipality,MA,Hampshire,Huntington,2022,5-Year-Estimates,Economic,"Households with Income between $100,000 to $149,999",CEN_HHINC_100000-149999,207
Municipality,MA,Hampshire,Huntington,2022,5-Year-Estimates,Economic,"Households with Income between $150,000 to $199,999",CEN_HHINC_150000-199999,153
Municipality,MA,Hampshire,Huntington,2022,5-Year-Estimates,Economic,"Households with Income between $200,000 or more",CEN_HHINC_200000_PLUS,35
Municipality,MA,Hampshire,Huntington,2022,5-Year-Estimates,Economic,"Households with Income Less than $10,000",CEN_HHINC_0-9999,29
Municipality,MA,Hampshire,Huntington,2022,5-Year-Estimates,Economic,Households with Retirement Income,CEN_RETINC,218
Municipality,MA,Hampshire,Huntington,2022,5-Year-Estimates,Economic,Households with Social Security Income,CEN_SOCSECINC,274
Municipality,MA,Hampshire,Huntington,2022,5-Year-Estimates,Economic,Income Under 200% of Poverty Line,CENPOV200,0.26
Municipality,MA,Hampshire,Huntington,2022,5-Year-Estimates,Economic,Median Family Income,CEN_MEDFAMINC,"77,179.00"
Municipality,MA,Hampshire,Huntington,2022,5-Year-Estimates,Economic,Median Household Income,CEN_MEDHHINC,"82,917.00"
Municipality,MA,Hampshire,Huntington,2022,5-Year-Estimates,Economic,Per Capita Income,CEN_PERCAPINC,"37,265.00"
Municipality,MA,Hampshire,Huntington,2022,5-Year-Estimates,Economic,Percent of Employed Population in Poverty - Female,EMP_FEMALE_POV_PERC,0.19
Municipality,MA,Hampshire,Huntington,2022,5-Year-Estimates,Economic,Percent of Employed Population in Poverty - Male,EMP_MALE_POV_PERC,0.04
Municipality,MA,Hampshire,Huntington,2022,5-Year-Estimates,Economic,Percent of Families in Poverty,CEN_FAM_POV,0.06
Municipality,MA,Hampshire,Huntington,2022,5-Year-Estimates,Economic,Percent of Unemployed Population in Poverty - Female,UNEMP_FEMALE_POV_PERC,0
Municipality,MA,Hampshire,Huntington,2022,5-Year-Estimates,Economic,Percent of Unemployed Population in Poverty - Male,UNEMP_MALE_POV_PERC,1.11
Municipality,MA,Hampshire,Huntington,2022,5-Year-Estimates,Economic,Population Living below Poverty,CEN_POOR,88
Municipality,MA,Hampshire,Huntington,2022,5-Year-Estimates,Economic,Poverty Rate,CEN_POVRATE,0.07
Municipality,MA,Hampshire,Huntington,2022,5-Year-Estimates,Economic,Poverty Rate of Foreign Born,CEN_POV_FOR_BORN,0.01
Municipality,MA,Hampshire,Huntington,2022,5-Year-Estimates,Economic,Poverty Rate of Foreign Born Naturalized Citizens,CEN_POV_FOR_BORN_NAT,0
Municipality,MA,Hampshire,Huntington,2022,5-Year-Estimates,Economic,Poverty Rate of Foreign Born Non-Citizens,CEN_POV_FOR_BORN_NON_CIT,0
Municipality,MA,Hampshire,Huntington,2022,5-Year-Estimates,Economic,Poverty Status Determined Population,CEN_POVTOTALPOP,"2,328.00"
Municipality,MA,Hampshire,Huntington,2022,5-Year-Estimates,Economic,Self Employment Income-Household,CEN_SELFEMPINC,90
Municipality,MA,Hampshire,Huntington,2022,5-Year-Estimates,Economic,Total population counted for unemployment by sex - Female,UNEMP_FEMALE,28
Municipality,MA,Hampshire,Huntington,2022,5-Year-Estimates,Economic,Total population counted for unemployment by sex - Male,UNEMP_MALE,54
Municipality,MA,Hampshire,Huntington,2022,5-Year-Estimates,Economic,Unemployment by sex and below the poverty line - Female,UNEMP_FEMALE_POV,0
Municipality,MA,Hampshire,Huntington,2022,5-Year-Estimates,Economic,Unemployment by sex and below the poverty line - Male,UNEMP_MALE_POV,30
Municipality,MA,Hampshire,Middlefield,2022,5-Year-Estimates,Demographics,Population Total,CEN_POP,319
Municipality,MA,Hampshire,Middlefield,2022,5-Year-Estimates,Demographics,White Population,CEN_WHITE,275
Municipality,MA,Hampshire,Middlefield,2022,5-Year-Estimates,Demographics,Hispanic or Latino Population (of any race),CEN_HISPANIC,19
Municipality,MA,Hampshire,Middlefield,2022,5-Year-Estimates,Demographics,Black Population,CEN_BLACK,0
Municipality,MA,Hampshire,Middlefield,2022,5-Year-Estimates,Demographics,Other Races Population,CEN_OTHRACE,12
Municipality,MA,Hampshire,Middlefield,2022,5-Year-Estimates,Demographics,Asian Population,CEN_ASIAN,0
Municipality,MA,Hampshire,Middlefield,2022,5-Year-Estimates,Demographics,Age-3 to 4 Years Old,3_4_YEARS,0
Municipality,MA,Hampshire,Middlefield,2022,5-Year-Estimates,Demographics,Age-5 Years Old,5_YEARS,0
Municipality,MA,Hampshire,Middlefield,2022,5-Year-Estimates,Demographics,Age-6 to 8 Years Old,6_8_YEARS,1
Municipality,MA,Hampshire,Middlefield,2022,5-Year-Estimates,Demographics,Age-9 to 11 Years Old,9_11_YEARS,1
Municipality,MA,Hampshire,Middlefield,2022,5-Year-Estimates,Demographics,Age-12 to 14 Years Old,12_14_YEARS,0
Municipality,MA,Hampshire,Middlefield,2022,5-Year-Estimates,Demographics,Age-15 to 17 Years Old,15_17_YEARS,12
Municipality,MA,Hampshire,Middlefield,2022,5-Year-Estimates,Demographics,Age-18 to 19 Years Old,18_19_YEARS,8
Municipality,MA,Hampshire,Middlefield,2022,5-Year-Estimates,Demographics,Age-20 to 24 Years Old,20_24_YEARS,9
Municipality,MA,Hampshire,Middlefield,2022,5-Year-Estimates,Demographics,Age-25 to 29 Years Old,25_29_YEARS,12
Municipality,MA,Hampshire,Middlefield,2022,5-Year-Estimates,Demographics,Age-30 to 34 Years Old,30_34_YEARS,16
Municipality,MA,Hampshire,Middlefield,2022,5-Year-Estimates,Demographics,Age-35 to 39 Years Old,35_39_YEARS,12
Municipality,MA,Hampshire,Middlefield,2022,5-Year-Estimates,Demographics,Age-40 to 44 Years Old,40_44_YEARS,8
Municipality,MA,Hampshire,Middlefield,2022,5-Year-Estimates,Demographics,Age-45 to 49 Years Old,45_49_YEARS,16
Municipality,MA,Hampshire,Middlefield,2022,5-Year-Estimates,Demographics,Age-50 to 54 Years Old,50_54_YEARS,18
Municipality,MA,Hampshire,Middlefield,2022,5-Year-Estimates,Demographics,Age-55 to 59 Years Old,55_59_YEARS,41
Municipality,MA,Hampshire,Middlefield,2022,5-Year-Estimates,Demographics,Age-60 to 64 Years Old,60_64_YEARS,73
Municipality,MA,Hampshire,Middlefield,2022,5-Year-Estimates,Demographics,Age-65 to 69 Years Old,65_69_YEARS,63
Municipality,MA,Hampshire,Middlefield,2022,5-Year-Estimates,Demographics,Age-70 to 74 Years Old,70_74_YEARS,12
Municipality,MA,Hampshire,Middlefield,2022,5-Year-Estimates,Demographics,Age-75 to 79 Years Old,75_79_YEARS,6
Municipality,MA,Hampshire,Middlefield,2022,5-Year-Estimates,Demographics,Age-80 to 84 Years Old,80_84_YEARS,3
Municipality,MA,Hampshire,Middlefield,2022,5-Year-Estimates,Demographics,Age-85 & older,85+_YEARS,8
Municipality,MA,Hampshire,Middlefield,2022,5-Year-Estimates,Demographics,Age-Under 3 Years Old,UNDER_3_YEARS,0
Municipality,MA,Hampshire,Middlefield,2022,5-Year-Estimates,Demographics,Households-Married Couples,CEN_MARRHOU,69
Municipality,MA,Hampshire,Middlefield,2022,5-Year-Estimates,Demographics,Households-Single Parent,CEN_SINGPARHOU,0
Municipality,MA,Hampshire,Middlefield,2022,5-Year-Estimates,Demographics,Households-Total,CEN_HOUSEHOLDS,167
Municipality,MA,Hampshire,Middlefield,2022,5-Year-Estimates,Demographics,Net Domestic Migration,CEN_NET_DOM_MIGR,0
Municipality,MA,Hampshire,Middlefield,2022,5-Year-Estimates,Demographics,Percent Elderly with Car Access,CAR_AGE_HOUSEHOLDER,1
Municipality,MA,Hampshire,Middlefield,2022,5-Year-Estimates,Demographics,Percent Grandparents Who Are Primary Caregiver,GRAND_CAREGIVER,0
Municipality,MA,Hampshire,Middlefield,2022,5-Year-Estimates,Demographics,Percent of Elderly Below Poverty Line,ELDERLY_POV,0
Municipality,MA,Hampshire,Middlefield,2022,5-Year-Estimates,Demographics,Percent of Elderly who Live Alone,ELDERLY_LIVEALONE,0.29
Municipality,MA,Hampshire,Middlefield,2022,5-Year-Estimates,Demographics,Percent of Population Who are Not White,MINORITY_PERCENT,0.14
Municipality,MA,Hampshire,Middlefield,2022,5-Year-Estimates,Demographics,Population 5+,CEN_POP_O4,319
Municipality,MA,Hampshire,Middlefield,2022,5-Year-Estimates,Demographics,Population 25+,CEN_POP_O24,288
Municipality,MA,Hampshire,Middlefield,2022,5-Year-Estimates,Demographics,Population 65+,CEN_POP_O64,92
Municipality,MA,Hampshire,Middlefield,2022,5-Year-Estimates,Demographics,Population Living in Rural Areas,CEN_RURALPOP,0
Municipality,MA,Hampshire,Middlefield,2022,5-Year-Estimates,Demographics,Population living in the same county as five years ago,CEN_SAMECOUNTY,0
Municipality,MA,Hampshire,Middlefield,2022,5-Year-Estimates,Demographics,Population living in the same house as five years ago,CEN_SAMEHOUSE,0
Municipality,MA,Hampshire,Middlefield,2022,5-Year-Estimates,Demographics,Population Living in Urban Areas,CEN_URBANPOP,0
Municipality,MA,Hampshire,Middlefield,2022,5-Year-Estimates,Demographics,Population Under 18,CEN_POP_U18,14
Municipality,MA,Hampshire,Middlefield,2022,5-Year-Estimates,Demographics,Population-Foreign Born,CEN_FORBORN,25
Municipality,MA,Hampshire,Middlefield,2022,5-Year-Estimates,Demographics,Single Parent Families,CEN_SINGPAR_CHILD,0
Municipality,MA,Hampshire,Middlefield,2022,5-Year-Estimates,Demographics,Speak an Asian Language at Home,CEN_ASIANLANG,0
Municipality,MA,Hampshire,Middlefield,2022,5-Year-Estimates,Demographics,Speak Only English at Home,CEN_ENGLISH,288
Municipality,MA,Hampshire,Middlefield,2022,5-Year-Estimates,Demographics,Speak Other Language at Home,CEN_OTHLANG,0
Municipality,MA,Hampshire,Middlefield,2022,5-Year-Estimates,Demographics,Speak Spanish at Home,CEN_SPANISH,19
Municipality,MA,Hampshire,Middlefield,2022,5-Year-Estimates,Demographics,"Two or More Races, Not Hispanic or Latino",CEN_TWO_MORE_NOT_HISP,26
Municipality,MA,Hampshire,Middlefield,2022,5-Year-Estimates,Economic,"% Households with Income between $10,000 to $14,999",CEN_PERC_HHINC_10000-14999,0
Municipality,MA,Hampshire,Middlefield,2022,5-Year-Estimates,Economic,"% Households with Income between $15,000 to $24,999",CEN_PERC_HHINC_15000-24999,0.13
Municipality,MA,Hampshire,Middlefield,2022,5-Year-Estimates,Economic,"%  Households with Income between $25,000 to $34,999",CEN_PERC_HHINC_25000-34999,0.02
Municipality,MA,Hampshire,Middlefield,2022,5-Year-Estimates,Economic,"%  Households with Income between $35,000 to $49,999",CEN_PERC_HHINC_35000-49999,0.06
Municipality,MA,Hampshire,Middlefield,2022,5-Year-Estimates,Economic,"% of  Households with Income between $50,000 to $74,999",CEN_PERC_HHINC_50000-74999,0.13
Municipality,MA,Hampshire,Middlefield,2022,5-Year-Estimates,Economic,"% of  Households with Income between $75,000 to $99,999",CEN_PERC_HHINC_75000-99999,0.32
Municipality,MA,Hampshire,Middlefield,2022,5-Year-Estimates,Economic,"% of  Households with Income between $100,000 to $149,999",CEN_PERC_HHINC_100000-149999,0.11
Municipality,MA,Hampshire,Middlefield,2022,5-Year-Estimates,Economic,"%  of Households with Income between $150,000 to $199,999",CEN_PERC_HHINC_150000-199999,0.1
Municipality,MA,Hampshire,Middlefield,2022,5-Year-Estimates,Economic,"% of  Households with Income between $200,000 or more",CEN_PERC_HHINC_200000_PLUS,0.08
Municipality,MA,Hampshire,Middlefield,2022,5-Year-Estimates,Economic,"% of Households with Income Less than $10,000",CEN_PERC_HHINC_0-9999,0.04
Municipality,MA,Hampshire,Middlefield,2022,5-Year-Estimates,Economic,Child Poverty Rate,CEN_CHILD_POV,0
Municipality,MA,Hampshire,Middlefield,2022,5-Year-Estimates,Economic,Employment by sex - Female Total,EMP_FEMALE,176
Municipality,MA,Hampshire,Middlefield,2022,5-Year-Estimates,Economic,Employment by sex - Male Total,EMP_MALE,234
Municipality,MA,Hampshire,Middlefield,2022,5-Year-Estimates,Economic,Employment by sex and below the poverty line - Total,UNEMP_TOT_POV,0
Municipality,MA,Hampshire,Middlefield,2022,5-Year-Estimates,Economic,Employment by sex and below the poverty line - Total Percentage,UNEMP_TOT_POV_PERC,0
Municipality,MA,Hampshire,Middlefield,2022,5-Year-Estimates,Economic,Employment by sex and in poverty - Female,EMP_FEMALE_POV,30
Municipality,MA,Hampshire,Middlefield,2022,5-Year-Estimates,Economic,Employment by sex and in poverty - Male,EMP_MALE_POV,14
Municipality,MA,Hampshire,Middlefield,2022,5-Year-Estimates,Economic,Employment by sex and in poverty - Total,EMP_TOT_POV,44
Municipality,MA,Hampshire,Middlefield,2022,5-Year-Estimates,Economic,Employment by sex and in poverty - Total Percentage,EMP_TOT_POV_PERC,0.21
Municipality,MA,Hampshire,Middlefield,2022,5-Year-Estimates,Economic,Family Economic Self Sufficiency,CEN_FAMECON_SELF,0
Municipality,MA,Hampshire,Middlefield,2022,5-Year-Estimates,Economic,Gini Coefficient (Income Inequality),CEN_INCOME_INEQ,0.44
Municipality,MA,Hampshire,Middlefield,2022,5-Year-Estimates,Economic,"Households with Income between $10,000 to $14,999",CEN_HHINC_10000-14999,0
Municipality,MA,Hampshire,Middlefield,2022,5-Year-Estimates,Economic,"Households with Income between $15,000 to $24,999",CEN_HHINC_15000-24999,22
Municipality,MA,Hampshire,Middlefield,2022,5-Year-Estimates,Economic,"Households with Income between $25,000 to $34,999",CEN_HHINC_25000-34999,4
Municipality,MA,Hampshire,Middlefield,2022,5-Year-Estimates,Economic,"Households with Income between $35,000 to $49,999",CEN_HHINC_35000-49999,10
Municipality,MA,Hampshire,Middlefield,2022,5-Year-Estimates,Economic,"Households with Income between $50,000 to $74,999",CEN_HHINC_50000-74999,22
Municipality,MA,Hampshire,Middlefield,2022,5-Year-Estimates,Economic,"Households with Income between $75,000 to $99,999",CEN_HHINC_75000-99999,53
Municipality,MA,Hampshire,Middlefield,2022,5-Year-Estimates,Economic,"Households with Income between $100,000 to $149,999",CEN_HHINC_100000-149999,19
Municipality,MA,Hampshire,Middlefield,2022,5-Year-Estimates,Economic,"Households with Income between $150,000 to $199,999",CEN_HHINC_150000-199999,17
Municipality,MA,Hampshire,Middlefield,2022,5-Year-Estimates,Economic,"Households with Income between $200,000 or more",CEN_HHINC_200000_PLUS,13
Municipality,MA,Hampshire,Middlefield,2022,5-Year-Estimates,Economic,"Households with Income Less than $10,000",CEN_HHINC_0-9999,7
Municipality,MA,Hampshire,Middlefield,2022,5-Year-Estimates,Economic,Households with Retirement Income,CEN_RETINC,19
Municipality,MA,Hampshire,Middlefield,2022,5-Year-Estimates,Economic,Households with Social Security Income,CEN_SOCSECINC,63
Municipality,MA,Hampshire,Middlefield,2022,5-Year-Estimates,Economic,Income Under 200% of Poverty Line,CENPOV200,0.23
Municipality,MA,Hampshire,Middlefield,2022,5-Year-Estimates,Economic,Median Family Income,CEN_MEDFAMINC,"171,929.00"
Municipality,MA,Hampshire,Middlefield,2022,5-Year-Estimates,Economic,Median Household Income,CEN_MEDHHINC,"80,875.00"
Municipality,MA,Hampshire,Middlefield,2022,5-Year-Estimates,Economic,Per Capita Income,CEN_PERCAPINC,"55,187.00"
Municipality,MA,Hampshire,Middlefield,2022,5-Year-Estimates,Economic,Percent of Employed Population in Poverty - Female,EMP_FEMALE_POV_PERC,0.34
Municipality,MA,Hampshire,Middlefield,2022,5-Year-Estimates,Economic,Percent of Employed Population in Poverty - Male,EMP_MALE_POV_PERC,0.12
Municipality,MA,Hampshire,Middlefield,2022,5-Year-Estimates,Economic,Percent of Families in Poverty,CEN_FAM_POV,0
Municipality,MA,Hampshire,Middlefield,2022,5-Year-Estimates,Economic,Percent of Unemployed Population in Poverty - Male,UNEMP_MALE_POV_PERC,0
Municipality,MA,Hampshire,Middlefield,2022,5-Year-Estimates,Economic,Population Living below Poverty,CEN_POOR,22
Municipality,MA,Hampshire,Middlefield,2022,5-Year-Estimates,Economic,Poverty Rate,CEN_POVRATE,0.11
Municipality,MA,Hampshire,Middlefield,2022,5-Year-Estimates,Economic,Poverty Rate of Foreign Born,CEN_POV_FOR_BORN,0.04
Municipality,MA,Hampshire,Middlefield,2022,5-Year-Estimates,Economic,Poverty Rate of Foreign Born Naturalized Citizens,CEN_POV_FOR_BORN_NAT,0
Municipality,MA,Hampshire,Middlefield,2022,5-Year-Estimates,Economic,Poverty Rate of Foreign Born Non-Citizens,CEN_POV_FOR_BORN_NON_CIT,0
Municipality,MA,Hampshire,Middlefield,2022,5-Year-Estimates,Economic,Poverty Status Determined Population,CEN_POVTOTALPOP,319
Municipality,MA,Hampshire,Middlefield,2022,5-Year-Estimates,Economic,Self Employment Income-Household,CEN_SELFEMPINC,38
Municipality,MA,Hampshire,Middlefield,2022,5-Year-Estimates,Economic,Total population counted for unemployment by sex - Female,UNEMP_FEMALE,0
Municipality,MA,Hampshire,Middlefield,2022,5-Year-Estimates,Economic,Total population counted for unemployment by sex - Male,UNEMP_MALE,2
Municipality,MA,Hampshire,Middlefield,2022,5-Year-Estimates,Economic,Unemployment by sex and below the poverty line - Female,UNEMP_FEMALE_POV,0
Municipality,MA,Hampshire,Middlefield,2022,5-Year-Estimates,Economic,Unemployment by sex and below the poverty line - Male,UNEMP_MALE_POV,0
Municipality,MA,Hampshire,Northampton,2022,5-Year-Estimates,Demographics,Population Total,CEN_POP,"28,245.00"
Municipality,MA,Hampshire,Northampton,2022,5-Year-Estimates,Demographics,White Population,CEN_WHITE,"24,117.00"
Municipality,MA,Hampshire,Northampton,2022,5-Year-Estimates,Demographics,Hispanic or Latino Population (of any race),CEN_HISPANIC,"2,240.00"
Municipality,MA,Hampshire,Northampton,2022,5-Year-Estimates,Demographics,Black Population,CEN_BLACK,587
Municipality,MA,Hampshire,Northampton,2022,5-Year-Estimates,Demographics,Other Races Population,CEN_OTHRACE,998
Municipality,MA,Hampshire,Northampton,2022,5-Year-Estimates,Demographics,Asian Population,CEN_ASIAN,"1,078.00"
Municipality,MA,Hampshire,Northampton,2022,5-Year-Estimates,Demographics,Age-3 to 4 Years Old,3_4_YEARS,310
Municipality,MA,Hampshire,Northampton,2022,5-Year-Estimates,Demographics,Age-5 Years Old,5_YEARS,209
Municipality,MA,Hampshire,Northampton,2022,5-Year-Estimates,Demographics,Age-6 to 8 Years Old,6_8_YEARS,638
Municipality,MA,Hampshire,Northampton,2022,5-Year-Estimates,Demographics,Age-9 to 11 Years Old,9_11_YEARS,667
Municipality,MA,Hampshire,Northampton,2022,5-Year-Estimates,Demographics,Age-12 to 14 Years Old,12_14_YEARS,969
Municipality,MA,Hampshire,Northampton,2022,5-Year-Estimates,Demographics,Age-15 to 17 Years Old,15_17_YEARS,882
Municipality,MA,Hampshire,Northampton,2022,5-Year-Estimates,Demographics,Age-18 to 19 Years Old,18_19_YEARS,"1,419.00"
Municipality,MA,Hampshire,Northampton,2022,5-Year-Estimates,Demographics,Age-20 to 24 Years Old,20_24_YEARS,"2,201.00"
Municipality,MA,Hampshire,Northampton,2022,5-Year-Estimates,Demographics,Age-25 to 29 Years Old,25_29_YEARS,"1,763.00"
Municipality,MA,Hampshire,Northampton,2022,5-Year-Estimates,Demographics,Age-30 to 34 Years Old,30_34_YEARS,"1,838.00"
Municipality,MA,Hampshire,Northampton,2022,5-Year-Estimates,Demographics,Age-35 to 39 Years Old,35_39_YEARS,"1,714.00"
Municipality,MA,Hampshire,Northampton,2022,5-Year-Estimates,Demographics,Age-40 to 44 Years Old,40_44_YEARS,"1,771.00"
Municipality,MA,Hampshire,Northampton,2022,5-Year-Estimates,Demographics,Age-45 to 49 Years Old,45_49_YEARS,"1,501.00"
Municipality,MA,Hampshire,Northampton,2022,5-Year-Estimates,Demographics,Age-50 to 54 Years Old,50_54_YEARS,"2,028.00"
Municipality,MA,Hampshire,Northampton,2022,5-Year-Estimates,Demographics,Age-55 to 59 Years Old,55_59_YEARS,"1,787.00"
Municipality,MA,Hampshire,Northampton,2022,5-Year-Estimates,Demographics,Age-60 to 64 Years Old,60_64_YEARS,"2,033.00"
Municipality,MA,Hampshire,Northampton,2022,5-Year-Estimates,Demographics,Age-65 to 69 Years Old,65_69_YEARS,"2,102.00"
Municipality,MA,Hampshire,Northampton,2022,5-Year-Estimates,Demographics,Age-70 to 74 Years Old,70_74_YEARS,"1,594.00"
Municipality,MA,Hampshire,Northampton,2022,5-Year-Estimates,Demographics,Age-75 to 79 Years Old,75_79_YEARS,"1,043.00"
Municipality,MA,Hampshire,Northampton,2022,5-Year-Estimates,Demographics,Age-80 to 84 Years Old,80_84_YEARS,543
Municipality,MA,Hampshire,Northampton,2022,5-Year-Estimates,Demographics,Age-85 & older,85+_YEARS,573
Municipality,MA,Hampshire,Northampton,2022,5-Year-Estimates,Demographics,Age-Under 3 Years Old,UNDER_3_YEARS,571
Municipality,MA,Hampshire,Northampton,2022,5-Year-Estimates,Demographics,Households-Married Couples,CEN_MARRHOU,"4,749.00"
Municipality,MA,Hampshire,Northampton,2022,5-Year-Estimates,Demographics,Households-Single Parent,CEN_SINGPARHOU,725
Municipality,MA,Hampshire,Northampton,2022,5-Year-Estimates,Demographics,Households-Total,CEN_HOUSEHOLDS,"12,345.00"
Municipality,MA,Hampshire,Northampton,2022,5-Year-Estimates,Demographics,Net Domestic Migration,CEN_NET_DOM_MIGR,0
Municipality,MA,Hampshire,Northampton,2022,5-Year-Estimates,Demographics,Percent Elderly with Car Access,CAR_AGE_HOUSEHOLDER,0.88
Municipality,MA,Hampshire,Northampton,2022,5-Year-Estimates,Demographics,Percent Grandparents Who Are Primary Caregiver,GRAND_CAREGIVER,0.63
Municipality,MA,Hampshire,Northampton,2022,5-Year-Estimates,Demographics,Percent of Elderly Below Poverty Line,ELDERLY_POV,0.07
Municipality,MA,Hampshire,Northampton,2022,5-Year-Estimates,Demographics,Percent of Elderly who Live Alone,ELDERLY_LIVEALONE,0.33
Municipality,MA,Hampshire,Northampton,2022,5-Year-Estimates,Demographics,Percent of Population Who are Not White,MINORITY_PERCENT,0.15
Municipality,MA,Hampshire,Northampton,2022,5-Year-Estimates,Demographics,Population 5+,CEN_POP_O4,"27,275.00"
Municipality,MA,Hampshire,Northampton,2022,5-Year-Estimates,Demographics,Population 25+,CEN_POP_O24,"20,290.00"
Municipality,MA,Hampshire,Northampton,2022,5-Year-Estimates,Demographics,Population 65+,CEN_POP_O64,"5,855.00"
Municipality,MA,Hampshire,Northampton,2022,5-Year-Estimates,Demographics,Population Living in Rural Areas,CEN_RURALPOP,0
Municipality,MA,Hampshire,Northampton,2022,5-Year-Estimates,Demographics,Population living in the same county as five years ago,CEN_SAMECOUNTY,0
Municipality,MA,Hampshire,Northampton,2022,5-Year-Estimates,Demographics,Population living in the same house as five years ago,CEN_SAMEHOUSE,0
Municipality,MA,Hampshire,Northampton,2022,5-Year-Estimates,Demographics,Population Living in Urban Areas,CEN_URBANPOP,0
Municipality,MA,Hampshire,Northampton,2022,5-Year-Estimates,Demographics,Population Under 18,CEN_POP_U18,"4,246.00"
Municipality,MA,Hampshire,Northampton,2022,5-Year-Estimates,Demographics,Population-Foreign Born,CEN_FORBORN,"2,604.00"
Municipality,MA,Hampshire,Northampton,2022,5-Year-Estimates,Demographics,Single Parent Families,CEN_SINGPAR_CHILD,0
Municipality,MA,Hampshire,Northampton,2022,5-Year-Estimates,Demographics,Speak an Asian Language at Home,CEN_ASIANLANG,529
Municipality,MA,Hampshire,Northampton,2022,5-Year-Estimates,Demographics,Speak Only English at Home,CEN_ENGLISH,"23,721.00"
Municipality,MA,Hampshire,Northampton,2022,5-Year-Estimates,Demographics,Speak Other Language at Home,CEN_OTHLANG,113
Municipality,MA,Hampshire,Northampton,2022,5-Year-Estimates,Demographics,Speak Spanish at Home,CEN_SPANISH,"1,843.00"
Municipality,MA,Hampshire,Northampton,2022,5-Year-Estimates,Demographics,"Two or More Races, Not Hispanic or Latino",CEN_TWO_MORE_NOT_HISP,"1,413.00"
Municipality,MA,Hampshire,Northampton,2022,5-Year-Estimates,Economic,"% Households with Income between $10,000 to $14,999",CEN_PERC_HHINC_10000-14999,0.04
Municipality,MA,Hampshire,Northampton,2022,5-Year-Estimates,Economic,"% Households with Income between $15,000 to $24,999",CEN_PERC_HHINC_15000-24999,0.07
Municipality,MA,Hampshire,Northampton,2022,5-Year-Estimates,Economic,"%  Households with Income between $25,000 to $34,999",CEN_PERC_HHINC_25000-34999,0.08
Municipality,MA,Hampshire,Northampton,2022,5-Year-Estimates,Economic,"%  Households with Income between $35,000 to $49,999",CEN_PERC_HHINC_35000-49999,0.1
Municipality,MA,Hampshire,Northampton,2022,5-Year-Estimates,Economic,"% of  Households with Income between $50,000 to $74,999",CEN_PERC_HHINC_50000-74999,0.13
Municipality,MA,Hampshire,Northampton,2022,5-Year-Estimates,Economic,"% of  Households with Income between $75,000 to $99,999",CEN_PERC_HHINC_75000-99999,0.11
Municipality,MA,Hampshire,Northampton,2022,5-Year-Estimates,Economic,"% of  Households with Income between $100,000 to $149,999",CEN_PERC_HHINC_100000-149999,0.18
Municipality,MA,Hampshire,Northampton,2022,5-Year-Estimates,Economic,"%  of Households with Income between $150,000 to $199,999",CEN_PERC_HHINC_150000-199999,0.09
Municipality,MA,Hampshire,Northampton,2022,5-Year-Estimates,Economic,"% of  Households with Income between $200,000 or more",CEN_PERC_HHINC_200000_PLUS,0.16
Municipality,MA,Hampshire,Northampton,2022,5-Year-Estimates,Economic,"% of Households with Income Less than $10,000",CEN_PERC_HHINC_0-9999,0.05
Municipality,MA,Hampshire,Northampton,2022,5-Year-Estimates,Economic,Child Poverty Rate,CEN_CHILD_POV,0.09
Municipality,MA,Hampshire,Northampton,2022,5-Year-Estimates,Economic,Employment by sex - Female Total,EMP_FEMALE,"14,026.00"
Municipality,MA,Hampshire,Northampton,2022,5-Year-Estimates,Economic,Employment by sex - Male Total,EMP_MALE,"12,756.00"
Municipality,MA,Hampshire,Northampton,2022,5-Year-Estimates,Economic,Employment by sex and below the poverty line - Total,UNEMP_TOT_POV,736
Municipality,MA,Hampshire,Northampton,2022,5-Year-Estimates,Economic,Employment by sex and below the poverty line - Total Percentage,UNEMP_TOT_POV_PERC,1.02
Municipality,MA,Hampshire,Northampton,2022,5-Year-Estimates,Economic,Employment by sex and in poverty - Female,EMP_FEMALE_POV,706
Municipality,MA,Hampshire,Northampton,2022,5-Year-Estimates,Economic,Employment by sex and in poverty - Male,EMP_MALE_POV,474
Municipality,MA,Hampshire,Northampton,2022,5-Year-Estimates,Economic,Employment by sex and in poverty - Total,EMP_TOT_POV,"1,180.00"
Municipality,MA,Hampshire,Northampton,2022,5-Year-Estimates,Economic,Employment by sex and in poverty - Total Percentage,EMP_TOT_POV_PERC,0.09
Municipality,MA,Hampshire,Northampton,2022,5-Year-Estimates,Economic,Family Economic Self Sufficiency,CEN_FAMECON_SELF,0
Municipality,MA,Hampshire,Northampton,2022,5-Year-Estimates,Economic,Gini Coefficient (Income Inequality),CEN_INCOME_INEQ,0.49
Municipality,MA,Hampshire,Northampton,2022,5-Year-Estimates,Economic,"Households with Income between $10,000 to $14,999",CEN_HHINC_10000-14999,513
Municipality,MA,Hampshire,Northampton,2022,5-Year-Estimates,Economic,"Households with Income between $15,000 to $24,999",CEN_HHINC_15000-24999,872
Municipality,MA,Hampshire,Northampton,2022,5-Year-Estimates,Economic,"Households with Income between $25,000 to $34,999",CEN_HHINC_25000-34999,"1,039.00"
Municipality,MA,Hampshire,Northampton,2022,5-Year-Estimates,Economic,"Households with Income between $35,000 to $49,999",CEN_HHINC_35000-49999,"1,182.00"
Municipality,MA,Hampshire,Northampton,2022,5-Year-Estimates,Economic,"Households with Income between $50,000 to $74,999",CEN_HHINC_50000-74999,"1,656.00"
Municipality,MA,Hampshire,Northampton,2022,5-Year-Estimates,Economic,"Households with Income between $75,000 to $99,999",CEN_HHINC_75000-99999,"1,339.00"
Municipality,MA,Hampshire,Northampton,2022,5-Year-Estimates,Economic,"Households with Income between $100,000 to $149,999",CEN_HHINC_100000-149999,"2,206.00"
Municipality,MA,Hampshire,Northampton,2022,5-Year-Estimates,Economic,"Households with Income between $150,000 to $199,999",CEN_HHINC_150000-199999,"1,073.00"
Municipality,MA,Hampshire,Northampton,2022,5-Year-Estimates,Economic,"Households with Income between $200,000 or more",CEN_HHINC_200000_PLUS,"1,911.00"
Municipality,MA,Hampshire,Northampton,2022,5-Year-Estimates,Economic,"Households with Income Less than $10,000",CEN_HHINC_0-9999,554
Municipality,MA,Hampshire,Northampton,2022,5-Year-Estimates,Economic,Households with Retirement Income,CEN_RETINC,"2,825.00"
Municipality,MA,Hampshire,Northampton,2022,5-Year-Estimates,Economic,Households with Social Security Income,CEN_SOCSECINC,"3,919.00"
Municipality,MA,Hampshire,Northampton,2022,5-Year-Estimates,Economic,Income Under 200% of Poverty Line,CENPOV200,0.24
Municipality,MA,Hampshire,Northampton,2022,5-Year-Estimates,Economic,Median Family Income,CEN_MEDFAMINC,"123,305.00"
Municipality,MA,Hampshire,Northampton,2022,5-Year-Estimates,Economic,Median Household Income,CEN_MEDHHINC,"80,981.00"
Municipality,MA,Hampshire,Northampton,2022,5-Year-Estimates,Economic,Per Capita Income,CEN_PERCAPINC,"49,679.00"
Municipality,MA,Hampshire,Northampton,2022,5-Year-Estimates,Economic,Percent of Employed Population in Poverty - Female,EMP_FEMALE_POV_PERC,0.1
Municipality,MA,Hampshire,Northampton,2022,5-Year-Estimates,Economic,Percent of Employed Population in Poverty - Male,EMP_MALE_POV_PERC,0.07
Municipality,MA,Hampshire,Northampton,2022,5-Year-Estimates,Economic,Percent of Families in Poverty,CEN_FAM_POV,0.05
Municipality,MA,Hampshire,Northampton,2022,5-Year-Estimates,Economic,Percent of Unemployed Population in Poverty - Female,UNEMP_FEMALE_POV_PERC,1.28
Municipality,MA,Hampshire,Northampton,2022,5-Year-Estimates,Economic,Percent of Unemployed Population in Poverty - Male,UNEMP_MALE_POV_PERC,0.67
Municipality,MA,Hampshire,Northampton,2022,5-Year-Estimates,Economic,Population Living below Poverty,CEN_POOR,958
Municipality,MA,Hampshire,Northampton,2022,5-Year-Estimates,Economic,Poverty Rate,CEN_POVRATE,0.07
Municipality,MA,Hampshire,Northampton,2022,5-Year-Estimates,Economic,Poverty Rate of Foreign Born,CEN_POV_FOR_BORN,0.01
Municipality,MA,Hampshire,Northampton,2022,5-Year-Estimates,Economic,Poverty Rate of Foreign Born Naturalized Citizens,CEN_POV_FOR_BORN_NAT,0
Municipality,MA,Hampshire,Northampton,2022,5-Year-Estimates,Economic,Poverty Rate of Foreign Born Non-Citizens,CEN_POV_FOR_BORN_NON_CIT,0
Municipality,MA,Hampshire,Northampton,2022,5-Year-Estimates,Economic,Poverty Status Determined Population,CEN_POVTOTALPOP,"25,009.00"
Municipality,MA,Hampshire,Northampton,2022,5-Year-Estimates,Economic,Self Employment Income-Household,CEN_SELFEMPINC,"2,340.00"
Municipality,MA,Hampshire,Northampton,2022,5-Year-Estimates,Economic,Total population counted for unemployment by sex - Female,UNEMP_FEMALE,822
Municipality,MA,Hampshire,Northampton,2022,5-Year-Estimates,Economic,Total population counted for unemployment by sex - Male,UNEMP_MALE,620
Municipality,MA,Hampshire,Northampton,2022,5-Year-Estimates,Economic,Unemployment by sex and below the poverty line - Female,UNEMP_FEMALE_POV,528
Municipality,MA,Hampshire,Northampton,2022,5-Year-Estimates,Economic,Unemployment by sex and below the poverty line - Male,UNEMP_MALE_POV,208
Municipality,MA,Hampshire,Pelham,2022,5-Year-Estimates,Demographics,Population Total,CEN_POP,"1,315.00"
Municipality,MA,Hampshire,Pelham,2022,5-Year-Estimates,Demographics,White Population,CEN_WHITE,"1,125.00"
Municipality,MA,Hampshire,Pelham,2022,5-Year-Estimates,Demographics,Hispanic or Latino Population (of any race),CEN_HISPANIC,77
Municipality,MA,Hampshire,Pelham,2022,5-Year-Estimates,Demographics,Black Population,CEN_BLACK,79
Municipality,MA,Hampshire,Pelham,2022,5-Year-Estimates,Demographics,Other Races Population,CEN_OTHRACE,25
Municipality,MA,Hampshire,Pelham,2022,5-Year-Estimates,Demographics,Asian Population,CEN_ASIAN,33
Municipality,MA,Hampshire,Pelham,2022,5-Year-Estimates,Demographics,Age-3 to 4 Years Old,3_4_YEARS,14
Municipality,MA,Hampshire,Pelham,2022,5-Year-Estimates,Demographics,Age-5 Years Old,5_YEARS,16
Municipality,MA,Hampshire,Pelham,2022,5-Year-Estimates,Demographics,Age-6 to 8 Years Old,6_8_YEARS,40
Municipality,MA,Hampshire,Pelham,2022,5-Year-Estimates,Demographics,Age-9 to 11 Years Old,9_11_YEARS,45
Municipality,MA,Hampshire,Pelham,2022,5-Year-Estimates,Demographics,Age-12 to 14 Years Old,12_14_YEARS,47
Municipality,MA,Hampshire,Pelham,2022,5-Year-Estimates,Demographics,Age-15 to 17 Years Old,15_17_YEARS,74
Municipality,MA,Hampshire,Pelham,2022,5-Year-Estimates,Demographics,Age-18 to 19 Years Old,18_19_YEARS,20
Municipality,MA,Hampshire,Pelham,2022,5-Year-Estimates,Demographics,Age-20 to 24 Years Old,20_24_YEARS,44
Municipality,MA,Hampshire,Pelham,2022,5-Year-Estimates,Demographics,Age-25 to 29 Years Old,25_29_YEARS,90
Municipality,MA,Hampshire,Pelham,2022,5-Year-Estimates,Demographics,Age-30 to 34 Years Old,30_34_YEARS,53
Municipality,MA,Hampshire,Pelham,2022,5-Year-Estimates,Demographics,Age-35 to 39 Years Old,35_39_YEARS,66
Municipality,MA,Hampshire,Pelham,2022,5-Year-Estimates,Demographics,Age-40 to 44 Years Old,40_44_YEARS,95
Municipality,MA,Hampshire,Pelham,2022,5-Year-Estimates,Demographics,Age-45 to 49 Years Old,45_49_YEARS,90
Municipality,MA,Hampshire,Pelham,2022,5-Year-Estimates,Demographics,Age-50 to 54 Years Old,50_54_YEARS,73
Municipality,MA,Hampshire,Pelham,2022,5-Year-Estimates,Demographics,Age-55 to 59 Years Old,55_59_YEARS,80
Municipality,MA,Hampshire,Pelham,2022,5-Year-Estimates,Demographics,Age-60 to 64 Years Old,60_64_YEARS,97
Municipality,MA,Hampshire,Pelham,2022,5-Year-Estimates,Demographics,Age-65 to 69 Years Old,65_69_YEARS,94
Municipality,MA,Hampshire,Pelham,2022,5-Year-Estimates,Demographics,Age-70 to 74 Years Old,70_74_YEARS,112
Municipality,MA,Hampshire,Pelham,2022,5-Year-Estimates,Demographics,Age-75 to 79 Years Old,75_79_YEARS,81
Municipality,MA,Hampshire,Pelham,2022,5-Year-Estimates,Demographics,Age-80 to 84 Years Old,80_84_YEARS,44
Municipality,MA,Hampshire,Pelham,2022,5-Year-Estimates,Demographics,Age-85 & older,85+_YEARS,33
Municipality,MA,Hampshire,Pelham,2022,5-Year-Estimates,Demographics,Age-Under 3 Years Old,UNDER_3_YEARS,7
Municipality,MA,Hampshire,Pelham,2022,5-Year-Estimates,Demographics,Households-Married Couples,CEN_MARRHOU,271
Municipality,MA,Hampshire,Pelham,2022,5-Year-Estimates,Demographics,Households-Single Parent,CEN_SINGPARHOU,24
Municipality,MA,Hampshire,Pelham,2022,5-Year-Estimates,Demographics,Households-Total,CEN_HOUSEHOLDS,574
Municipality,MA,Hampshire,Pelham,2022,5-Year-Estimates,Demographics,Net Domestic Migration,CEN_NET_DOM_MIGR,0
Municipality,MA,Hampshire,Pelham,2022,5-Year-Estimates,Demographics,Percent Elderly with Car Access,CAR_AGE_HOUSEHOLDER,0.93
Municipality,MA,Hampshire,Pelham,2022,5-Year-Estimates,Demographics,Percent Grandparents Who Are Primary Caregiver,GRAND_CAREGIVER,0
Municipality,MA,Hampshire,Pelham,2022,5-Year-Estimates,Demographics,Percent of Elderly Below Poverty Line,ELDERLY_POV,0.1
Municipality,MA,Hampshire,Pelham,2022,5-Year-Estimates,Demographics,Percent of Elderly who Live Alone,ELDERLY_LIVEALONE,0.3
Municipality,MA,Hampshire,Pelham,2022,5-Year-Estimates,Demographics,Percent of Population Who are Not White,MINORITY_PERCENT,0.14
Municipality,MA,Hampshire,Pelham,2022,5-Year-Estimates,Demographics,Population 5+,CEN_POP_O4,"1,294.00"
Municipality,MA,Hampshire,Pelham,2022,5-Year-Estimates,Demographics,Population 25+,CEN_POP_O24,"1,008.00"
Municipality,MA,Hampshire,Pelham,2022,5-Year-Estimates,Demographics,Population 65+,CEN_POP_O64,364
Municipality,MA,Hampshire,Pelham,2022,5-Year-Estimates,Demographics,Population Living in Rural Areas,CEN_RURALPOP,0
Municipality,MA,Hampshire,Pelham,2022,5-Year-Estimates,Demographics,Population living in the same county as five years ago,CEN_SAMECOUNTY,0
Municipality,MA,Hampshire,Pelham,2022,5-Year-Estimates,Demographics,Population living in the same house as five years ago,CEN_SAMEHOUSE,0
Municipality,MA,Hampshire,Pelham,2022,5-Year-Estimates,Demographics,Population Living in Urban Areas,CEN_URBANPOP,0
Municipality,MA,Hampshire,Pelham,2022,5-Year-Estimates,Demographics,Population Under 18,CEN_POP_U18,243
Municipality,MA,Hampshire,Pelham,2022,5-Year-Estimates,Demographics,Population-Foreign Born,CEN_FORBORN,122
Municipality,MA,Hampshire,Pelham,2022,5-Year-Estimates,Demographics,Single Parent Families,CEN_SINGPAR_CHILD,0
Municipality,MA,Hampshire,Pelham,2022,5-Year-Estimates,Demographics,Speak an Asian Language at Home,CEN_ASIANLANG,13
Municipality,MA,Hampshire,Pelham,2022,5-Year-Estimates,Demographics,Speak Only English at Home,CEN_ENGLISH,"1,169.00"
Municipality,MA,Hampshire,Pelham,2022,5-Year-Estimates,Demographics,Speak Other Language at Home,CEN_OTHLANG,24
Municipality,MA,Hampshire,Pelham,2022,5-Year-Estimates,Demographics,Speak Spanish at Home,CEN_SPANISH,54
Municipality,MA,Hampshire,Pelham,2022,5-Year-Estimates,Demographics,"Two or More Races, Not Hispanic or Latino",CEN_TWO_MORE_NOT_HISP,53
Municipality,MA,Hampshire,Pelham,2022,5-Year-Estimates,Economic,"% Households with Income between $10,000 to $14,999",CEN_PERC_HHINC_10000-14999,0.08
Municipality,MA,Hampshire,Pelham,2022,5-Year-Estimates,Economic,"% Households with Income between $15,000 to $24,999",CEN_PERC_HHINC_15000-24999,0.05
Municipality,MA,Hampshire,Pelham,2022,5-Year-Estimates,Economic,"%  Households with Income between $25,000 to $34,999",CEN_PERC_HHINC_25000-34999,0.04
Municipality,MA,Hampshire,Pelham,2022,5-Year-Estimates,Economic,"%  Households with Income between $35,000 to $49,999",CEN_PERC_HHINC_35000-49999,0.08
Municipality,MA,Hampshire,Pelham,2022,5-Year-Estimates,Economic,"% of  Households with Income between $50,000 to $74,999",CEN_PERC_HHINC_50000-74999,0.09
Municipality,MA,Hampshire,Pelham,2022,5-Year-Estimates,Economic,"% of  Households with Income between $75,000 to $99,999",CEN_PERC_HHINC_75000-99999,0.12
Municipality,MA,Hampshire,Pelham,2022,5-Year-Estimates,Economic,"% of  Households with Income between $100,000 to $149,999",CEN_PERC_HHINC_100000-149999,0.23
Municipality,MA,Hampshire,Pelham,2022,5-Year-Estimates,Economic,"%  of Households with Income between $150,000 to $199,999",CEN_PERC_HHINC_150000-199999,0.15
Municipality,MA,Hampshire,Pelham,2022,5-Year-Estimates,Economic,"% of  Households with Income between $200,000 or more",CEN_PERC_HHINC_200000_PLUS,0.16
Municipality,MA,Hampshire,Pelham,2022,5-Year-Estimates,Economic,"% of Households with Income Less than $10,000",CEN_PERC_HHINC_0-9999,0.02
Municipality,MA,Hampshire,Pelham,2022,5-Year-Estimates,Economic,Child Poverty Rate,CEN_CHILD_POV,0.08
Municipality,MA,Hampshire,Pelham,2022,5-Year-Estimates,Economic,Employment by sex - Female Total,EMP_FEMALE,620
Municipality,MA,Hampshire,Pelham,2022,5-Year-Estimates,Economic,Employment by sex - Male Total,EMP_MALE,684
Municipality,MA,Hampshire,Pelham,2022,5-Year-Estimates,Economic,Employment by sex and below the poverty line - Total,UNEMP_TOT_POV,0
Municipality,MA,Hampshire,Pelham,2022,5-Year-Estimates,Economic,Employment by sex and below the poverty line - Total Percentage,UNEMP_TOT_POV_PERC,0
Municipality,MA,Hampshire,Pelham,2022,5-Year-Estimates,Economic,Employment by sex and in poverty - Female,EMP_FEMALE_POV,50
Municipality,MA,Hampshire,Pelham,2022,5-Year-Estimates,Economic,Employment by sex and in poverty - Male,EMP_MALE_POV,42
Municipality,MA,Hampshire,Pelham,2022,5-Year-Estimates,Economic,Employment by sex and in poverty - Total,EMP_TOT_POV,92
Municipality,MA,Hampshire,Pelham,2022,5-Year-Estimates,Economic,Employment by sex and in poverty - Total Percentage,EMP_TOT_POV_PERC,0.14
Municipality,MA,Hampshire,Pelham,2022,5-Year-Estimates,Economic,Family Economic Self Sufficiency,CEN_FAMECON_SELF,0
Municipality,MA,Hampshire,Pelham,2022,5-Year-Estimates,Economic,Gini Coefficient (Income Inequality),CEN_INCOME_INEQ,0.42
Municipality,MA,Hampshire,Pelham,2022,5-Year-Estimates,Economic,"Households with Income between $10,000 to $14,999",CEN_HHINC_10000-14999,48
Municipality,MA,Hampshire,Pelham,2022,5-Year-Estimates,Economic,"Households with Income between $15,000 to $24,999",CEN_HHINC_15000-24999,27
Municipality,MA,Hampshire,Pelham,2022,5-Year-Estimates,Economic,"Households with Income between $25,000 to $34,999",CEN_HHINC_25000-34999,24
Municipality,MA,Hampshire,Pelham,2022,5-Year-Estimates,Economic,"Households with Income between $35,000 to $49,999",CEN_HHINC_35000-49999,43
Municipality,MA,Hampshire,Pelham,2022,5-Year-Estimates,Economic,"Households with Income between $50,000 to $74,999",CEN_HHINC_50000-74999,51
Municipality,MA,Hampshire,Pelham,2022,5-Year-Estimates,Economic,"Households with Income between $75,000 to $99,999",CEN_HHINC_75000-99999,66
Municipality,MA,Hampshire,Pelham,2022,5-Year-Estimates,Economic,"Households with Income between $100,000 to $149,999",CEN_HHINC_100000-149999,130
Municipality,MA,Hampshire,Pelham,2022,5-Year-Estimates,Economic,"Households with Income between $150,000 to $199,999",CEN_HHINC_150000-199999,85
Municipality,MA,Hampshire,Pelham,2022,5-Year-Estimates,Economic,"Households with Income between $200,000 or more",CEN_HHINC_200000_PLUS,91
Municipality,MA,Hampshire,Pelham,2022,5-Year-Estimates,Economic,"Households with Income Less than $10,000",CEN_HHINC_0-9999,9
Municipality,MA,Hampshire,Pelham,2022,5-Year-Estimates,Economic,Households with Retirement Income,CEN_RETINC,188
Municipality,MA,Hampshire,Pelham,2022,5-Year-Estimates,Economic,Households with Social Security Income,CEN_SOCSECINC,232
Municipality,MA,Hampshire,Pelham,2022,5-Year-Estimates,Economic,Income Under 200% of Poverty Line,CENPOV200,0.21
Municipality,MA,Hampshire,Pelham,2022,5-Year-Estimates,Economic,Median Family Income,CEN_MEDFAMINC,"98,478.00"
Municipality,MA,Hampshire,Pelham,2022,5-Year-Estimates,Economic,Median Household Income,CEN_MEDHHINC,"104,667.00"
Municipality,MA,Hampshire,Pelham,2022,5-Year-Estimates,Economic,Per Capita Income,CEN_PERCAPINC,"54,319.00"
Municipality,MA,Hampshire,Pelham,2022,5-Year-Estimates,Economic,Percent of Employed Population in Poverty - Female,EMP_FEMALE_POV_PERC,0.16
Municipality,MA,Hampshire,Pelham,2022,5-Year-Estimates,Economic,Percent of Employed Population in Poverty - Male,EMP_MALE_POV_PERC,0.12
Municipality,MA,Hampshire,Pelham,2022,5-Year-Estimates,Economic,Percent of Families in Poverty,CEN_FAM_POV,0.04
Municipality,MA,Hampshire,Pelham,2022,5-Year-Estimates,Economic,Percent of Unemployed Population in Poverty - Female,UNEMP_FEMALE_POV_PERC,0
Municipality,MA,Hampshire,Pelham,2022,5-Year-Estimates,Economic,Percent of Unemployed Population in Poverty - Male,UNEMP_MALE_POV_PERC,0
Municipality,MA,Hampshire,Pelham,2022,5-Year-Estimates,Economic,Population Living below Poverty,CEN_POOR,46
Municipality,MA,Hampshire,Pelham,2022,5-Year-Estimates,Economic,Poverty Rate,CEN_POVRATE,0.07
Municipality,MA,Hampshire,Pelham,2022,5-Year-Estimates,Economic,Poverty Rate of Foreign Born,CEN_POV_FOR_BORN,0.01
Municipality,MA,Hampshire,Pelham,2022,5-Year-Estimates,Economic,Poverty Rate of Foreign Born Naturalized Citizens,CEN_POV_FOR_BORN_NAT,0
Municipality,MA,Hampshire,Pelham,2022,5-Year-Estimates,Economic,Poverty Rate of Foreign Born Non-Citizens,CEN_POV_FOR_BORN_NON_CIT,0
Municipality,MA,Hampshire,Pelham,2022,5-Year-Estimates,Economic,Poverty Status Determined Population,CEN_POVTOTALPOP,"1,297.00"
Municipality,MA,Hampshire,Pelham,2022,5-Year-Estimates,Economic,Self Employment Income-Household,CEN_SELFEMPINC,139
Municipality,MA,Hampshire,Pelham,2022,5-Year-Estimates,Economic,Total population counted for unemployment by sex - Female,UNEMP_FEMALE,16
Municipality,MA,Hampshire,Pelham,2022,5-Year-Estimates,Economic,Total population counted for unemployment by sex - Male,UNEMP_MALE,66
Municipality,MA,Hampshire,Pelham,2022,5-Year-Estimates,Economic,Unemployment by sex and below the poverty line - Female,UNEMP_FEMALE_POV,0
Municipality,MA,Hampshire,Pelham,2022,5-Year-Estimates,Economic,Unemployment by sex and below the poverty line - Male,UNEMP_MALE_POV,0
Municipality,MA,Hampshire,Plainfield,2022,5-Year-Estimates,Demographics,Population Total,CEN_POP,618
Municipality,MA,Hampshire,Plainfield,2022,5-Year-Estimates,Demographics,White Population,CEN_WHITE,552
Municipality,MA,Hampshire,Plainfield,2022,5-Year-Estimates,Demographics,Hispanic or Latino Population (of any race),CEN_HISPANIC,0
Municipality,MA,Hampshire,Plainfield,2022,5-Year-Estimates,Demographics,Black Population,CEN_BLACK,1
Municipality,MA,Hampshire,Plainfield,2022,5-Year-Estimates,Demographics,Other Races Population,CEN_OTHRACE,1
Municipality,MA,Hampshire,Plainfield,2022,5-Year-Estimates,Demographics,Asian Population,CEN_ASIAN,1
Municipality,MA,Hampshire,Plainfield,2022,5-Year-Estimates,Demographics,Age-3 to 4 Years Old,3_4_YEARS,6
Municipality,MA,Hampshire,Plainfield,2022,5-Year-Estimates,Demographics,Age-5 Years Old,5_YEARS,2
Municipality,MA,Hampshire,Plainfield,2022,5-Year-Estimates,Demographics,Age-6 to 8 Years Old,6_8_YEARS,9
Municipality,MA,Hampshire,Plainfield,2022,5-Year-Estimates,Demographics,Age-9 to 11 Years Old,9_11_YEARS,14
Municipality,MA,Hampshire,Plainfield,2022,5-Year-Estimates,Demographics,Age-12 to 14 Years Old,12_14_YEARS,45
Municipality,MA,Hampshire,Plainfield,2022,5-Year-Estimates,Demographics,Age-15 to 17 Years Old,15_17_YEARS,21
Municipality,MA,Hampshire,Plainfield,2022,5-Year-Estimates,Demographics,Age-18 to 19 Years Old,18_19_YEARS,16
Municipality,MA,Hampshire,Plainfield,2022,5-Year-Estimates,Demographics,Age-20 to 24 Years Old,20_24_YEARS,13
Municipality,MA,Hampshire,Plainfield,2022,5-Year-Estimates,Demographics,Age-25 to 29 Years Old,25_29_YEARS,16
Municipality,MA,Hampshire,Plainfield,2022,5-Year-Estimates,Demographics,Age-30 to 34 Years Old,30_34_YEARS,20
Municipality,MA,Hampshire,Plainfield,2022,5-Year-Estimates,Demographics,Age-35 to 39 Years Old,35_39_YEARS,46
Municipality,MA,Hampshire,Plainfield,2022,5-Year-Estimates,Demographics,Age-40 to 44 Years Old,40_44_YEARS,17
Municipality,MA,Hampshire,Plainfield,2022,5-Year-Estimates,Demographics,Age-45 to 49 Years Old,45_49_YEARS,46
Municipality,MA,Hampshire,Plainfield,2022,5-Year-Estimates,Demographics,Age-50 to 54 Years Old,50_54_YEARS,22
Municipality,MA,Hampshire,Plainfield,2022,5-Year-Estimates,Demographics,Age-55 to 59 Years Old,55_59_YEARS,44
Municipality,MA,Hampshire,Plainfield,2022,5-Year-Estimates,Demographics,Age-60 to 64 Years Old,60_64_YEARS,64
Municipality,MA,Hampshire,Plainfield,2022,5-Year-Estimates,Demographics,Age-65 to 69 Years Old,65_69_YEARS,74
Municipality,MA,Hampshire,Plainfield,2022,5-Year-Estimates,Demographics,Age-70 to 74 Years Old,70_74_YEARS,53
Municipality,MA,Hampshire,Plainfield,2022,5-Year-Estimates,Demographics,Age-75 to 79 Years Old,75_79_YEARS,54
Municipality,MA,Hampshire,Plainfield,2022,5-Year-Estimates,Demographics,Age-80 to 84 Years Old,80_84_YEARS,18
Municipality,MA,Hampshire,Plainfield,2022,5-Year-Estimates,Demographics,Age-85 & older,85+_YEARS,8
Municipality,MA,Hampshire,Plainfield,2022,5-Year-Estimates,Demographics,Age-Under 3 Years Old,UNDER_3_YEARS,9
Municipality,MA,Hampshire,Plainfield,2022,5-Year-Estimates,Demographics,Households-Married Couples,CEN_MARRHOU,130
Municipality,MA,Hampshire,Plainfield,2022,5-Year-Estimates,Demographics,Households-Single Parent,CEN_SINGPARHOU,22
Municipality,MA,Hampshire,Plainfield,2022,5-Year-Estimates,Demographics,Households-Total,CEN_HOUSEHOLDS,281
Municipality,MA,Hampshire,Plainfield,2022,5-Year-Estimates,Demographics,Net Domestic Migration,CEN_NET_DOM_MIGR,0
Municipality,MA,Hampshire,Plainfield,2022,5-Year-Estimates,Demographics,Percent Elderly with Car Access,CAR_AGE_HOUSEHOLDER,1
Municipality,MA,Hampshire,Plainfield,2022,5-Year-Estimates,Demographics,Percent Grandparents Who Are Primary Caregiver,GRAND_CAREGIVER,0
Municipality,MA,Hampshire,Plainfield,2022,5-Year-Estimates,Demographics,Percent of Elderly Below Poverty Line,ELDERLY_POV,0.1
Municipality,MA,Hampshire,Plainfield,2022,5-Year-Estimates,Demographics,Percent of Elderly who Live Alone,ELDERLY_LIVEALONE,0.19
Municipality,MA,Hampshire,Plainfield,2022,5-Year-Estimates,Demographics,Percent of Population Who are Not White,MINORITY_PERCENT,0.11
Municipality,MA,Hampshire,Plainfield,2022,5-Year-Estimates,Demographics,Population 5+,CEN_POP_O4,602
Municipality,MA,Hampshire,Plainfield,2022,5-Year-Estimates,Demographics,Population 25+,CEN_POP_O24,482
Municipality,MA,Hampshire,Plainfield,2022,5-Year-Estimates,Demographics,Population 65+,CEN_POP_O64,207
Municipality,MA,Hampshire,Plainfield,2022,5-Year-Estimates,Demographics,Population Living in Rural Areas,CEN_RURALPOP,0
Municipality,MA,Hampshire,Plainfield,2022,5-Year-Estimates,Demographics,Population living in the same county as five years ago,CEN_SAMECOUNTY,0
Municipality,MA,Hampshire,Plainfield,2022,5-Year-Estimates,Demographics,Population living in the same house as five years ago,CEN_SAMEHOUSE,0
Municipality,MA,Hampshire,Plainfield,2022,5-Year-Estimates,Demographics,Population Living in Urban Areas,CEN_URBANPOP,0
Municipality,MA,Hampshire,Plainfield,2022,5-Year-Estimates,Demographics,Population Under 18,CEN_POP_U18,106
Municipality,MA,Hampshire,Plainfield,2022,5-Year-Estimates,Demographics,Population-Foreign Born,CEN_FORBORN,17
Municipality,MA,Hampshire,Plainfield,2022,5-Year-Estimates,Demographics,Single Parent Families,CEN_SINGPAR_CHILD,0
Municipality,MA,Hampshire,Plainfield,2022,5-Year-Estimates,Demographics,Speak an Asian Language at Home,CEN_ASIANLANG,1
Municipality,MA,Hampshire,Plainfield,2022,5-Year-Estimates,Demographics,Speak Only English at Home,CEN_ENGLISH,577
Municipality,MA,Hampshire,Plainfield,2022,5-Year-Estimates,Demographics,Speak Other Language at Home,CEN_OTHLANG,2
Municipality,MA,Hampshire,Plainfield,2022,5-Year-Estimates,Demographics,Speak Spanish at Home,CEN_SPANISH,0
Municipality,MA,Hampshire,Plainfield,2022,5-Year-Estimates,Demographics,"Two or More Races, Not Hispanic or Latino",CEN_TWO_MORE_NOT_HISP,54
Municipality,MA,Hampshire,Plainfield,2022,5-Year-Estimates,Economic,"% Households with Income between $10,000 to $14,999",CEN_PERC_HHINC_10000-14999,0.05
Municipality,MA,Hampshire,Plainfield,2022,5-Year-Estimates,Economic,"% Households with Income between $15,000 to $24,999",CEN_PERC_HHINC_15000-24999,0.06
Municipality,MA,Hampshire,Plainfield,2022,5-Year-Estimates,Economic,"%  Households with Income between $25,000 to $34,999",CEN_PERC_HHINC_25000-34999,0.08
Municipality,MA,Hampshire,Plainfield,2022,5-Year-Estimates,Economic,"%  Households with Income between $35,000 to $49,999",CEN_PERC_HHINC_35000-49999,0.13
Municipality,MA,Hampshire,Plainfield,2022,5-Year-Estimates,Economic,"% of  Households with Income between $50,000 to $74,999",CEN_PERC_HHINC_50000-74999,0.16
Municipality,MA,Hampshire,Plainfield,2022,5-Year-Estimates,Economic,"% of  Households with Income between $75,000 to $99,999",CEN_PERC_HHINC_75000-99999,0.11
Municipality,MA,Hampshire,Plainfield,2022,5-Year-Estimates,Economic,"% of  Households with Income between $100,000 to $149,999",CEN_PERC_HHINC_100000-149999,0.13
Municipality,MA,Hampshire,Plainfield,2022,5-Year-Estimates,Economic,"%  of Households with Income between $150,000 to $199,999",CEN_PERC_HHINC_150000-199999,0.09
Municipality,MA,Hampshire,Plainfield,2022,5-Year-Estimates,Economic,"% of  Households with Income between $200,000 or more",CEN_PERC_HHINC_200000_PLUS,0.14
Municipality,MA,Hampshire,Plainfield,2022,5-Year-Estimates,Economic,"% of Households with Income Less than $10,000",CEN_PERC_HHINC_0-9999,0.06
Municipality,MA,Hampshire,Plainfield,2022,5-Year-Estimates,Economic,Child Poverty Rate,CEN_CHILD_POV,0.39
Municipality,MA,Hampshire,Plainfield,2022,5-Year-Estimates,Economic,Employment by sex - Female Total,EMP_FEMALE,310
Municipality,MA,Hampshire,Plainfield,2022,5-Year-Estimates,Economic,Employment by sex - Male Total,EMP_MALE,286
Municipality,MA,Hampshire,Plainfield,2022,5-Year-Estimates,Economic,Employment by sex and below the poverty line - Total,UNEMP_TOT_POV,0
Municipality,MA,Hampshire,Plainfield,2022,5-Year-Estimates,Economic,Employment by sex and below the poverty line - Total Percentage,UNEMP_TOT_POV_PERC,0
Municipality,MA,Hampshire,Plainfield,2022,5-Year-Estimates,Economic,Employment by sex and in poverty - Female,EMP_FEMALE_POV,22
Municipality,MA,Hampshire,Plainfield,2022,5-Year-Estimates,Economic,Employment by sex and in poverty - Male,EMP_MALE_POV,2
Municipality,MA,Hampshire,Plainfield,2022,5-Year-Estimates,Economic,Employment by sex and in poverty - Total,EMP_TOT_POV,24
Municipality,MA,Hampshire,Plainfield,2022,5-Year-Estimates,Economic,Employment by sex and in poverty - Total Percentage,EMP_TOT_POV_PERC,0.08
Municipality,MA,Hampshire,Plainfield,2022,5-Year-Estimates,Economic,Family Economic Self Sufficiency,CEN_FAMECON_SELF,0
Municipality,MA,Hampshire,Plainfield,2022,5-Year-Estimates,Economic,Gini Coefficient (Income Inequality),CEN_INCOME_INEQ,0.5
Municipality,MA,Hampshire,Plainfield,2022,5-Year-Estimates,Economic,"Households with Income between $10,000 to $14,999",CEN_HHINC_10000-14999,14
Municipality,MA,Hampshire,Plainfield,2022,5-Year-Estimates,Economic,"Households with Income between $15,000 to $24,999",CEN_HHINC_15000-24999,18
Municipality,MA,Hampshire,Plainfield,2022,5-Year-Estimates,Economic,"Households with Income between $25,000 to $34,999",CEN_HHINC_25000-34999,22
Municipality,MA,Hampshire,Plainfield,2022,5-Year-Estimates,Economic,"Households with Income between $35,000 to $49,999",CEN_HHINC_35000-49999,37
Municipality,MA,Hampshire,Plainfield,2022,5-Year-Estimates,Economic,"Households with Income between $50,000 to $74,999",CEN_HHINC_50000-74999,44
Municipality,MA,Hampshire,Plainfield,2022,5-Year-Estimates,Economic,"Households with Income between $75,000 to $99,999",CEN_HHINC_75000-99999,32
Municipality,MA,Hampshire,Plainfield,2022,5-Year-Estimates,Economic,"Households with Income between $100,000 to $149,999",CEN_HHINC_100000-149999,36
Municipality,MA,Hampshire,Plainfield,2022,5-Year-Estimates,Economic,"Households with Income between $150,000 to $199,999",CEN_HHINC_150000-199999,24
Municipality,MA,Hampshire,Plainfield,2022,5-Year-Estimates,Economic,"Households with Income between $200,000 or more",CEN_HHINC_200000_PLUS,38
Municipality,MA,Hampshire,Plainfield,2022,5-Year-Estimates,Economic,"Households with Income Less than $10,000",CEN_HHINC_0-9999,16
Municipality,MA,Hampshire,Plainfield,2022,5-Year-Estimates,Economic,Households with Retirement Income,CEN_RETINC,101
Municipality,MA,Hampshire,Plainfield,2022,5-Year-Estimates,Economic,Households with Social Security Income,CEN_SOCSECINC,137
Municipality,MA,Hampshire,Plainfield,2022,5-Year-Estimates,Economic,Income Under 200% of Poverty Line,CENPOV200,0.31
Municipality,MA,Hampshire,Plainfield,2022,5-Year-Estimates,Economic,Median Family Income,CEN_MEDFAMINC,"93,441.00"
Municipality,MA,Hampshire,Plainfield,2022,5-Year-Estimates,Economic,Median Household Income,CEN_MEDHHINC,"59,861.00"
Municipality,MA,Hampshire,Plainfield,2022,5-Year-Estimates,Economic,Per Capita Income,CEN_PERCAPINC,"45,742.00"
Municipality,MA,Hampshire,Plainfield,2022,5-Year-Estimates,Economic,Percent of Employed Population in Poverty - Female,EMP_FEMALE_POV_PERC,0.14
Municipality,MA,Hampshire,Plainfield,2022,5-Year-Estimates,Economic,Percent of Employed Population in Poverty - Male,EMP_MALE_POV_PERC,0.01
Municipality,MA,Hampshire,Plainfield,2022,5-Year-Estimates,Economic,Percent of Families in Poverty,CEN_FAM_POV,0.06
Municipality,MA,Hampshire,Plainfield,2022,5-Year-Estimates,Economic,Percent of Unemployed Population in Poverty - Male,UNEMP_MALE_POV_PERC,0
Municipality,MA,Hampshire,Plainfield,2022,5-Year-Estimates,Economic,Population Living below Poverty,CEN_POOR,12
Municipality,MA,Hampshire,Plainfield,2022,5-Year-Estimates,Economic,Poverty Rate,CEN_POVRATE,0.04
Municipality,MA,Hampshire,Plainfield,2022,5-Year-Estimates,Economic,Poverty Rate of Foreign Born,CEN_POV_FOR_BORN,0
Municipality,MA,Hampshire,Plainfield,2022,5-Year-Estimates,Economic,Poverty Rate of Foreign Born Naturalized Citizens,CEN_POV_FOR_BORN_NAT,0
Municipality,MA,Hampshire,Plainfield,2022,5-Year-Estimates,Economic,Poverty Rate of Foreign Born Non-Citizens,CEN_POV_FOR_BORN_NON_CIT,0
Municipality,MA,Hampshire,Plainfield,2022,5-Year-Estimates,Economic,Poverty Status Determined Population,CEN_POVTOTALPOP,615
Municipality,MA,Hampshire,Plainfield,2022,5-Year-Estimates,Economic,Self Employment Income-Household,CEN_SELFEMPINC,65
Municipality,MA,Hampshire,Plainfield,2022,5-Year-Estimates,Economic,Total population counted for unemployment by sex - Female,UNEMP_FEMALE,0
Municipality,MA,Hampshire,Plainfield,2022,5-Year-Estimates,Economic,Total population counted for unemployment by sex - Male,UNEMP_MALE,10
Municipality,MA,Hampshire,Plainfield,2022,5-Year-Estimates,Economic,Unemployment by sex and below the poverty line - Female,UNEMP_FEMALE_POV,0
Municipality,MA,Hampshire,Plainfield,2022,5-Year-Estimates,Economic,Unemployment by sex and below the poverty line - Male,UNEMP_MALE_POV,0
Municipality,MA,Hampshire,South Hadley,2022,5-Year-Estimates,Demographics,Population Total,CEN_POP,"17,115.00"
Municipality,MA,Hampshire,South Hadley,2022,5-Year-Estimates,Demographics,White Population,CEN_WHITE,"15,127.00"
Municipality,MA,Hampshire,South Hadley,2022,5-Year-Estimates,Demographics,Hispanic or Latino Population (of any race),CEN_HISPANIC,"1,096.00"
Municipality,MA,Hampshire,South Hadley,2022,5-Year-Estimates,Demographics,Black Population,CEN_BLACK,229
Municipality,MA,Hampshire,South Hadley,2022,5-Year-Estimates,Demographics,Other Races Population,CEN_OTHRACE,107
Municipality,MA,Hampshire,South Hadley,2022,5-Year-Estimates,Demographics,Asian Population,CEN_ASIAN,866
Municipality,MA,Hampshire,South Hadley,2022,5-Year-Estimates,Demographics,Age-3 to 4 Years Old,3_4_YEARS,150
Municipality,MA,Hampshire,South Hadley,2022,5-Year-Estimates,Demographics,Age-5 Years Old,5_YEARS,111
Municipality,MA,Hampshire,South Hadley,2022,5-Year-Estimates,Demographics,Age-6 to 8 Years Old,6_8_YEARS,608
Municipality,MA,Hampshire,South Hadley,2022,5-Year-Estimates,Demographics,Age-9 to 11 Years Old,9_11_YEARS,361
Municipality,MA,Hampshire,South Hadley,2022,5-Year-Estimates,Demographics,Age-12 to 14 Years Old,12_14_YEARS,420
Municipality,MA,Hampshire,South Hadley,2022,5-Year-Estimates,Demographics,Age-15 to 17 Years Old,15_17_YEARS,577
Municipality,MA,Hampshire,South Hadley,2022,5-Year-Estimates,Demographics,Age-18 to 19 Years Old,18_19_YEARS,"1,179.00"
Municipality,MA,Hampshire,South Hadley,2022,5-Year-Estimates,Demographics,Age-20 to 24 Years Old,20_24_YEARS,"1,557.00"
Municipality,MA,Hampshire,South Hadley,2022,5-Year-Estimates,Demographics,Age-25 to 29 Years Old,25_29_YEARS,864
Municipality,MA,Hampshire,South Hadley,2022,5-Year-Estimates,Demographics,Age-30 to 34 Years Old,30_34_YEARS,661
Municipality,MA,Hampshire,South Hadley,2022,5-Year-Estimates,Demographics,Age-35 to 39 Years Old,35_39_YEARS,"1,100.00"
Municipality,MA,Hampshire,South Hadley,2022,5-Year-Estimates,Demographics,Age-40 to 44 Years Old,40_44_YEARS,660
Municipality,MA,Hampshire,South Hadley,2022,5-Year-Estimates,Demographics,Age-45 to 49 Years Old,45_49_YEARS,"1,021.00"
Municipality,MA,Hampshire,South Hadley,2022,5-Year-Estimates,Demographics,Age-50 to 54 Years Old,50_54_YEARS,850
Municipality,MA,Hampshire,South Hadley,2022,5-Year-Estimates,Demographics,Age-55 to 59 Years Old,55_59_YEARS,"1,157.00"
Municipality,MA,Hampshire,South Hadley,2022,5-Year-Estimates,Demographics,Age-60 to 64 Years Old,60_64_YEARS,"1,304.00"
Municipality,MA,Hampshire,South Hadley,2022,5-Year-Estimates,Demographics,Age-65 to 69 Years Old,65_69_YEARS,"1,148.00"
Municipality,MA,Hampshire,South Hadley,2022,5-Year-Estimates,Demographics,Age-70 to 74 Years Old,70_74_YEARS,"1,030.00"
Municipality,MA,Hampshire,South Hadley,2022,5-Year-Estimates,Demographics,Age-75 to 79 Years Old,75_79_YEARS,791
Municipality,MA,Hampshire,South Hadley,2022,5-Year-Estimates,Demographics,Age-80 to 84 Years Old,80_84_YEARS,557
Municipality,MA,Hampshire,South Hadley,2022,5-Year-Estimates,Demographics,Age-85 & older,85+_YEARS,641
Municipality,MA,Hampshire,South Hadley,2022,5-Year-Estimates,Demographics,Age-Under 3 Years Old,UNDER_3_YEARS,333
Municipality,MA,Hampshire,South Hadley,2022,5-Year-Estimates,Demographics,Households-Married Couples,CEN_MARRHOU,"3,202.00"
Municipality,MA,Hampshire,South Hadley,2022,5-Year-Estimates,Demographics,Households-Single Parent,CEN_SINGPARHOU,463
Municipality,MA,Hampshire,South Hadley,2022,5-Year-Estimates,Demographics,Households-Total,CEN_HOUSEHOLDS,"7,316.00"
Municipality,MA,Hampshire,South Hadley,2022,5-Year-Estimates,Demographics,Net Domestic Migration,CEN_NET_DOM_MIGR,0
Municipality,MA,Hampshire,South Hadley,2022,5-Year-Estimates,Demographics,Percent Elderly with Car Access,CAR_AGE_HOUSEHOLDER,0.92
Municipality,MA,Hampshire,South Hadley,2022,5-Year-Estimates,Demographics,Percent Grandparents Who Are Primary Caregiver,GRAND_CAREGIVER,0.4
Municipality,MA,Hampshire,South Hadley,2022,5-Year-Estimates,Demographics,Percent of Elderly Below Poverty Line,ELDERLY_POV,0.04
Municipality,MA,Hampshire,South Hadley,2022,5-Year-Estimates,Demographics,Percent of Elderly who Live Alone,ELDERLY_LIVEALONE,0.3
Municipality,MA,Hampshire,South Hadley,2022,5-Year-Estimates,Demographics,Percent of Population Who are Not White,MINORITY_PERCENT,0.12
Municipality,MA,Hampshire,South Hadley,2022,5-Year-Estimates,Demographics,Population 5+,CEN_POP_O4,"16,597.00"
Municipality,MA,Hampshire,South Hadley,2022,5-Year-Estimates,Demographics,Population 25+,CEN_POP_O24,"11,784.00"
Municipality,MA,Hampshire,South Hadley,2022,5-Year-Estimates,Demographics,Population 65+,CEN_POP_O64,"4,167.00"
Municipality,MA,Hampshire,South Hadley,2022,5-Year-Estimates,Demographics,Population Living in Rural Areas,CEN_RURALPOP,0
Municipality,MA,Hampshire,South Hadley,2022,5-Year-Estimates,Demographics,Population living in the same county as five years ago,CEN_SAMECOUNTY,0
Municipality,MA,Hampshire,South Hadley,2022,5-Year-Estimates,Demographics,Population living in the same house as five years ago,CEN_SAMEHOUSE,0
Municipality,MA,Hampshire,South Hadley,2022,5-Year-Estimates,Demographics,Population Living in Urban Areas,CEN_URBANPOP,0
Municipality,MA,Hampshire,South Hadley,2022,5-Year-Estimates,Demographics,Population Under 18,CEN_POP_U18,"2,560.00"
Municipality,MA,Hampshire,South Hadley,2022,5-Year-Estimates,Demographics,Population-Foreign Born,CEN_FORBORN,"1,402.00"
Municipality,MA,Hampshire,South Hadley,2022,5-Year-Estimates,Demographics,Single Parent Families,CEN_SINGPAR_CHILD,0
Municipality,MA,Hampshire,South Hadley,2022,5-Year-Estimates,Demographics,Speak an Asian Language at Home,CEN_ASIANLANG,601
Municipality,MA,Hampshire,South Hadley,2022,5-Year-Estimates,Demographics,Speak Only English at Home,CEN_ENGLISH,"15,067.00"
Municipality,MA,Hampshire,South Hadley,2022,5-Year-Estimates,Demographics,Speak Other Language at Home,CEN_OTHLANG,150
Municipality,MA,Hampshire,South Hadley,2022,5-Year-Estimates,Demographics,Speak Spanish at Home,CEN_SPANISH,259
Municipality,MA,Hampshire,South Hadley,2022,5-Year-Estimates,Demographics,"Two or More Races, Not Hispanic or Latino",CEN_TWO_MORE_NOT_HISP,786
Municipality,MA,Hampshire,South Hadley,2022,5-Year-Estimates,Economic,"% Households with Income between $10,000 to $14,999",CEN_PERC_HHINC_10000-14999,0.02
Municipality,MA,Hampshire,South Hadley,2022,5-Year-Estimates,Economic,"% Households with Income between $15,000 to $24,999",CEN_PERC_HHINC_15000-24999,0.06
Municipality,MA,Hampshire,South Hadley,2022,5-Year-Estimates,Economic,"%  Households with Income between $25,000 to $34,999",CEN_PERC_HHINC_25000-34999,0.06
Municipality,MA,Hampshire,South Hadley,2022,5-Year-Estimates,Economic,"%  Households with Income between $35,000 to $49,999",CEN_PERC_HHINC_35000-49999,0.08
Municipality,MA,Hampshire,South Hadley,2022,5-Year-Estimates,Economic,"% of  Households with Income between $50,000 to $74,999",CEN_PERC_HHINC_50000-74999,0.16
Municipality,MA,Hampshire,South Hadley,2022,5-Year-Estimates,Economic,"% of  Households with Income between $75,000 to $99,999",CEN_PERC_HHINC_75000-99999,0.1
Municipality,MA,Hampshire,South Hadley,2022,5-Year-Estimates,Economic,"% of  Households with Income between $100,000 to $149,999",CEN_PERC_HHINC_100000-149999,0.22
Municipality,MA,Hampshire,South Hadley,2022,5-Year-Estimates,Economic,"%  of Households with Income between $150,000 to $199,999",CEN_PERC_HHINC_150000-199999,0.1
Municipality,MA,Hampshire,South Hadley,2022,5-Year-Estimates,Economic,"% of  Households with Income between $200,000 or more",CEN_PERC_HHINC_200000_PLUS,0.15
Municipality,MA,Hampshire,South Hadley,2022,5-Year-Estimates,Economic,"% of Households with Income Less than $10,000",CEN_PERC_HHINC_0-9999,0.05
Municipality,MA,Hampshire,South Hadley,2022,5-Year-Estimates,Economic,Child Poverty Rate,CEN_CHILD_POV,0.03
Municipality,MA,Hampshire,South Hadley,2022,5-Year-Estimates,Economic,Employment by sex - Female Total,EMP_FEMALE,"8,220.00"
Municipality,MA,Hampshire,South Hadley,2022,5-Year-Estimates,Economic,Employment by sex - Male Total,EMP_MALE,"7,616.00"
Municipality,MA,Hampshire,South Hadley,2022,5-Year-Estimates,Economic,Employment by sex and below the poverty line - Total,UNEMP_TOT_POV,96
Municipality,MA,Hampshire,South Hadley,2022,5-Year-Estimates,Economic,Employment by sex and below the poverty line - Total Percentage,UNEMP_TOT_POV_PERC,0.32
Municipality,MA,Hampshire,South Hadley,2022,5-Year-Estimates,Economic,Employment by sex and in poverty - Female,EMP_FEMALE_POV,400
Municipality,MA,Hampshire,South Hadley,2022,5-Year-Estimates,Economic,Employment by sex and in poverty - Male,EMP_MALE_POV,238
Municipality,MA,Hampshire,South Hadley,2022,5-Year-Estimates,Economic,Employment by sex and in poverty - Total,EMP_TOT_POV,638
Municipality,MA,Hampshire,South Hadley,2022,5-Year-Estimates,Economic,Employment by sex and in poverty - Total Percentage,EMP_TOT_POV_PERC,0.08
Municipality,MA,Hampshire,South Hadley,2022,5-Year-Estimates,Economic,Family Economic Self Sufficiency,CEN_FAMECON_SELF,0
Municipality,MA,Hampshire,South Hadley,2022,5-Year-Estimates,Economic,Gini Coefficient (Income Inequality),CEN_INCOME_INEQ,0.46
Municipality,MA,Hampshire,South Hadley,2022,5-Year-Estimates,Economic,"Households with Income between $10,000 to $14,999",CEN_HHINC_10000-14999,142
Municipality,MA,Hampshire,South Hadley,2022,5-Year-Estimates,Economic,"Households with Income between $15,000 to $24,999",CEN_HHINC_15000-24999,461
Municipality,MA,Hampshire,South Hadley,2022,5-Year-Estimates,Economic,"Households with Income between $25,000 to $34,999",CEN_HHINC_25000-34999,466
Municipality,MA,Hampshire,South Hadley,2022,5-Year-Estimates,Economic,"Households with Income between $35,000 to $49,999",CEN_HHINC_35000-49999,552
Municipality,MA,Hampshire,South Hadley,2022,5-Year-Estimates,Economic,"Households with Income between $50,000 to $74,999",CEN_HHINC_50000-74999,"1,149.00"
Municipality,MA,Hampshire,South Hadley,2022,5-Year-Estimates,Economic,"Households with Income between $75,000 to $99,999",CEN_HHINC_75000-99999,762
Municipality,MA,Hampshire,South Hadley,2022,5-Year-Estimates,Economic,"Households with Income between $100,000 to $149,999",CEN_HHINC_100000-149999,"1,593.00"
Municipality,MA,Hampshire,South Hadley,2022,5-Year-Estimates,Economic,"Households with Income between $150,000 to $199,999",CEN_HHINC_150000-199999,755
Municipality,MA,Hampshire,South Hadley,2022,5-Year-Estimates,Economic,"Households with Income between $200,000 or more",CEN_HHINC_200000_PLUS,"1,087.00"
Municipality,MA,Hampshire,South Hadley,2022,5-Year-Estimates,Economic,"Households with Income Less than $10,000",CEN_HHINC_0-9999,349
Municipality,MA,Hampshire,South Hadley,2022,5-Year-Estimates,Economic,Households with Retirement Income,CEN_RETINC,"2,018.00"
Municipality,MA,Hampshire,South Hadley,2022,5-Year-Estimates,Economic,Households with Social Security Income,CEN_SOCSECINC,"2,839.00"
Municipality,MA,Hampshire,South Hadley,2022,5-Year-Estimates,Economic,Income Under 200% of Poverty Line,CENPOV200,0.2
Municipality,MA,Hampshire,South Hadley,2022,5-Year-Estimates,Economic,Median Family Income,CEN_MEDFAMINC,"115,625.00"
Municipality,MA,Hampshire,South Hadley,2022,5-Year-Estimates,Economic,Median Household Income,CEN_MEDHHINC,"92,740.00"
Municipality,MA,Hampshire,South Hadley,2022,5-Year-Estimates,Economic,Per Capita Income,CEN_PERCAPINC,"50,904.00"
Municipality,MA,Hampshire,South Hadley,2022,5-Year-Estimates,Economic,Percent of Employed Population in Poverty - Female,EMP_FEMALE_POV_PERC,0.1
Municipality,MA,Hampshire,South Hadley,2022,5-Year-Estimates,Economic,Percent of Employed Population in Poverty - Male,EMP_MALE_POV_PERC,0.06
Municipality,MA,Hampshire,South Hadley,2022,5-Year-Estimates,Economic,Percent of Families in Poverty,CEN_FAM_POV,0.07
Municipality,MA,Hampshire,South Hadley,2022,5-Year-Estimates,Economic,Percent of Unemployed Population in Poverty - Female,UNEMP_FEMALE_POV_PERC,0.58
Municipality,MA,Hampshire,South Hadley,2022,5-Year-Estimates,Economic,Percent of Unemployed Population in Poverty - Male,UNEMP_MALE_POV_PERC,0.23
Municipality,MA,Hampshire,South Hadley,2022,5-Year-Estimates,Economic,Population Living below Poverty,CEN_POOR,367
Municipality,MA,Hampshire,South Hadley,2022,5-Year-Estimates,Economic,Poverty Rate,CEN_POVRATE,0.05
Municipality,MA,Hampshire,South Hadley,2022,5-Year-Estimates,Economic,Poverty Rate of Foreign Born,CEN_POV_FOR_BORN,0
Municipality,MA,Hampshire,South Hadley,2022,5-Year-Estimates,Economic,Poverty Rate of Foreign Born Naturalized Citizens,CEN_POV_FOR_BORN_NAT,0
Municipality,MA,Hampshire,South Hadley,2022,5-Year-Estimates,Economic,Poverty Rate of Foreign Born Non-Citizens,CEN_POV_FOR_BORN_NON_CIT,0
Municipality,MA,Hampshire,South Hadley,2022,5-Year-Estimates,Economic,Poverty Status Determined Population,CEN_POVTOTALPOP,"14,906.00"
Municipality,MA,Hampshire,South Hadley,2022,5-Year-Estimates,Economic,Self Employment Income-Household,CEN_SELFEMPINC,753
Municipality,MA,Hampshire,South Hadley,2022,5-Year-Estimates,Economic,Total population counted for unemployment by sex - Female,UNEMP_FEMALE,160
Municipality,MA,Hampshire,South Hadley,2022,5-Year-Estimates,Economic,Total population counted for unemployment by sex - Male,UNEMP_MALE,444
Municipality,MA,Hampshire,South Hadley,2022,5-Year-Estimates,Economic,Unemployment by sex and below the poverty line - Female,UNEMP_FEMALE_POV,46
Municipality,MA,Hampshire,South Hadley,2022,5-Year-Estimates,Economic,Unemployment by sex and below the poverty line - Male,UNEMP_MALE_POV,50
Municipality,MA,Hampshire,Southampton,2022,5-Year-Estimates,Demographics,Population Total,CEN_POP,"6,185.00"
Municipality,MA,Hampshire,Southampton,2022,5-Year-Estimates,Demographics,White Population,CEN_WHITE,"5,641.00"
Municipality,MA,Hampshire,Southampton,2022,5-Year-Estimates,Demographics,Hispanic or Latino Population (of any race),CEN_HISPANIC,171
Municipality,MA,Hampshire,Southampton,2022,5-Year-Estimates,Demographics,Black Population,CEN_BLACK,21
Municipality,MA,Hampshire,Southampton,2022,5-Year-Estimates,Demographics,Other Races Population,CEN_OTHRACE,7
Municipality,MA,Hampshire,Southampton,2022,5-Year-Estimates,Demographics,Asian Population,CEN_ASIAN,110
Municipality,MA,Hampshire,Southampton,2022,5-Year-Estimates,Demographics,Age-3 to 4 Years Old,3_4_YEARS,49
Municipality,MA,Hampshire,Southampton,2022,5-Year-Estimates,Demographics,Age-5 Years Old,5_YEARS,78
Municipality,MA,Hampshire,Southampton,2022,5-Year-Estimates,Demographics,Age-6 to 8 Years Old,6_8_YEARS,260
Municipality,MA,Hampshire,Southampton,2022,5-Year-Estimates,Demographics,Age-9 to 11 Years Old,9_11_YEARS,207
Municipality,MA,Hampshire,Southampton,2022,5-Year-Estimates,Demographics,Age-12 to 14 Years Old,12_14_YEARS,195
Municipality,MA,Hampshire,Southampton,2022,5-Year-Estimates,Demographics,Age-15 to 17 Years Old,15_17_YEARS,92
Municipality,MA,Hampshire,Southampton,2022,5-Year-Estimates,Demographics,Age-18 to 19 Years Old,18_19_YEARS,83
Municipality,MA,Hampshire,Southampton,2022,5-Year-Estimates,Demographics,Age-20 to 24 Years Old,20_24_YEARS,274
Municipality,MA,Hampshire,Southampton,2022,5-Year-Estimates,Demographics,Age-25 to 29 Years Old,25_29_YEARS,309
Municipality,MA,Hampshire,Southampton,2022,5-Year-Estimates,Demographics,Age-30 to 34 Years Old,30_34_YEARS,289
Municipality,MA,Hampshire,Southampton,2022,5-Year-Estimates,Demographics,Age-35 to 39 Years Old,35_39_YEARS,290
Municipality,MA,Hampshire,Southampton,2022,5-Year-Estimates,Demographics,Age-40 to 44 Years Old,40_44_YEARS,462
Municipality,MA,Hampshire,Southampton,2022,5-Year-Estimates,Demographics,Age-45 to 49 Years Old,45_49_YEARS,332
Municipality,MA,Hampshire,Southampton,2022,5-Year-Estimates,Demographics,Age-50 to 54 Years Old,50_54_YEARS,555
Municipality,MA,Hampshire,Southampton,2022,5-Year-Estimates,Demographics,Age-55 to 59 Years Old,55_59_YEARS,393
Municipality,MA,Hampshire,Southampton,2022,5-Year-Estimates,Demographics,Age-60 to 64 Years Old,60_64_YEARS,689
Municipality,MA,Hampshire,Southampton,2022,5-Year-Estimates,Demographics,Age-65 to 69 Years Old,65_69_YEARS,389
Municipality,MA,Hampshire,Southampton,2022,5-Year-Estimates,Demographics,Age-70 to 74 Years Old,70_74_YEARS,586
Municipality,MA,Hampshire,Southampton,2022,5-Year-Estimates,Demographics,Age-75 to 79 Years Old,75_79_YEARS,251
Municipality,MA,Hampshire,Southampton,2022,5-Year-Estimates,Demographics,Age-80 to 84 Years Old,80_84_YEARS,120
Municipality,MA,Hampshire,Southampton,2022,5-Year-Estimates,Demographics,Age-85 & older,85+_YEARS,44
Municipality,MA,Hampshire,Southampton,2022,5-Year-Estimates,Demographics,Age-Under 3 Years Old,UNDER_3_YEARS,238
Municipality,MA,Hampshire,Southampton,2022,5-Year-Estimates,Demographics,Households-Married Couples,CEN_MARRHOU,"1,769.00"
Municipality,MA,Hampshire,Southampton,2022,5-Year-Estimates,Demographics,Households-Single Parent,CEN_SINGPARHOU,16
Municipality,MA,Hampshire,Southampton,2022,5-Year-Estimates,Demographics,Households-Total,CEN_HOUSEHOLDS,"2,496.00"
Municipality,MA,Hampshire,Southampton,2022,5-Year-Estimates,Demographics,Net Domestic Migration,CEN_NET_DOM_MIGR,0
Municipality,MA,Hampshire,Southampton,2022,5-Year-Estimates,Demographics,Percent Elderly with Car Access,CAR_AGE_HOUSEHOLDER,1
Municipality,MA,Hampshire,Southampton,2022,5-Year-Estimates,Demographics,Percent Grandparents Who Are Primary Caregiver,GRAND_CAREGIVER,0.25
Municipality,MA,Hampshire,Southampton,2022,5-Year-Estimates,Demographics,Percent of Elderly Below Poverty Line,ELDERLY_POV,0.03
Municipality,MA,Hampshire,Southampton,2022,5-Year-Estimates,Demographics,Percent of Elderly who Live Alone,ELDERLY_LIVEALONE,0.14
Municipality,MA,Hampshire,Southampton,2022,5-Year-Estimates,Demographics,Percent of Population Who are Not White,MINORITY_PERCENT,0.09
Municipality,MA,Hampshire,Southampton,2022,5-Year-Estimates,Demographics,Population 5+,CEN_POP_O4,"5,898.00"
Municipality,MA,Hampshire,Southampton,2022,5-Year-Estimates,Demographics,Population 25+,CEN_POP_O24,"4,709.00"
Municipality,MA,Hampshire,Southampton,2022,5-Year-Estimates,Demographics,Population 65+,CEN_POP_O64,"1,390.00"
Municipality,MA,Hampshire,Southampton,2022,5-Year-Estimates,Demographics,Population Living in Rural Areas,CEN_RURALPOP,0
Municipality,MA,Hampshire,Southampton,2022,5-Year-Estimates,Demographics,Population living in the same county as five years ago,CEN_SAMECOUNTY,0
Municipality,MA,Hampshire,Southampton,2022,5-Year-Estimates,Demographics,Population living in the same house as five years ago,CEN_SAMEHOUSE,0
Municipality,MA,Hampshire,Southampton,2022,5-Year-Estimates,Demographics,Population Living in Urban Areas,CEN_URBANPOP,0
Municipality,MA,Hampshire,Southampton,2022,5-Year-Estimates,Demographics,Population Under 18,CEN_POP_U18,"1,119.00"
Municipality,MA,Hampshire,Southampton,2022,5-Year-Estimates,Demographics,Population-Foreign Born,CEN_FORBORN,170
Municipality,MA,Hampshire,Southampton,2022,5-Year-Estimates,Demographics,Single Parent Families,CEN_SINGPAR_CHILD,0
Municipality,MA,Hampshire,Southampton,2022,5-Year-Estimates,Demographics,Speak an Asian Language at Home,CEN_ASIANLANG,101
Municipality,MA,Hampshire,Southampton,2022,5-Year-Estimates,Demographics,Speak Only English at Home,CEN_ENGLISH,"5,565.00"
Municipality,MA,Hampshire,Southampton,2022,5-Year-Estimates,Demographics,Speak Other Language at Home,CEN_OTHLANG,0
Municipality,MA,Hampshire,Southampton,2022,5-Year-Estimates,Demographics,Speak Spanish at Home,CEN_SPANISH,147
Municipality,MA,Hampshire,Southampton,2022,5-Year-Estimates,Demographics,"Two or More Races, Not Hispanic or Latino",CEN_TWO_MORE_NOT_HISP,406
Municipality,MA,Hampshire,Southampton,2022,5-Year-Estimates,Economic,"% Households with Income between $10,000 to $14,999",CEN_PERC_HHINC_10000-14999,0.02
Municipality,MA,Hampshire,Southampton,2022,5-Year-Estimates,Economic,"% Households with Income between $15,000 to $24,999",CEN_PERC_HHINC_15000-24999,0.03
Municipality,MA,Hampshire,Southampton,2022,5-Year-Estimates,Economic,"%  Households with Income between $25,000 to $34,999",CEN_PERC_HHINC_25000-34999,0.07
Municipality,MA,Hampshire,Southampton,2022,5-Year-Estimates,Economic,"%  Households with Income between $35,000 to $49,999",CEN_PERC_HHINC_35000-49999,0.07
Municipality,MA,Hampshire,Southampton,2022,5-Year-Estimates,Economic,"% of  Households with Income between $50,000 to $74,999",CEN_PERC_HHINC_50000-74999,0.16
Municipality,MA,Hampshire,Southampton,2022,5-Year-Estimates,Economic,"% of  Households with Income between $75,000 to $99,999",CEN_PERC_HHINC_75000-99999,0.1
Municipality,MA,Hampshire,Southampton,2022,5-Year-Estimates,Economic,"% of  Households with Income between $100,000 to $149,999",CEN_PERC_HHINC_100000-149999,0.26
Municipality,MA,Hampshire,Southampton,2022,5-Year-Estimates,Economic,"%  of Households with Income between $150,000 to $199,999",CEN_PERC_HHINC_150000-199999,0.15
Municipality,MA,Hampshire,Southampton,2022,5-Year-Estimates,Economic,"% of  Households with Income between $200,000 or more",CEN_PERC_HHINC_200000_PLUS,0.14
Municipality,MA,Hampshire,Southampton,2022,5-Year-Estimates,Economic,"% of Households with Income Less than $10,000",CEN_PERC_HHINC_0-9999,0
Municipality,MA,Hampshire,Southampton,2022,5-Year-Estimates,Economic,Child Poverty Rate,CEN_CHILD_POV,0.12
Municipality,MA,Hampshire,Southampton,2022,5-Year-Estimates,Economic,Employment by sex - Female Total,EMP_FEMALE,"2,804.00"
Municipality,MA,Hampshire,Southampton,2022,5-Year-Estimates,Economic,Employment by sex - Male Total,EMP_MALE,"3,948.00"
Municipality,MA,Hampshire,Southampton,2022,5-Year-Estimates,Economic,Employment by sex and below the poverty line - Total,UNEMP_TOT_POV,30
Municipality,MA,Hampshire,Southampton,2022,5-Year-Estimates,Economic,Employment by sex and below the poverty line - Total Percentage,UNEMP_TOT_POV_PERC,0.48
Municipality,MA,Hampshire,Southampton,2022,5-Year-Estimates,Economic,Employment by sex and in poverty - Female,EMP_FEMALE_POV,0
Municipality,MA,Hampshire,Southampton,2022,5-Year-Estimates,Economic,Employment by sex and in poverty - Male,EMP_MALE_POV,60
Municipality,MA,Hampshire,Southampton,2022,5-Year-Estimates,Economic,Employment by sex and in poverty - Total,EMP_TOT_POV,60
Municipality,MA,Hampshire,Southampton,2022,5-Year-Estimates,Economic,Employment by sex and in poverty - Total Percentage,EMP_TOT_POV_PERC,0.02
Municipality,MA,Hampshire,Southampton,2022,5-Year-Estimates,Economic,Family Economic Self Sufficiency,CEN_FAMECON_SELF,0
Municipality,MA,Hampshire,Southampton,2022,5-Year-Estimates,Economic,Gini Coefficient (Income Inequality),CEN_INCOME_INEQ,0.41
Municipality,MA,Hampshire,Southampton,2022,5-Year-Estimates,Economic,"Households with Income between $10,000 to $14,999",CEN_HHINC_10000-14999,42
Municipality,MA,Hampshire,Southampton,2022,5-Year-Estimates,Economic,"Households with Income between $15,000 to $24,999",CEN_HHINC_15000-24999,74
Municipality,MA,Hampshire,Southampton,2022,5-Year-Estimates,Economic,"Households with Income between $25,000 to $34,999",CEN_HHINC_25000-34999,182
Municipality,MA,Hampshire,Southampton,2022,5-Year-Estimates,Economic,"Households with Income between $35,000 to $49,999",CEN_HHINC_35000-49999,184
Municipality,MA,Hampshire,Southampton,2022,5-Year-Estimates,Economic,"Households with Income between $50,000 to $74,999",CEN_HHINC_50000-74999,400
Municipality,MA,Hampshire,Southampton,2022,5-Year-Estimates,Economic,"Households with Income between $75,000 to $99,999",CEN_HHINC_75000-99999,246
Municipality,MA,Hampshire,Southampton,2022,5-Year-Estimates,Economic,"Households with Income between $100,000 to $149,999",CEN_HHINC_100000-149999,649
Municipality,MA,Hampshire,Southampton,2022,5-Year-Estimates,Economic,"Households with Income between $150,000 to $199,999",CEN_HHINC_150000-199999,362
Municipality,MA,Hampshire,Southampton,2022,5-Year-Estimates,Economic,"Households with Income between $200,000 or more",CEN_HHINC_200000_PLUS,357
Municipality,MA,Hampshire,Southampton,2022,5-Year-Estimates,Economic,"Households with Income Less than $10,000",CEN_HHINC_0-9999,0
Municipality,MA,Hampshire,Southampton,2022,5-Year-Estimates,Economic,Households with Retirement Income,CEN_RETINC,841
Municipality,MA,Hampshire,Southampton,2022,5-Year-Estimates,Economic,Households with Social Security Income,CEN_SOCSECINC,922
Municipality,MA,Hampshire,Southampton,2022,5-Year-Estimates,Economic,Income Under 200% of Poverty Line,CENPOV200,0.09
Municipality,MA,Hampshire,Southampton,2022,5-Year-Estimates,Economic,Median Family Income,CEN_MEDFAMINC,"89,699.00"
Municipality,MA,Hampshire,Southampton,2022,5-Year-Estimates,Economic,Median Household Income,CEN_MEDHHINC,"114,531.00"
Municipality,MA,Hampshire,Southampton,2022,5-Year-Estimates,Economic,Per Capita Income,CEN_PERCAPINC,"52,126.00"
Municipality,MA,Hampshire,Southampton,2022,5-Year-Estimates,Economic,Percent of Employed Population in Poverty - Female,EMP_FEMALE_POV_PERC,0
Municipality,MA,Hampshire,Southampton,2022,5-Year-Estimates,Economic,Percent of Employed Population in Poverty - Male,EMP_MALE_POV_PERC,0.03
Municipality,MA,Hampshire,Southampton,2022,5-Year-Estimates,Economic,Percent of Families in Poverty,CEN_FAM_POV,0.02
Municipality,MA,Hampshire,Southampton,2022,5-Year-Estimates,Economic,Percent of Unemployed Population in Poverty - Male,UNEMP_MALE_POV_PERC,0.48
Municipality,MA,Hampshire,Southampton,2022,5-Year-Estimates,Economic,Population Living below Poverty,CEN_POOR,45
Municipality,MA,Hampshire,Southampton,2022,5-Year-Estimates,Economic,Poverty Rate,CEN_POVRATE,0.01
Municipality,MA,Hampshire,Southampton,2022,5-Year-Estimates,Economic,Poverty Rate of Foreign Born,CEN_POV_FOR_BORN,0
Municipality,MA,Hampshire,Southampton,2022,5-Year-Estimates,Economic,Poverty Rate of Foreign Born Naturalized Citizens,CEN_POV_FOR_BORN_NAT,0
Municipality,MA,Hampshire,Southampton,2022,5-Year-Estimates,Economic,Poverty Rate of Foreign Born Non-Citizens,CEN_POV_FOR_BORN_NON_CIT,0
Municipality,MA,Hampshire,Southampton,2022,5-Year-Estimates,Economic,Poverty Status Determined Population,CEN_POVTOTALPOP,"6,185.00"
Municipality,MA,Hampshire,Southampton,2022,5-Year-Estimates,Economic,Self Employment Income-Household,CEN_SELFEMPINC,369
Municipality,MA,Hampshire,Southampton,2022,5-Year-Estimates,Economic,Total population counted for unemployment by sex - Female,UNEMP_FEMALE,0
Municipality,MA,Hampshire,Southampton,2022,5-Year-Estimates,Economic,Total population counted for unemployment by sex - Male,UNEMP_MALE,126
Municipality,MA,Hampshire,Southampton,2022,5-Year-Estimates,Economic,Unemployment by sex and below the poverty line - Female,UNEMP_FEMALE_POV,0
Municipality,MA,Hampshire,Southampton,2022,5-Year-Estimates,Economic,Unemployment by sex and below the poverty line - Male,UNEMP_MALE_POV,30
Municipality,MA,Hampshire,Ware,2022,5-Year-Estimates,Demographics,Population Total,CEN_POP,"10,162.00"
Municipality,MA,Hampshire,Ware,2022,5-Year-Estimates,Demographics,White Population,CEN_WHITE,"9,314.00"
Municipality,MA,Hampshire,Ware,2022,5-Year-Estimates,Demographics,Hispanic or Latino Population (of any race),CEN_HISPANIC,431
Municipality,MA,Hampshire,Ware,2022,5-Year-Estimates,Demographics,Black Population,CEN_BLACK,295
Municipality,MA,Hampshire,Ware,2022,5-Year-Estimates,Demographics,Other Races Population,CEN_OTHRACE,185
Municipality,MA,Hampshire,Ware,2022,5-Year-Estimates,Demographics,Asian Population,CEN_ASIAN,1
Municipality,MA,Hampshire,Ware,2022,5-Year-Estimates,Demographics,Age-3 to 4 Years Old,3_4_YEARS,123
Municipality,MA,Hampshire,Ware,2022,5-Year-Estimates,Demographics,Age-5 Years Old,5_YEARS,16
Municipality,MA,Hampshire,Ware,2022,5-Year-Estimates,Demographics,Age-6 to 8 Years Old,6_8_YEARS,337
Municipality,MA,Hampshire,Ware,2022,5-Year-Estimates,Demographics,Age-9 to 11 Years Old,9_11_YEARS,502
Municipality,MA,Hampshire,Ware,2022,5-Year-Estimates,Demographics,Age-12 to 14 Years Old,12_14_YEARS,315
Municipality,MA,Hampshire,Ware,2022,5-Year-Estimates,Demographics,Age-15 to 17 Years Old,15_17_YEARS,492
Municipality,MA,Hampshire,Ware,2022,5-Year-Estimates,Demographics,Age-18 to 19 Years Old,18_19_YEARS,128
Municipality,MA,Hampshire,Ware,2022,5-Year-Estimates,Demographics,Age-20 to 24 Years Old,20_24_YEARS,726
Municipality,MA,Hampshire,Ware,2022,5-Year-Estimates,Demographics,Age-25 to 29 Years Old,25_29_YEARS,599
Municipality,MA,Hampshire,Ware,2022,5-Year-Estimates,Demographics,Age-30 to 34 Years Old,30_34_YEARS,689
Municipality,MA,Hampshire,Ware,2022,5-Year-Estimates,Demographics,Age-35 to 39 Years Old,35_39_YEARS,421
Municipality,MA,Hampshire,Ware,2022,5-Year-Estimates,Demographics,Age-40 to 44 Years Old,40_44_YEARS,588
Municipality,MA,Hampshire,Ware,2022,5-Year-Estimates,Demographics,Age-45 to 49 Years Old,45_49_YEARS,811
Municipality,MA,Hampshire,Ware,2022,5-Year-Estimates,Demographics,Age-50 to 54 Years Old,50_54_YEARS,533
Municipality,MA,Hampshire,Ware,2022,5-Year-Estimates,Demographics,Age-55 to 59 Years Old,55_59_YEARS,719
Municipality,MA,Hampshire,Ware,2022,5-Year-Estimates,Demographics,Age-60 to 64 Years Old,60_64_YEARS,988
Municipality,MA,Hampshire,Ware,2022,5-Year-Estimates,Demographics,Age-65 to 69 Years Old,65_69_YEARS,585
Municipality,MA,Hampshire,Ware,2022,5-Year-Estimates,Demographics,Age-70 to 74 Years Old,70_74_YEARS,377
Municipality,MA,Hampshire,Ware,2022,5-Year-Estimates,Demographics,Age-75 to 79 Years Old,75_79_YEARS,316
Municipality,MA,Hampshire,Ware,2022,5-Year-Estimates,Demographics,Age-80 to 84 Years Old,80_84_YEARS,277
Municipality,MA,Hampshire,Ware,2022,5-Year-Estimates,Demographics,Age-85 & older,85+_YEARS,255
Municipality,MA,Hampshire,Ware,2022,5-Year-Estimates,Demographics,Age-Under 3 Years Old,UNDER_3_YEARS,365
Municipality,MA,Hampshire,Ware,2022,5-Year-Estimates,Demographics,Households-Married Couples,CEN_MARRHOU,"2,007.00"
Municipality,MA,Hampshire,Ware,2022,5-Year-Estimates,Demographics,Households-Single Parent,CEN_SINGPARHOU,531
Municipality,MA,Hampshire,Ware,2022,5-Year-Estimates,Demographics,Households-Total,CEN_HOUSEHOLDS,"4,707.00"
Municipality,MA,Hampshire,Ware,2022,5-Year-Estimates,Demographics,Net Domestic Migration,CEN_NET_DOM_MIGR,0
Municipality,MA,Hampshire,Ware,2022,5-Year-Estimates,Demographics,Percent Elderly with Car Access,CAR_AGE_HOUSEHOLDER,0.86
Municipality,MA,Hampshire,Ware,2022,5-Year-Estimates,Demographics,Percent Grandparents Who Are Primary Caregiver,GRAND_CAREGIVER,0.71
Municipality,MA,Hampshire,Ware,2022,5-Year-Estimates,Demographics,Percent of Elderly Below Poverty Line,ELDERLY_POV,0.13
Municipality,MA,Hampshire,Ware,2022,5-Year-Estimates,Demographics,Percent of Elderly who Live Alone,ELDERLY_LIVEALONE,0.29
Municipality,MA,Hampshire,Ware,2022,5-Year-Estimates,Demographics,Percent of Population Who are Not White,MINORITY_PERCENT,0.08
Municipality,MA,Hampshire,Ware,2022,5-Year-Estimates,Demographics,Population 5+,CEN_POP_O4,"9,674.00"
Municipality,MA,Hampshire,Ware,2022,5-Year-Estimates,Demographics,Population 25+,CEN_POP_O24,"7,158.00"
Municipality,MA,Hampshire,Ware,2022,5-Year-Estimates,Demographics,Population 65+,CEN_POP_O64,"1,810.00"
Municipality,MA,Hampshire,Ware,2022,5-Year-Estimates,Demographics,Population Living in Rural Areas,CEN_RURALPOP,0
Municipality,MA,Hampshire,Ware,2022,5-Year-Estimates,Demographics,Population living in the same county as five years ago,CEN_SAMECOUNTY,0
Municipality,MA,Hampshire,Ware,2022,5-Year-Estimates,Demographics,Population living in the same house as five years ago,CEN_SAMEHOUSE,0
Municipality,MA,Hampshire,Ware,2022,5-Year-Estimates,Demographics,Population Living in Urban Areas,CEN_URBANPOP,0
Municipality,MA,Hampshire,Ware,2022,5-Year-Estimates,Demographics,Population Under 18,CEN_POP_U18,"2,150.00"
Municipality,MA,Hampshire,Ware,2022,5-Year-Estimates,Demographics,Population-Foreign Born,CEN_FORBORN,510
Municipality,MA,Hampshire,Ware,2022,5-Year-Estimates,Demographics,Single Parent Families,CEN_SINGPAR_CHILD,0
Municipality,MA,Hampshire,Ware,2022,5-Year-Estimates,Demographics,Speak an Asian Language at Home,CEN_ASIANLANG,0
Municipality,MA,Hampshire,Ware,2022,5-Year-Estimates,Demographics,Speak Only English at Home,CEN_ENGLISH,"8,888.00"
Municipality,MA,Hampshire,Ware,2022,5-Year-Estimates,Demographics,Speak Other Language at Home,CEN_OTHLANG,44
Municipality,MA,Hampshire,Ware,2022,5-Year-Estimates,Demographics,Speak Spanish at Home,CEN_SPANISH,294
Municipality,MA,Hampshire,Ware,2022,5-Year-Estimates,Demographics,"Two or More Races, Not Hispanic or Latino",CEN_TWO_MORE_NOT_HISP,367
Municipality,MA,Hampshire,Ware,2022,5-Year-Estimates,Economic,"% Households with Income between $10,000 to $14,999",CEN_PERC_HHINC_10000-14999,0.06
Municipality,MA,Hampshire,Ware,2022,5-Year-Estimates,Economic,"% Households with Income between $15,000 to $24,999",CEN_PERC_HHINC_15000-24999,0.12
Municipality,MA,Hampshire,Ware,2022,5-Year-Estimates,Economic,"%  Households with Income between $25,000 to $34,999",CEN_PERC_HHINC_25000-34999,0.09
Municipality,MA,Hampshire,Ware,2022,5-Year-Estimates,Economic,"%  Households with Income between $35,000 to $49,999",CEN_PERC_HHINC_35000-49999,0.11
Municipality,MA,Hampshire,Ware,2022,5-Year-Estimates,Economic,"% of  Households with Income between $50,000 to $74,999",CEN_PERC_HHINC_50000-74999,0.13
Municipality,MA,Hampshire,Ware,2022,5-Year-Estimates,Economic,"% of  Households with Income between $75,000 to $99,999",CEN_PERC_HHINC_75000-99999,0.13
Municipality,MA,Hampshire,Ware,2022,5-Year-Estimates,Economic,"% of  Households with Income between $100,000 to $149,999",CEN_PERC_HHINC_100000-149999,0.19
Municipality,MA,Hampshire,Ware,2022,5-Year-Estimates,Economic,"%  of Households with Income between $150,000 to $199,999",CEN_PERC_HHINC_150000-199999,0.07
Municipality,MA,Hampshire,Ware,2022,5-Year-Estimates,Economic,"% of  Households with Income between $200,000 or more",CEN_PERC_HHINC_200000_PLUS,0.06
Municipality,MA,Hampshire,Ware,2022,5-Year-Estimates,Economic,"% of Households with Income Less than $10,000",CEN_PERC_HHINC_0-9999,0.05
Municipality,MA,Hampshire,Ware,2022,5-Year-Estimates,Economic,Child Poverty Rate,CEN_CHILD_POV,0.13
Municipality,MA,Hampshire,Ware,2022,5-Year-Estimates,Economic,Employment by sex - Female Total,EMP_FEMALE,"4,398.00"
Municipality,MA,Hampshire,Ware,2022,5-Year-Estimates,Economic,Employment by sex - Male Total,EMP_MALE,"5,242.00"
Municipality,MA,Hampshire,Ware,2022,5-Year-Estimates,Economic,Employment by sex and below the poverty line - Total,UNEMP_TOT_POV,196
Municipality,MA,Hampshire,Ware,2022,5-Year-Estimates,Economic,Employment by sex and below the poverty line - Total Percentage,UNEMP_TOT_POV_PERC,0.47
Municipality,MA,Hampshire,Ware,2022,5-Year-Estimates,Economic,Employment by sex and in poverty - Female,EMP_FEMALE_POV,274
Municipality,MA,Hampshire,Ware,2022,5-Year-Estimates,Economic,Employment by sex and in poverty - Male,EMP_MALE_POV,50
Municipality,MA,Hampshire,Ware,2022,5-Year-Estimates,Economic,Employment by sex and in poverty - Total,EMP_TOT_POV,324
Municipality,MA,Hampshire,Ware,2022,5-Year-Estimates,Economic,Employment by sex and in poverty - Total Percentage,EMP_TOT_POV_PERC,0.07
Municipality,MA,Hampshire,Ware,2022,5-Year-Estimates,Economic,Family Economic Self Sufficiency,CEN_FAMECON_SELF,0
Municipality,MA,Hampshire,Ware,2022,5-Year-Estimates,Economic,Gini Coefficient (Income Inequality),CEN_INCOME_INEQ,0.43
Municipality,MA,Hampshire,Ware,2022,5-Year-Estimates,Economic,"Households with Income between $10,000 to $14,999",CEN_HHINC_10000-14999,291
Municipality,MA,Hampshire,Ware,2022,5-Year-Estimates,Economic,"Households with Income between $15,000 to $24,999",CEN_HHINC_15000-24999,556
Municipality,MA,Hampshire,Ware,2022,5-Year-Estimates,Economic,"Households with Income between $25,000 to $34,999",CEN_HHINC_25000-34999,401
Municipality,MA,Hampshire,Ware,2022,5-Year-Estimates,Economic,"Households with Income between $35,000 to $49,999",CEN_HHINC_35000-49999,529
Municipality,MA,Hampshire,Ware,2022,5-Year-Estimates,Economic,"Households with Income between $50,000 to $74,999",CEN_HHINC_50000-74999,614
Municipality,MA,Hampshire,Ware,2022,5-Year-Estimates,Economic,"Households with Income between $75,000 to $99,999",CEN_HHINC_75000-99999,632
Municipality,MA,Hampshire,Ware,2022,5-Year-Estimates,Economic,"Households with Income between $100,000 to $149,999",CEN_HHINC_100000-149999,877
Municipality,MA,Hampshire,Ware,2022,5-Year-Estimates,Economic,"Households with Income between $150,000 to $199,999",CEN_HHINC_150000-199999,322
Municipality,MA,Hampshire,Ware,2022,5-Year-Estimates,Economic,"Households with Income between $200,000 or more",CEN_HHINC_200000_PLUS,275
Municipality,MA,Hampshire,Ware,2022,5-Year-Estimates,Economic,"Households with Income Less than $10,000",CEN_HHINC_0-9999,210
Municipality,MA,Hampshire,Ware,2022,5-Year-Estimates,Economic,Households with Retirement Income,CEN_RETINC,"1,215.00"
Municipality,MA,Hampshire,Ware,2022,5-Year-Estimates,Economic,Households with Social Security Income,CEN_SOCSECINC,"1,711.00"
Municipality,MA,Hampshire,Ware,2022,5-Year-Estimates,Economic,Income Under 200% of Poverty Line,CENPOV200,0.31
Municipality,MA,Hampshire,Ware,2022,5-Year-Estimates,Economic,Median Family Income,CEN_MEDFAMINC,"86,875.00"
Municipality,MA,Hampshire,Ware,2022,5-Year-Estimates,Economic,Median Household Income,CEN_MEDHHINC,"66,250.00"
Municipality,MA,Hampshire,Ware,2022,5-Year-Estimates,Economic,Per Capita Income,CEN_PERCAPINC,"35,917.00"
Municipality,MA,Hampshire,Ware,2022,5-Year-Estimates,Economic,Percent of Employed Population in Poverty - Female,EMP_FEMALE_POV_PERC,0.12
Municipality,MA,Hampshire,Ware,2022,5-Year-Estimates,Economic,Percent of Employed Population in Poverty - Male,EMP_MALE_POV_PERC,0.02
Municipality,MA,Hampshire,Ware,2022,5-Year-Estimates,Economic,Percent of Families in Poverty,CEN_FAM_POV,0.07
Municipality,MA,Hampshire,Ware,2022,5-Year-Estimates,Economic,Percent of Unemployed Population in Poverty - Female,UNEMP_FEMALE_POV_PERC,0.25
Municipality,MA,Hampshire,Ware,2022,5-Year-Estimates,Economic,Percent of Unemployed Population in Poverty - Male,UNEMP_MALE_POV_PERC,0.67
Municipality,MA,Hampshire,Ware,2022,5-Year-Estimates,Economic,Population Living below Poverty,CEN_POOR,260
Municipality,MA,Hampshire,Ware,2022,5-Year-Estimates,Economic,Poverty Rate,CEN_POVRATE,0.05
Municipality,MA,Hampshire,Ware,2022,5-Year-Estimates,Economic,Poverty Rate of Foreign Born,CEN_POV_FOR_BORN,0.01
Municipality,MA,Hampshire,Ware,2022,5-Year-Estimates,Economic,Poverty Rate of Foreign Born Naturalized Citizens,CEN_POV_FOR_BORN_NAT,0
Municipality,MA,Hampshire,Ware,2022,5-Year-Estimates,Economic,Poverty Rate of Foreign Born Non-Citizens,CEN_POV_FOR_BORN_NON_CIT,0
Municipality,MA,Hampshire,Ware,2022,5-Year-Estimates,Economic,Poverty Status Determined Population,CEN_POVTOTALPOP,"10,084.00"
Municipality,MA,Hampshire,Ware,2022,5-Year-Estimates,Economic,Self Employment Income-Household,CEN_SELFEMPINC,366
Municipality,MA,Hampshire,Ware,2022,5-Year-Estimates,Economic,Total population counted for unemployment by sex - Female,UNEMP_FEMALE,386
Municipality,MA,Hampshire,Ware,2022,5-Year-Estimates,Economic,Total population counted for unemployment by sex - Male,UNEMP_MALE,442
Municipality,MA,Hampshire,Ware,2022,5-Year-Estimates,Economic,Unemployment by sex and below the poverty line - Female,UNEMP_FEMALE_POV,48
Municipality,MA,Hampshire,Ware,2022,5-Year-Estimates,Economic,Unemployment by sex and below the poverty line - Male,UNEMP_MALE_POV,148
Municipality,MA,Hampshire,Westhampton,2022,5-Year-Estimates,Demographics,Population Total,CEN_POP,"1,519.00"
Municipality,MA,Hampshire,Westhampton,2022,5-Year-Estimates,Demographics,White Population,CEN_WHITE,"1,459.00"
Municipality,MA,Hampshire,Westhampton,2022,5-Year-Estimates,Demographics,Hispanic or Latino Population (of any race),CEN_HISPANIC,68
Municipality,MA,Hampshire,Westhampton,2022,5-Year-Estimates,Demographics,Black Population,CEN_BLACK,0
Municipality,MA,Hampshire,Westhampton,2022,5-Year-Estimates,Demographics,Other Races Population,CEN_OTHRACE,16
Municipality,MA,Hampshire,Westhampton,2022,5-Year-Estimates,Demographics,Asian Population,CEN_ASIAN,1
Municipality,MA,Hampshire,Westhampton,2022,5-Year-Estimates,Demographics,Age-3 to 4 Years Old,3_4_YEARS,29
Municipality,MA,Hampshire,Westhampton,2022,5-Year-Estimates,Demographics,Age-5 Years Old,5_YEARS,17
Municipality,MA,Hampshire,Westhampton,2022,5-Year-Estimates,Demographics,Age-6 to 8 Years Old,6_8_YEARS,35
Municipality,MA,Hampshire,Westhampton,2022,5-Year-Estimates,Demographics,Age-9 to 11 Years Old,9_11_YEARS,64
Municipality,MA,Hampshire,Westhampton,2022,5-Year-Estimates,Demographics,Age-12 to 14 Years Old,12_14_YEARS,67
Municipality,MA,Hampshire,Westhampton,2022,5-Year-Estimates,Demographics,Age-15 to 17 Years Old,15_17_YEARS,36
Municipality,MA,Hampshire,Westhampton,2022,5-Year-Estimates,Demographics,Age-18 to 19 Years Old,18_19_YEARS,28
Municipality,MA,Hampshire,Westhampton,2022,5-Year-Estimates,Demographics,Age-20 to 24 Years Old,20_24_YEARS,57
Municipality,MA,Hampshire,Westhampton,2022,5-Year-Estimates,Demographics,Age-25 to 29 Years Old,25_29_YEARS,75
Municipality,MA,Hampshire,Westhampton,2022,5-Year-Estimates,Demographics,Age-30 to 34 Years Old,30_34_YEARS,50
Municipality,MA,Hampshire,Westhampton,2022,5-Year-Estimates,Demographics,Age-35 to 39 Years Old,35_39_YEARS,84
Municipality,MA,Hampshire,Westhampton,2022,5-Year-Estimates,Demographics,Age-40 to 44 Years Old,40_44_YEARS,94
Municipality,MA,Hampshire,Westhampton,2022,5-Year-Estimates,Demographics,Age-45 to 49 Years Old,45_49_YEARS,71
Municipality,MA,Hampshire,Westhampton,2022,5-Year-Estimates,Demographics,Age-50 to 54 Years Old,50_54_YEARS,106
Municipality,MA,Hampshire,Westhampton,2022,5-Year-Estimates,Demographics,Age-55 to 59 Years Old,55_59_YEARS,183
Municipality,MA,Hampshire,Westhampton,2022,5-Year-Estimates,Demographics,Age-60 to 64 Years Old,60_64_YEARS,159
Municipality,MA,Hampshire,Westhampton,2022,5-Year-Estimates,Demographics,Age-65 to 69 Years Old,65_69_YEARS,168
Municipality,MA,Hampshire,Westhampton,2022,5-Year-Estimates,Demographics,Age-70 to 74 Years Old,70_74_YEARS,91
Municipality,MA,Hampshire,Westhampton,2022,5-Year-Estimates,Demographics,Age-75 to 79 Years Old,75_79_YEARS,59
Municipality,MA,Hampshire,Westhampton,2022,5-Year-Estimates,Demographics,Age-80 to 84 Years Old,80_84_YEARS,23
Municipality,MA,Hampshire,Westhampton,2022,5-Year-Estimates,Demographics,Age-85 & older,85+_YEARS,15
Municipality,MA,Hampshire,Westhampton,2022,5-Year-Estimates,Demographics,Age-Under 3 Years Old,UNDER_3_YEARS,8
Municipality,MA,Hampshire,Westhampton,2022,5-Year-Estimates,Demographics,Households-Married Couples,CEN_MARRHOU,390
Municipality,MA,Hampshire,Westhampton,2022,5-Year-Estimates,Demographics,Households-Single Parent,CEN_SINGPARHOU,23
Municipality,MA,Hampshire,Westhampton,2022,5-Year-Estimates,Demographics,Households-Total,CEN_HOUSEHOLDS,643
Municipality,MA,Hampshire,Westhampton,2022,5-Year-Estimates,Demographics,Net Domestic Migration,CEN_NET_DOM_MIGR,0
Municipality,MA,Hampshire,Westhampton,2022,5-Year-Estimates,Demographics,Percent Elderly with Car Access,CAR_AGE_HOUSEHOLDER,0.97
Municipality,MA,Hampshire,Westhampton,2022,5-Year-Estimates,Demographics,Percent Grandparents Who Are Primary Caregiver,GRAND_CAREGIVER,0
Municipality,MA,Hampshire,Westhampton,2022,5-Year-Estimates,Demographics,Percent of Elderly Below Poverty Line,ELDERLY_POV,0.03
Municipality,MA,Hampshire,Westhampton,2022,5-Year-Estimates,Demographics,Percent of Elderly who Live Alone,ELDERLY_LIVEALONE,0.14
Municipality,MA,Hampshire,Westhampton,2022,5-Year-Estimates,Demographics,Percent of Population Who are Not White,MINORITY_PERCENT,0.04
Municipality,MA,Hampshire,Westhampton,2022,5-Year-Estimates,Demographics,Population 5+,CEN_POP_O4,"1,482.00"
Municipality,MA,Hampshire,Westhampton,2022,5-Year-Estimates,Demographics,Population 25+,CEN_POP_O24,"1,178.00"
Municipality,MA,Hampshire,Westhampton,2022,5-Year-Estimates,Demographics,Population 65+,CEN_POP_O64,356
Municipality,MA,Hampshire,Westhampton,2022,5-Year-Estimates,Demographics,Population Living in Rural Areas,CEN_RURALPOP,0
Municipality,MA,Hampshire,Westhampton,2022,5-Year-Estimates,Demographics,Population living in the same county as five years ago,CEN_SAMECOUNTY,0
Municipality,MA,Hampshire,Westhampton,2022,5-Year-Estimates,Demographics,Population living in the same house as five years ago,CEN_SAMEHOUSE,0
Municipality,MA,Hampshire,Westhampton,2022,5-Year-Estimates,Demographics,Population Living in Urban Areas,CEN_URBANPOP,0
Municipality,MA,Hampshire,Westhampton,2022,5-Year-Estimates,Demographics,Population Under 18,CEN_POP_U18,256
Municipality,MA,Hampshire,Westhampton,2022,5-Year-Estimates,Demographics,Population-Foreign Born,CEN_FORBORN,38
Municipality,MA,Hampshire,Westhampton,2022,5-Year-Estimates,Demographics,Single Parent Families,CEN_SINGPAR_CHILD,0
Municipality,MA,Hampshire,Westhampton,2022,5-Year-Estimates,Demographics,Speak an Asian Language at Home,CEN_ASIANLANG,17
Municipality,MA,Hampshire,Westhampton,2022,5-Year-Estimates,Demographics,Speak Only English at Home,CEN_ENGLISH,"1,430.00"
Municipality,MA,Hampshire,Westhampton,2022,5-Year-Estimates,Demographics,Speak Other Language at Home,CEN_OTHLANG,0
Municipality,MA,Hampshire,Westhampton,2022,5-Year-Estimates,Demographics,Speak Spanish at Home,CEN_SPANISH,23
Municipality,MA,Hampshire,Westhampton,2022,5-Year-Estimates,Demographics,"Two or More Races, Not Hispanic or Latino",CEN_TWO_MORE_NOT_HISP,38
Municipality,MA,Hampshire,Westhampton,2022,5-Year-Estimates,Economic,"% Households with Income between $10,000 to $14,999",CEN_PERC_HHINC_10000-14999,0.02
Municipality,MA,Hampshire,Westhampton,2022,5-Year-Estimates,Economic,"% Households with Income between $15,000 to $24,999",CEN_PERC_HHINC_15000-24999,0.01
Municipality,MA,Hampshire,Westhampton,2022,5-Year-Estimates,Economic,"%  Households with Income between $25,000 to $34,999",CEN_PERC_HHINC_25000-34999,0.03
Municipality,MA,Hampshire,Westhampton,2022,5-Year-Estimates,Economic,"%  Households with Income between $35,000 to $49,999",CEN_PERC_HHINC_35000-49999,0.1
Municipality,MA,Hampshire,Westhampton,2022,5-Year-Estimates,Economic,"% of  Households with Income between $50,000 to $74,999",CEN_PERC_HHINC_50000-74999,0.2
Municipality,MA,Hampshire,Westhampton,2022,5-Year-Estimates,Economic,"% of  Households with Income between $75,000 to $99,999",CEN_PERC_HHINC_75000-99999,0.18
Municipality,MA,Hampshire,Westhampton,2022,5-Year-Estimates,Economic,"% of  Households with Income between $100,000 to $149,999",CEN_PERC_HHINC_100000-149999,0.17
Municipality,MA,Hampshire,Westhampton,2022,5-Year-Estimates,Economic,"%  of Households with Income between $150,000 to $199,999",CEN_PERC_HHINC_150000-199999,0.12
Municipality,MA,Hampshire,Westhampton,2022,5-Year-Estimates,Economic,"% of  Households with Income between $200,000 or more",CEN_PERC_HHINC_200000_PLUS,0.15
Municipality,MA,Hampshire,Westhampton,2022,5-Year-Estimates,Economic,"% of Households with Income Less than $10,000",CEN_PERC_HHINC_0-9999,0.02
Municipality,MA,Hampshire,Westhampton,2022,5-Year-Estimates,Economic,Child Poverty Rate,CEN_CHILD_POV,0.02
Municipality,MA,Hampshire,Westhampton,2022,5-Year-Estimates,Economic,Employment by sex - Female Total,EMP_FEMALE,816
Municipality,MA,Hampshire,Westhampton,2022,5-Year-Estimates,Economic,Employment by sex - Male Total,EMP_MALE,786
Municipality,MA,Hampshire,Westhampton,2022,5-Year-Estimates,Economic,Employment by sex and below the poverty line - Total,UNEMP_TOT_POV,0
Municipality,MA,Hampshire,Westhampton,2022,5-Year-Estimates,Economic,Employment by sex and below the poverty line - Total Percentage,UNEMP_TOT_POV_PERC,0
Municipality,MA,Hampshire,Westhampton,2022,5-Year-Estimates,Economic,Employment by sex and in poverty - Female,EMP_FEMALE_POV,14
Municipality,MA,Hampshire,Westhampton,2022,5-Year-Estimates,Economic,Employment by sex and in poverty - Male,EMP_MALE_POV,0
Municipality,MA,Hampshire,Westhampton,2022,5-Year-Estimates,Economic,Employment by sex and in poverty - Total,EMP_TOT_POV,14
Municipality,MA,Hampshire,Westhampton,2022,5-Year-Estimates,Economic,Employment by sex and in poverty - Total Percentage,EMP_TOT_POV_PERC,0.02
Municipality,MA,Hampshire,Westhampton,2022,5-Year-Estimates,Economic,Family Economic Self Sufficiency,CEN_FAMECON_SELF,0
Municipality,MA,Hampshire,Westhampton,2022,5-Year-Estimates,Economic,Gini Coefficient (Income Inequality),CEN_INCOME_INEQ,0.41
Municipality,MA,Hampshire,Westhampton,2022,5-Year-Estimates,Economic,"Households with Income between $10,000 to $14,999",CEN_HHINC_10000-14999,12
Municipality,MA,Hampshire,Westhampton,2022,5-Year-Estimates,Economic,"Households with Income between $15,000 to $24,999",CEN_HHINC_15000-24999,6
Municipality,MA,Hampshire,Westhampton,2022,5-Year-Estimates,Economic,"Households with Income between $25,000 to $34,999",CEN_HHINC_25000-34999,21
Municipality,MA,Hampshire,Westhampton,2022,5-Year-Estimates,Economic,"Households with Income between $35,000 to $49,999",CEN_HHINC_35000-49999,62
Municipality,MA,Hampshire,Westhampton,2022,5-Year-Estimates,Economic,"Households with Income between $50,000 to $74,999",CEN_HHINC_50000-74999,128
Municipality,MA,Hampshire,Westhampton,2022,5-Year-Estimates,Economic,"Households with Income between $75,000 to $99,999",CEN_HHINC_75000-99999,115
Municipality,MA,Hampshire,Westhampton,2022,5-Year-Estimates,Economic,"Households with Income between $100,000 to $149,999",CEN_HHINC_100000-149999,112
Municipality,MA,Hampshire,Westhampton,2022,5-Year-Estimates,Economic,"Households with Income between $150,000 to $199,999",CEN_HHINC_150000-199999,80
Municipality,MA,Hampshire,Westhampton,2022,5-Year-Estimates,Economic,"Households with Income between $200,000 or more",CEN_HHINC_200000_PLUS,93
Municipality,MA,Hampshire,Westhampton,2022,5-Year-Estimates,Economic,"Households with Income Less than $10,000",CEN_HHINC_0-9999,14
Municipality,MA,Hampshire,Westhampton,2022,5-Year-Estimates,Economic,Households with Retirement Income,CEN_RETINC,187
Municipality,MA,Hampshire,Westhampton,2022,5-Year-Estimates,Economic,Households with Social Security Income,CEN_SOCSECINC,236
Municipality,MA,Hampshire,Westhampton,2022,5-Year-Estimates,Economic,Income Under 200% of Poverty Line,CENPOV200,0.13
Municipality,MA,Hampshire,Westhampton,2022,5-Year-Estimates,Economic,Median Family Income,CEN_MEDFAMINC,"110,795.00"
Municipality,MA,Hampshire,Westhampton,2022,5-Year-Estimates,Economic,Median Household Income,CEN_MEDHHINC,"91,771.00"
Municipality,MA,Hampshire,Westhampton,2022,5-Year-Estimates,Economic,Per Capita Income,CEN_PERCAPINC,"51,928.00"
Municipality,MA,Hampshire,Westhampton,2022,5-Year-Estimates,Economic,Percent of Employed Population in Poverty - Female,EMP_FEMALE_POV_PERC,0.03
Municipality,MA,Hampshire,Westhampton,2022,5-Year-Estimates,Economic,Percent of Employed Population in Poverty - Male,EMP_MALE_POV_PERC,0
Municipality,MA,Hampshire,Westhampton,2022,5-Year-Estimates,Economic,Percent of Families in Poverty,CEN_FAM_POV,0.01
Municipality,MA,Hampshire,Westhampton,2022,5-Year-Estimates,Economic,Percent of Unemployed Population in Poverty - Female,UNEMP_FEMALE_POV_PERC,0
Municipality,MA,Hampshire,Westhampton,2022,5-Year-Estimates,Economic,Percent of Unemployed Population in Poverty - Male,UNEMP_MALE_POV_PERC,0
Municipality,MA,Hampshire,Westhampton,2022,5-Year-Estimates,Economic,Population Living below Poverty,CEN_POOR,7
Municipality,MA,Hampshire,Westhampton,2022,5-Year-Estimates,Economic,Poverty Rate,CEN_POVRATE,0.01
Municipality,MA,Hampshire,Westhampton,2022,5-Year-Estimates,Economic,Poverty Rate of Foreign Born,CEN_POV_FOR_BORN,0
Municipality,MA,Hampshire,Westhampton,2022,5-Year-Estimates,Economic,Poverty Rate of Foreign Born Naturalized Citizens,CEN_POV_FOR_BORN_NAT,0
Municipality,MA,Hampshire,Westhampton,2022,5-Year-Estimates,Economic,Poverty Rate of Foreign Born Non-Citizens,CEN_POV_FOR_BORN_NON_CIT,0
Municipality,MA,Hampshire,Westhampton,2022,5-Year-Estimates,Economic,Poverty Status Determined Population,CEN_POVTOTALPOP,"1,514.00"
Municipality,MA,Hampshire,Westhampton,2022,5-Year-Estimates,Economic,Self Employment Income-Household,CEN_SELFEMPINC,131
Municipality,MA,Hampshire,Westhampton,2022,5-Year-Estimates,Economic,Total population counted for unemployment by sex - Female,UNEMP_FEMALE,32
Municipality,MA,Hampshire,Westhampton,2022,5-Year-Estimates,Economic,Total population counted for unemployment by sex - Male,UNEMP_MALE,66
Municipality,MA,Hampshire,Westhampton,2022,5-Year-Estimates,Economic,Unemployment by sex and below the poverty line - Female,UNEMP_FEMALE_POV,0
Municipality,MA,Hampshire,Westhampton,2022,5-Year-Estimates,Economic,Unemployment by sex and below the poverty line - Male,UNEMP_MALE_POV,0
Municipality,MA,Hampshire,Williamsburg,2022,5-Year-Estimates,Demographics,Population Total,CEN_POP,"2,745.00"
Municipality,MA,Hampshire,Williamsburg,2022,5-Year-Estimates,Demographics,White Population,CEN_WHITE,"2,650.00"
Municipality,MA,Hampshire,Williamsburg,2022,5-Year-Estimates,Demographics,Hispanic or Latino Population (of any race),CEN_HISPANIC,40
Municipality,MA,Hampshire,Williamsburg,2022,5-Year-Estimates,Demographics,Black Population,CEN_BLACK,29
Municipality,MA,Hampshire,Williamsburg,2022,5-Year-Estimates,Demographics,Other Races Population,CEN_OTHRACE,0
Municipality,MA,Hampshire,Williamsburg,2022,5-Year-Estimates,Demographics,Asian Population,CEN_ASIAN,0
Municipality,MA,Hampshire,Williamsburg,2022,5-Year-Estimates,Demographics,Age-3 to 4 Years Old,3_4_YEARS,36
Municipality,MA,Hampshire,Williamsburg,2022,5-Year-Estimates,Demographics,Age-5 Years Old,5_YEARS,10
Municipality,MA,Hampshire,Williamsburg,2022,5-Year-Estimates,Demographics,Age-6 to 8 Years Old,6_8_YEARS,47
Municipality,MA,Hampshire,Williamsburg,2022,5-Year-Estimates,Demographics,Age-9 to 11 Years Old,9_11_YEARS,94
Municipality,MA,Hampshire,Williamsburg,2022,5-Year-Estimates,Demographics,Age-12 to 14 Years Old,12_14_YEARS,146
Municipality,MA,Hampshire,Williamsburg,2022,5-Year-Estimates,Demographics,Age-15 to 17 Years Old,15_17_YEARS,97
Municipality,MA,Hampshire,Williamsburg,2022,5-Year-Estimates,Demographics,Age-18 to 19 Years Old,18_19_YEARS,4
Municipality,MA,Hampshire,Williamsburg,2022,5-Year-Estimates,Demographics,Age-20 to 24 Years Old,20_24_YEARS,81
Municipality,MA,Hampshire,Williamsburg,2022,5-Year-Estimates,Demographics,Age-25 to 29 Years Old,25_29_YEARS,101
Municipality,MA,Hampshire,Williamsburg,2022,5-Year-Estimates,Demographics,Age-30 to 34 Years Old,30_34_YEARS,155
Municipality,MA,Hampshire,Williamsburg,2022,5-Year-Estimates,Demographics,Age-35 to 39 Years Old,35_39_YEARS,147
Municipality,MA,Hampshire,Williamsburg,2022,5-Year-Estimates,Demographics,Age-40 to 44 Years Old,40_44_YEARS,187
Municipality,MA,Hampshire,Williamsburg,2022,5-Year-Estimates,Demographics,Age-45 to 49 Years Old,45_49_YEARS,257
Municipality,MA,Hampshire,Williamsburg,2022,5-Year-Estimates,Demographics,Age-50 to 54 Years Old,50_54_YEARS,361
Municipality,MA,Hampshire,Williamsburg,2022,5-Year-Estimates,Demographics,Age-55 to 59 Years Old,55_59_YEARS,141
Municipality,MA,Hampshire,Williamsburg,2022,5-Year-Estimates,Demographics,Age-60 to 64 Years Old,60_64_YEARS,207
Municipality,MA,Hampshire,Williamsburg,2022,5-Year-Estimates,Demographics,Age-65 to 69 Years Old,65_69_YEARS,277
Municipality,MA,Hampshire,Williamsburg,2022,5-Year-Estimates,Demographics,Age-70 to 74 Years Old,70_74_YEARS,190
Municipality,MA,Hampshire,Williamsburg,2022,5-Year-Estimates,Demographics,Age-75 to 79 Years Old,75_79_YEARS,47
Municipality,MA,Hampshire,Williamsburg,2022,5-Year-Estimates,Demographics,Age-80 to 84 Years Old,80_84_YEARS,81
Municipality,MA,Hampshire,Williamsburg,2022,5-Year-Estimates,Demographics,Age-85 & older,85+_YEARS,28
Municipality,MA,Hampshire,Williamsburg,2022,5-Year-Estimates,Demographics,Age-Under 3 Years Old,UNDER_3_YEARS,51
Municipality,MA,Hampshire,Williamsburg,2022,5-Year-Estimates,Demographics,Households-Married Couples,CEN_MARRHOU,587
Municipality,MA,Hampshire,Williamsburg,2022,5-Year-Estimates,Demographics,Households-Single Parent,CEN_SINGPARHOU,55
Municipality,MA,Hampshire,Williamsburg,2022,5-Year-Estimates,Demographics,Households-Total,CEN_HOUSEHOLDS,"1,195.00"
Municipality,MA,Hampshire,Williamsburg,2022,5-Year-Estimates,Demographics,Net Domestic Migration,CEN_NET_DOM_MIGR,0
Municipality,MA,Hampshire,Williamsburg,2022,5-Year-Estimates,Demographics,Percent Elderly with Car Access,CAR_AGE_HOUSEHOLDER,0.96
Municipality,MA,Hampshire,Williamsburg,2022,5-Year-Estimates,Demographics,Percent Grandparents Who Are Primary Caregiver,GRAND_CAREGIVER,0
Municipality,MA,Hampshire,Williamsburg,2022,5-Year-Estimates,Demographics,Percent of Elderly Below Poverty Line,ELDERLY_POV,0.06
Municipality,MA,Hampshire,Williamsburg,2022,5-Year-Estimates,Demographics,Percent of Elderly who Live Alone,ELDERLY_LIVEALONE,0.24
Municipality,MA,Hampshire,Williamsburg,2022,5-Year-Estimates,Demographics,Percent of Population Who are Not White,MINORITY_PERCENT,0.03
Municipality,MA,Hampshire,Williamsburg,2022,5-Year-Estimates,Demographics,Population 5+,CEN_POP_O4,"2,658.00"
Municipality,MA,Hampshire,Williamsburg,2022,5-Year-Estimates,Demographics,Population 25+,CEN_POP_O24,"2,179.00"
Municipality,MA,Hampshire,Williamsburg,2022,5-Year-Estimates,Demographics,Population 65+,CEN_POP_O64,623
Municipality,MA,Hampshire,Williamsburg,2022,5-Year-Estimates,Demographics,Population Living in Rural Areas,CEN_RURALPOP,0
Municipality,MA,Hampshire,Williamsburg,2022,5-Year-Estimates,Demographics,Population living in the same county as five years ago,CEN_SAMECOUNTY,0
Municipality,MA,Hampshire,Williamsburg,2022,5-Year-Estimates,Demographics,Population living in the same house as five years ago,CEN_SAMEHOUSE,0
Municipality,MA,Hampshire,Williamsburg,2022,5-Year-Estimates,Demographics,Population Living in Urban Areas,CEN_URBANPOP,0
Municipality,MA,Hampshire,Williamsburg,2022,5-Year-Estimates,Demographics,Population Under 18,CEN_POP_U18,481
Municipality,MA,Hampshire,Williamsburg,2022,5-Year-Estimates,Demographics,Population-Foreign Born,CEN_FORBORN,107
Municipality,MA,Hampshire,Williamsburg,2022,5-Year-Estimates,Demographics,Single Parent Families,CEN_SINGPAR_CHILD,0
Municipality,MA,Hampshire,Williamsburg,2022,5-Year-Estimates,Demographics,Speak an Asian Language at Home,CEN_ASIANLANG,0
Municipality,MA,Hampshire,Williamsburg,2022,5-Year-Estimates,Demographics,Speak Only English at Home,CEN_ENGLISH,"2,446.00"
Municipality,MA,Hampshire,Williamsburg,2022,5-Year-Estimates,Demographics,Speak Other Language at Home,CEN_OTHLANG,0
Municipality,MA,Hampshire,Williamsburg,2022,5-Year-Estimates,Demographics,Speak Spanish at Home,CEN_SPANISH,32
Municipality,MA,Hampshire,Williamsburg,2022,5-Year-Estimates,Demographics,"Two or More Races, Not Hispanic or Latino",CEN_TWO_MORE_NOT_HISP,43
Municipality,MA,Hampshire,Williamsburg,2022,5-Year-Estimates,Economic,"% Households with Income between $10,000 to $14,999",CEN_PERC_HHINC_10000-14999,0.02
Municipality,MA,Hampshire,Williamsburg,2022,5-Year-Estimates,Economic,"% Households with Income between $15,000 to $24,999",CEN_PERC_HHINC_15000-24999,0.05
Municipality,MA,Hampshire,Williamsburg,2022,5-Year-Estimates,Economic,"%  Households with Income between $25,000 to $34,999",CEN_PERC_HHINC_25000-34999,0.03
Municipality,MA,Hampshire,Williamsburg,2022,5-Year-Estimates,Economic,"%  Households with Income between $35,000 to $49,999",CEN_PERC_HHINC_35000-49999,0.09
Municipality,MA,Hampshire,Williamsburg,2022,5-Year-Estimates,Economic,"% of  Households with Income between $50,000 to $74,999",CEN_PERC_HHINC_50000-74999,0.11
Municipality,MA,Hampshire,Williamsburg,2022,5-Year-Estimates,Economic,"% of  Households with Income between $75,000 to $99,999",CEN_PERC_HHINC_75000-99999,0.15
Municipality,MA,Hampshire,Williamsburg,2022,5-Year-Estimates,Economic,"% of  Households with Income between $100,000 to $149,999",CEN_PERC_HHINC_100000-149999,0.29
Municipality,MA,Hampshire,Williamsburg,2022,5-Year-Estimates,Economic,"%  of Households with Income between $150,000 to $199,999",CEN_PERC_HHINC_150000-199999,0.15
Municipality,MA,Hampshire,Williamsburg,2022,5-Year-Estimates,Economic,"% of  Households with Income between $200,000 or more",CEN_PERC_HHINC_200000_PLUS,0.11
Municipality,MA,Hampshire,Williamsburg,2022,5-Year-Estimates,Economic,"% of Households with Income Less than $10,000",CEN_PERC_HHINC_0-9999,0.01
Municipality,MA,Hampshire,Williamsburg,2022,5-Year-Estimates,Economic,Child Poverty Rate,CEN_CHILD_POV,0.03
Municipality,MA,Hampshire,Williamsburg,2022,5-Year-Estimates,Economic,Employment by sex - Female Total,EMP_FEMALE,"1,902.00"
Municipality,MA,Hampshire,Williamsburg,2022,5-Year-Estimates,Economic,Employment by sex - Male Total,EMP_MALE,"1,550.00"
Municipality,MA,Hampshire,Williamsburg,2022,5-Year-Estimates,Economic,Employment by sex and below the poverty line - Total,UNEMP_TOT_POV,0
Municipality,MA,Hampshire,Williamsburg,2022,5-Year-Estimates,Economic,Employment by sex and below the poverty line - Total Percentage,UNEMP_TOT_POV_PERC,0
Municipality,MA,Hampshire,Williamsburg,2022,5-Year-Estimates,Economic,Employment by sex and in poverty - Female,EMP_FEMALE_POV,120
Municipality,MA,Hampshire,Williamsburg,2022,5-Year-Estimates,Economic,Employment by sex and in poverty - Male,EMP_MALE_POV,20
Municipality,MA,Hampshire,Williamsburg,2022,5-Year-Estimates,Economic,Employment by sex and in poverty - Total,EMP_TOT_POV,140
Municipality,MA,Hampshire,Williamsburg,2022,5-Year-Estimates,Economic,Employment by sex and in poverty - Total Percentage,EMP_TOT_POV_PERC,0.08
Municipality,MA,Hampshire,Williamsburg,2022,5-Year-Estimates,Economic,Family Economic Self Sufficiency,CEN_FAMECON_SELF,0
Municipality,MA,Hampshire,Williamsburg,2022,5-Year-Estimates,Economic,Gini Coefficient (Income Inequality),CEN_INCOME_INEQ,0.41
Municipality,MA,Hampshire,Williamsburg,2022,5-Year-Estimates,Economic,"Households with Income between $10,000 to $14,999",CEN_HHINC_10000-14999,18
Municipality,MA,Hampshire,Williamsburg,2022,5-Year-Estimates,Economic,"Households with Income between $15,000 to $24,999",CEN_HHINC_15000-24999,65
Municipality,MA,Hampshire,Williamsburg,2022,5-Year-Estimates,Economic,"Households with Income between $25,000 to $34,999",CEN_HHINC_25000-34999,37
Municipality,MA,Hampshire,Williamsburg,2022,5-Year-Estimates,Economic,"Households with Income between $35,000 to $49,999",CEN_HHINC_35000-49999,101
Municipality,MA,Hampshire,Williamsburg,2022,5-Year-Estimates,Economic,"Households with Income between $50,000 to $74,999",CEN_HHINC_50000-74999,126
Municipality,MA,Hampshire,Williamsburg,2022,5-Year-Estimates,Economic,"Households with Income between $75,000 to $99,999",CEN_HHINC_75000-99999,183
Municipality,MA,Hampshire,Williamsburg,2022,5-Year-Estimates,Economic,"Households with Income between $100,000 to $149,999",CEN_HHINC_100000-149999,341
Municipality,MA,Hampshire,Williamsburg,2022,5-Year-Estimates,Economic,"Households with Income between $150,000 to $199,999",CEN_HHINC_150000-199999,179
Municipality,MA,Hampshire,Williamsburg,2022,5-Year-Estimates,Economic,"Households with Income between $200,000 or more",CEN_HHINC_200000_PLUS,131
Municipality,MA,Hampshire,Williamsburg,2022,5-Year-Estimates,Economic,"Households with Income Less than $10,000",CEN_HHINC_0-9999,14
Municipality,MA,Hampshire,Williamsburg,2022,5-Year-Estimates,Economic,Households with Retirement Income,CEN_RETINC,341
Municipality,MA,Hampshire,Williamsburg,2022,5-Year-Estimates,Economic,Households with Social Security Income,CEN_SOCSECINC,393
Municipality,MA,Hampshire,Williamsburg,2022,5-Year-Estimates,Economic,Income Under 200% of Poverty Line,CENPOV200,0.15
Municipality,MA,Hampshire,Williamsburg,2022,5-Year-Estimates,Economic,Median Family Income,CEN_MEDFAMINC,"112,000.00"
Municipality,MA,Hampshire,Williamsburg,2022,5-Year-Estimates,Economic,Median Household Income,CEN_MEDHHINC,"108,250.00"
Municipality,MA,Hampshire,Williamsburg,2022,5-Year-Estimates,Economic,Per Capita Income,CEN_PERCAPINC,"55,388.00"
Municipality,MA,Hampshire,Williamsburg,2022,5-Year-Estimates,Economic,Percent of Employed Population in Poverty - Female,EMP_FEMALE_POV_PERC,0.13
Municipality,MA,Hampshire,Williamsburg,2022,5-Year-Estimates,Economic,Percent of Employed Population in Poverty - Male,EMP_MALE_POV_PERC,0.03
Municipality,MA,Hampshire,Williamsburg,2022,5-Year-Estimates,Economic,Percent of Families in Poverty,CEN_FAM_POV,0.03
Municipality,MA,Hampshire,Williamsburg,2022,5-Year-Estimates,Economic,Percent of Unemployed Population in Poverty - Female,UNEMP_FEMALE_POV_PERC,0
Municipality,MA,Hampshire,Williamsburg,2022,5-Year-Estimates,Economic,Percent of Unemployed Population in Poverty - Male,UNEMP_MALE_POV_PERC,0
Municipality,MA,Hampshire,Williamsburg,2022,5-Year-Estimates,Economic,Population Living below Poverty,CEN_POOR,70
Municipality,MA,Hampshire,Williamsburg,2022,5-Year-Estimates,Economic,Poverty Rate,CEN_POVRATE,0.04
Municipality,MA,Hampshire,Williamsburg,2022,5-Year-Estimates,Economic,Poverty Rate of Foreign Born,CEN_POV_FOR_BORN,0
Municipality,MA,Hampshire,Williamsburg,2022,5-Year-Estimates,Economic,Poverty Rate of Foreign Born Naturalized Citizens,CEN_POV_FOR_BORN_NAT,0
Municipality,MA,Hampshire,Williamsburg,2022,5-Year-Estimates,Economic,Poverty Rate of Foreign Born Non-Citizens,CEN_POV_FOR_BORN_NON_CIT,0
Municipality,MA,Hampshire,Williamsburg,2022,5-Year-Estimates,Economic,Poverty Status Determined Population,CEN_POVTOTALPOP,"2,745.00"
Municipality,MA,Hampshire,Williamsburg,2022,5-Year-Estimates,Economic,Self Employment Income-Household,CEN_SELFEMPINC,455
Municipality,MA,Hampshire,Williamsburg,2022,5-Year-Estimates,Economic,Total population counted for unemployment by sex - Female,UNEMP_FEMALE,18
Municipality,MA,Hampshire,Williamsburg,2022,5-Year-Estimates,Economic,Total population counted for unemployment by sex - Male,UNEMP_MALE,62
Municipality,MA,Hampshire,Williamsburg,2022,5-Year-Estimates,Economic,Unemployment by sex and below the poverty line - Female,UNEMP_FEMALE_POV,0
Municipality,MA,Hampshire,Williamsburg,2022,5-Year-Estimates,Economic,Unemployment by sex and below the poverty line - Male,UNEMP_MALE_POV,0
Municipality,MA,Hampshire,Worthington,2022,5-Year-Estimates,Demographics,Population Total,CEN_POP,971
Municipality,MA,Hampshire,Worthington,2022,5-Year-Estimates,Demographics,White Population,CEN_WHITE,943
Municipality,MA,Hampshire,Worthington,2022,5-Year-Estimates,Demographics,Hispanic or Latino Population (of any race),CEN_HISPANIC,10
Municipality,MA,Hampshire,Worthington,2022,5-Year-Estimates,Demographics,Black Population,CEN_BLACK,0
Municipality,MA,Hampshire,Worthington,2022,5-Year-Estimates,Demographics,Other Races Population,CEN_OTHRACE,5
Municipality,MA,Hampshire,Worthington,2022,5-Year-Estimates,Demographics,Asian Population,CEN_ASIAN,0
Municipality,MA,Hampshire,Worthington,2022,5-Year-Estimates,Demographics,Age-3 to 4 Years Old,3_4_YEARS,13
Municipality,MA,Hampshire,Worthington,2022,5-Year-Estimates,Demographics,Age-5 Years Old,5_YEARS,8
Municipality,MA,Hampshire,Worthington,2022,5-Year-Estimates,Demographics,Age-6 to 8 Years Old,6_8_YEARS,23
Municipality,MA,Hampshire,Worthington,2022,5-Year-Estimates,Demographics,Age-9 to 11 Years Old,9_11_YEARS,22
Municipality,MA,Hampshire,Worthington,2022,5-Year-Estimates,Demographics,Age-12 to 14 Years Old,12_14_YEARS,17
Municipality,MA,Hampshire,Worthington,2022,5-Year-Estimates,Demographics,Age-15 to 17 Years Old,15_17_YEARS,11
Municipality,MA,Hampshire,Worthington,2022,5-Year-Estimates,Demographics,Age-18 to 19 Years Old,18_19_YEARS,3
Municipality,MA,Hampshire,Worthington,2022,5-Year-Estimates,Demographics,Age-20 to 24 Years Old,20_24_YEARS,23
Municipality,MA,Hampshire,Worthington,2022,5-Year-Estimates,Demographics,Age-25 to 29 Years Old,25_29_YEARS,7
Municipality,MA,Hampshire,Worthington,2022,5-Year-Estimates,Demographics,Age-30 to 34 Years Old,30_34_YEARS,57
Municipality,MA,Hampshire,Worthington,2022,5-Year-Estimates,Demographics,Age-35 to 39 Years Old,35_39_YEARS,55
Municipality,MA,Hampshire,Worthington,2022,5-Year-Estimates,Demographics,Age-40 to 44 Years Old,40_44_YEARS,15
Municipality,MA,Hampshire,Worthington,2022,5-Year-Estimates,Demographics,Age-45 to 49 Years Old,45_49_YEARS,35
Municipality,MA,Hampshire,Worthington,2022,5-Year-Estimates,Demographics,Age-50 to 54 Years Old,50_54_YEARS,45
Municipality,MA,Hampshire,Worthington,2022,5-Year-Estimates,Demographics,Age-55 to 59 Years Old,55_59_YEARS,107
Municipality,MA,Hampshire,Worthington,2022,5-Year-Estimates,Demographics,Age-60 to 64 Years Old,60_64_YEARS,160
Municipality,MA,Hampshire,Worthington,2022,5-Year-Estimates,Demographics,Age-65 to 69 Years Old,65_69_YEARS,165
Municipality,MA,Hampshire,Worthington,2022,5-Year-Estimates,Demographics,Age-70 to 74 Years Old,70_74_YEARS,108
Municipality,MA,Hampshire,Worthington,2022,5-Year-Estimates,Demographics,Age-75 to 79 Years Old,75_79_YEARS,26
Municipality,MA,Hampshire,Worthington,2022,5-Year-Estimates,Demographics,Age-80 to 84 Years Old,80_84_YEARS,23
Municipality,MA,Hampshire,Worthington,2022,5-Year-Estimates,Demographics,Age-85 & older,85+_YEARS,17
Municipality,MA,Hampshire,Worthington,2022,5-Year-Estimates,Demographics,Age-Under 3 Years Old,UNDER_3_YEARS,31
Municipality,MA,Hampshire,Worthington,2022,5-Year-Estimates,Demographics,Households-Married Couples,CEN_MARRHOU,296
Municipality,MA,Hampshire,Worthington,2022,5-Year-Estimates,Demographics,Households-Single Parent,CEN_SINGPARHOU,4
Municipality,MA,Hampshire,Worthington,2022,5-Year-Estimates,Demographics,Households-Total,CEN_HOUSEHOLDS,474
Municipality,MA,Hampshire,Worthington,2022,5-Year-Estimates,Demographics,Net Domestic Migration,CEN_NET_DOM_MIGR,0
Municipality,MA,Hampshire,Worthington,2022,5-Year-Estimates,Demographics,Percent Elderly with Car Access,CAR_AGE_HOUSEHOLDER,0.96
Municipality,MA,Hampshire,Worthington,2022,5-Year-Estimates,Demographics,Percent Grandparents Who Are Primary Caregiver,GRAND_CAREGIVER,0.67
Municipality,MA,Hampshire,Worthington,2022,5-Year-Estimates,Demographics,Percent of Elderly Below Poverty Line,ELDERLY_POV,0.01
Municipality,MA,Hampshire,Worthington,2022,5-Year-Estimates,Demographics,Percent of Elderly who Live Alone,ELDERLY_LIVEALONE,0.16
Municipality,MA,Hampshire,Worthington,2022,5-Year-Estimates,Demographics,Percent of Population Who are Not White,MINORITY_PERCENT,0.03
Municipality,MA,Hampshire,Worthington,2022,5-Year-Estimates,Demographics,Population 5+,CEN_POP_O4,927
Municipality,MA,Hampshire,Worthington,2022,5-Year-Estimates,Demographics,Population 25+,CEN_POP_O24,820
Municipality,MA,Hampshire,Worthington,2022,5-Year-Estimates,Demographics,Population 65+,CEN_POP_O64,339
Municipality,MA,Hampshire,Worthington,2022,5-Year-Estimates,Demographics,Population Living in Rural Areas,CEN_RURALPOP,0
Municipality,MA,Hampshire,Worthington,2022,5-Year-Estimates,Demographics,Population living in the same county as five years ago,CEN_SAMECOUNTY,0
Municipality,MA,Hampshire,Worthington,2022,5-Year-Estimates,Demographics,Population living in the same house as five years ago,CEN_SAMEHOUSE,0
Municipality,MA,Hampshire,Worthington,2022,5-Year-Estimates,Demographics,Population Living in Urban Areas,CEN_URBANPOP,0
Municipality,MA,Hampshire,Worthington,2022,5-Year-Estimates,Demographics,Population Under 18,CEN_POP_U18,125
Municipality,MA,Hampshire,Worthington,2022,5-Year-Estimates,Demographics,Population-Foreign Born,CEN_FORBORN,30
Municipality,MA,Hampshire,Worthington,2022,5-Year-Estimates,Demographics,Single Parent Families,CEN_SINGPAR_CHILD,0
Municipality,MA,Hampshire,Worthington,2022,5-Year-Estimates,Demographics,Speak an Asian Language at Home,CEN_ASIANLANG,4
Municipality,MA,Hampshire,Worthington,2022,5-Year-Estimates,Demographics,Speak Only English at Home,CEN_ENGLISH,905
Municipality,MA,Hampshire,Worthington,2022,5-Year-Estimates,Demographics,Speak Other Language at Home,CEN_OTHLANG,4
Municipality,MA,Hampshire,Worthington,2022,5-Year-Estimates,Demographics,Speak Spanish at Home,CEN_SPANISH,0
Municipality,MA,Hampshire,Worthington,2022,5-Year-Estimates,Demographics,"Two or More Races, Not Hispanic or Latino",CEN_TWO_MORE_NOT_HISP,23
Municipality,MA,Hampshire,Worthington,2022,5-Year-Estimates,Economic,"% Households with Income between $10,000 to $14,999",CEN_PERC_HHINC_10000-14999,0.03
Municipality,MA,Hampshire,Worthington,2022,5-Year-Estimates,Economic,"% Households with Income between $15,000 to $24,999",CEN_PERC_HHINC_15000-24999,0.05
Municipality,MA,Hampshire,Worthington,2022,5-Year-Estimates,Economic,"%  Households with Income between $25,000 to $34,999",CEN_PERC_HHINC_25000-34999,0.02
Municipality,MA,Hampshire,Worthington,2022,5-Year-Estimates,Economic,"%  Households with Income between $35,000 to $49,999",CEN_PERC_HHINC_35000-49999,0.08
Municipality,MA,Hampshire,Worthington,2022,5-Year-Estimates,Economic,"% of  Households with Income between $50,000 to $74,999",CEN_PERC_HHINC_50000-74999,0.16
Municipality,MA,Hampshire,Worthington,2022,5-Year-Estimates,Economic,"% of  Households with Income between $75,000 to $99,999",CEN_PERC_HHINC_75000-99999,0.24
Municipality,MA,Hampshire,Worthington,2022,5-Year-Estimates,Economic,"% of  Households with Income between $100,000 to $149,999",CEN_PERC_HHINC_100000-149999,0.17
Municipality,MA,Hampshire,Worthington,2022,5-Year-Estimates,Economic,"%  of Households with Income between $150,000 to $199,999",CEN_PERC_HHINC_150000-199999,0.13
Municipality,MA,Hampshire,Worthington,2022,5-Year-Estimates,Economic,"% of  Households with Income between $200,000 or more",CEN_PERC_HHINC_200000_PLUS,0.08
Municipality,MA,Hampshire,Worthington,2022,5-Year-Estimates,Economic,"% of Households with Income Less than $10,000",CEN_PERC_HHINC_0-9999,0.03
Municipality,MA,Hampshire,Worthington,2022,5-Year-Estimates,Economic,Child Poverty Rate,CEN_CHILD_POV,0
Municipality,MA,Hampshire,Worthington,2022,5-Year-Estimates,Economic,Family Economic Self Sufficiency,CEN_FAMECON_SELF,0
Municipality,MA,Hampshire,Worthington,2022,5-Year-Estimates,Economic,Gini Coefficient (Income Inequality),CEN_INCOME_INEQ,0.37
Municipality,MA,Hampshire,Worthington,2022,5-Year-Estimates,Economic,"Households with Income between $10,000 to $14,999",CEN_HHINC_10000-14999,13
Municipality,MA,Hampshire,Worthington,2022,5-Year-Estimates,Economic,"Households with Income between $15,000 to $24,999",CEN_HHINC_15000-24999,25
Municipality,MA,Hampshire,Worthington,2022,5-Year-Estimates,Economic,"Households with Income between $25,000 to $34,999",CEN_HHINC_25000-34999,10
Municipality,MA,Hampshire,Worthington,2022,5-Year-Estimates,Economic,"Households with Income between $35,000 to $49,999",CEN_HHINC_35000-49999,39
Municipality,MA,Hampshire,Worthington,2022,5-Year-Estimates,Economic,"Households with Income between $50,000 to $74,999",CEN_HHINC_50000-74999,76
Municipality,MA,Hampshire,Worthington,2022,5-Year-Estimates,Economic,"Households with Income between $75,000 to $99,999",CEN_HHINC_75000-99999,115
Municipality,MA,Hampshire,Worthington,2022,5-Year-Estimates,Economic,"Households with Income between $100,000 to $149,999",CEN_HHINC_100000-149999,82
Municipality,MA,Hampshire,Worthington,2022,5-Year-Estimates,Economic,"Households with Income between $150,000 to $199,999",CEN_HHINC_150000-199999,63
Municipality,MA,Hampshire,Worthington,2022,5-Year-Estimates,Economic,"Households with Income between $200,000 or more",CEN_HHINC_200000_PLUS,39
Municipality,MA,Hampshire,Worthington,2022,5-Year-Estimates,Economic,"Households with Income Less than $10,000",CEN_HHINC_0-9999,12
Municipality,MA,Hampshire,Worthington,2022,5-Year-Estimates,Economic,Households with Retirement Income,CEN_RETINC,157
Municipality,MA,Hampshire,Worthington,2022,5-Year-Estimates,Economic,Households with Social Security Income,CEN_SOCSECINC,222
Municipality,MA,Hampshire,Worthington,2022,5-Year-Estimates,Economic,Income Under 200% of Poverty Line,CENPOV200,0.15
Municipality,MA,Hampshire,Worthington,2022,5-Year-Estimates,Economic,Median Family Income,CEN_MEDFAMINC,"97,037.00"
Municipality,MA,Hampshire,Worthington,2022,5-Year-Estimates,Economic,Median Household Income,CEN_MEDHHINC,"91,250.00"
Municipality,MA,Hampshire,Worthington,2022,5-Year-Estimates,Economic,Per Capita Income,CEN_PERCAPINC,"52,471.00"
Municipality,MA,Hampshire,Worthington,2022,5-Year-Estimates,Economic,Percent of Families in Poverty,CEN_FAM_POV,0
Municipality,MA,Hampshire,Worthington,2022,5-Year-Estimates,Economic,Population Living below Poverty,CEN_POOR,11
Municipality,MA,Hampshire,Worthington,2022,5-Year-Estimates,Economic,Poverty Rate,CEN_POVRATE,0.02
Municipality,MA,Hampshire,Worthington,2022,5-Year-Estimates,Economic,Poverty Rate of Foreign Born,CEN_POV_FOR_BORN,0
Municipality,MA,Hampshire,Worthington,2022,5-Year-Estimates,Economic,Poverty Rate of Foreign Born Naturalized Citizens,CEN_POV_FOR_BORN_NAT,0
Municipality,MA,Hampshire,Worthington,2022,5-Year-Estimates,Economic,Poverty Rate of Foreign Born Non-Citizens,CEN_POV_FOR_BORN_NON_CIT,0
Municipality,MA,Hampshire,Worthington,2022,5-Year-Estimates,Economic,Poverty Status Determined Population,CEN_POVTOTALPOP,965
Municipality,MA,Hampshire,Worthington,2022,5-Year-Estimates,Economic,Self Employment Income-Household,CEN_SELFEMPINC,147
Region,MA,,Pioneer Valley,2022,5-Year-Estimates,Demographics,Population Total,CEN_POP,"689,486.00"
Region,MA,,Pioneer Valley,2022,5-Year-Estimates,Demographics,White Population,CEN_WHITE,"524,385.00"
Region,MA,,Pioneer Valley,2022,5-Year-Estimates,Demographics,Hispanic or Latino Population (of any race),CEN_HISPANIC,"137,347.00"
Region,MA,,Pioneer Valley,2022,5-Year-Estimates,Demographics,Black Population,CEN_BLACK,"45,285.00"
Region,MA,,Pioneer Valley,2022,5-Year-Estimates,Demographics,Other Races Population,CEN_OTHRACE,"33,616.00"
Region,MA,,Pioneer Valley,2022,5-Year-Estimates,Demographics,Asian Population,CEN_ASIAN,"20,938.00"
Region,MA,,Pioneer Valley,2022,5-Year-Estimates,Demographics,Age-3 to 4 Years Old,3_4_YEARS,"12,818.00"
Region,MA,,Pioneer Valley,2022,5-Year-Estimates,Demographics,Age-5 Years Old,5_YEARS,"6,578.00"
Region,MA,,Pioneer Valley,2022,5-Year-Estimates,Demographics,Age-6 to 8 Years Old,6_8_YEARS,"23,072.00"
Region,MA,,Pioneer Valley,2022,5-Year-Estimates,Demographics,Age-9 to 11 Years Old,9_11_YEARS,"21,889.00"
Region,MA,,Pioneer Valley,2022,5-Year-Estimates,Demographics,Age-12 to 14 Years Old,12_14_YEARS,"24,231.00"
Region,MA,,Pioneer Valley,2022,5-Year-Estimates,Demographics,Age-15 to 17 Years Old,15_17_YEARS,"24,831.00"
Region,MA,,Pioneer Valley,2022,5-Year-Estimates,Demographics,Age-18 to 19 Years Old,18_19_YEARS,"27,118.00"
Region,MA,,Pioneer Valley,2022,5-Year-Estimates,Demographics,Age-20 to 24 Years Old,20_24_YEARS,"56,334.00"
Region,MA,,Pioneer Valley,2022,5-Year-Estimates,Demographics,Age-25 to 29 Years Old,25_29_YEARS,"43,125.00"
Region,MA,,Pioneer Valley,2022,5-Year-Estimates,Demographics,Age-30 to 34 Years Old,30_34_YEARS,"42,696.00"
Region,MA,,Pioneer Valley,2022,5-Year-Estimates,Demographics,Age-35 to 39 Years Old,35_39_YEARS,"40,115.00"
Region,MA,,Pioneer Valley,2022,5-Year-Estimates,Demographics,Age-40 to 44 Years Old,40_44_YEARS,"40,143.00"
Region,MA,,Pioneer Valley,2022,5-Year-Estimates,Demographics,Age-45 to 49 Years Old,45_49_YEARS,"39,455.00"
Region,MA,,Pioneer Valley,2022,5-Year-Estimates,Demographics,Age-50 to 54 Years Old,50_54_YEARS,"43,898.00"
Region,MA,,Pioneer Valley,2022,5-Year-Estimates,Demographics,Age-55 to 59 Years Old,55_59_YEARS,"47,334.00"
Region,MA,,Pioneer Valley,2022,5-Year-Estimates,Demographics,Age-60 to 64 Years Old,60_64_YEARS,"48,870.00"
Region,MA,,Pioneer Valley,2022,5-Year-Estimates,Demographics,Age-65 to 69 Years Old,65_69_YEARS,"42,846.00"
Region,MA,,Pioneer Valley,2022,5-Year-Estimates,Demographics,Age-70 to 74 Years Old,70_74_YEARS,"33,096.00"
Region,MA,,Pioneer Valley,2022,5-Year-Estimates,Demographics,Age-75 to 79 Years Old,75_79_YEARS,"21,450.00"
Region,MA,,Pioneer Valley,2022,5-Year-Estimates,Demographics,Age-80 to 84 Years Old,80_84_YEARS,"12,562.00"
Region,MA,,Pioneer Valley,2022,5-Year-Estimates,Demographics,Age-85 & older,85+_YEARS,"16,682.00"
Region,MA,,Pioneer Valley,2022,5-Year-Estimates,Demographics,Age-Under 3 Years Old,UNDER_3_YEARS,"19,601.00"
Region,MA,,Pioneer Valley,2022,5-Year-Estimates,Demographics,Communities with High Poverty & Minority Segregation,MINORITY_POV_CONC,0
Region,MA,,Pioneer Valley,2022,5-Year-Estimates,Demographics,Households-Married Couples,CEN_MARRHOU,"115,923.00"
Region,MA,,Pioneer Valley,2022,5-Year-Estimates,Demographics,Households-Single Parent,CEN_SINGPARHOU,"24,844.00"
Region,MA,,Pioneer Valley,2022,5-Year-Estimates,Demographics,Households-Total,CEN_HOUSEHOLDS,"276,028.00"
Region,MA,,Pioneer Valley,2022,5-Year-Estimates,Demographics,Net Domestic Migration,CEN_NET_DOM_MIGR,0
Region,MA,,Pioneer Valley,2022,5-Year-Estimates,Demographics,Percent Elderly with Car Access,CAR_AGE_HOUSEHOLDER,0.85
Region,MA,,Pioneer Valley,2022,5-Year-Estimates,Demographics,Percent Grandparents Who Are Primary Caregiver,GRAND_CAREGIVER,0.46
Region,MA,,Pioneer Valley,2022,5-Year-Estimates,Demographics,Percent of Elderly Below Poverty Line,ELDERLY_POV,0.1
Region,MA,,Pioneer Valley,2022,5-Year-Estimates,Demographics,Percent of Elderly who Live Alone,ELDERLY_LIVEALONE,0.31
Region,MA,,Pioneer Valley,2022,5-Year-Estimates,Demographics,Percent of Population Who are Not White,MINORITY_PERCENT,0.24
Region,MA,,Pioneer Valley,2022,5-Year-Estimates,Demographics,Population 5+,CEN_POP_O4,"656,325.00"
Region,MA,,Pioneer Valley,2022,5-Year-Estimates,Demographics,Population 25+,CEN_POP_O24,"472,272.00"
Region,MA,,Pioneer Valley,2022,5-Year-Estimates,Demographics,Population 65+,CEN_POP_O64,"126,636.00"
Region,MA,,Pioneer Valley,2022,5-Year-Estimates,Demographics,Population Living in Rural Areas,CEN_RURALPOP,0
Region,MA,,Pioneer Valley,2022,5-Year-Estimates,Demographics,Population living in the same county as five years ago,CEN_SAMECOUNTY,0
Region,MA,,Pioneer Valley,2022,5-Year-Estimates,Demographics,Population living in the same house as five years ago,CEN_SAMEHOUSE,0
Region,MA,,Pioneer Valley,2022,5-Year-Estimates,Demographics,Population Living in Urban Areas,CEN_URBANPOP,0
Region,MA,,Pioneer Valley,2022,5-Year-Estimates,Demographics,Population Under 18,CEN_POP_U18,"133,020.00"
Region,MA,,Pioneer Valley,2022,5-Year-Estimates,Demographics,Population-Foreign Born,CEN_FORBORN,"60,207.00"
Region,MA,,Pioneer Valley,2022,5-Year-Estimates,Demographics,Single Parent Families,CEN_SINGPAR_CHILD,0
Region,MA,,Pioneer Valley,2022,5-Year-Estimates,Demographics,Speak an Asian Language at Home,CEN_ASIANLANG,"12,127.00"
Region,MA,,Pioneer Valley,2022,5-Year-Estimates,Demographics,Speak Only English at Home,CEN_ENGLISH,"518,152.00"
Region,MA,,Pioneer Valley,2022,5-Year-Estimates,Demographics,Speak Other Language at Home,CEN_OTHLANG,"5,686.00"
Region,MA,,Pioneer Valley,2022,5-Year-Estimates,Demographics,Speak Spanish at Home,CEN_SPANISH,"89,259.00"
Region,MA,,Pioneer Valley,2022,5-Year-Estimates,Demographics,"Two or More Races, Not Hispanic or Latino",CEN_TWO_MORE_NOT_HISP,"63,833.00"
Region,MA,,Pioneer Valley,2022,5-Year-Estimates,Economic,"% Households with Income between $10,000 to $14,999",CEN_PERC_HHINC_10000-14999,0.06
Region,MA,,Pioneer Valley,2022,5-Year-Estimates,Economic,"% Households with Income between $15,000 to $24,999",CEN_PERC_HHINC_15000-24999,0.08
Region,MA,,Pioneer Valley,2022,5-Year-Estimates,Economic,"%  Households with Income between $25,000 to $34,999",CEN_PERC_HHINC_25000-34999,0.08
Region,MA,,Pioneer Valley,2022,5-Year-Estimates,Economic,"%  Households with Income between $35,000 to $49,999",CEN_PERC_HHINC_35000-49999,0.1
Region,MA,,Pioneer Valley,2022,5-Year-Estimates,Economic,"% of  Households with Income between $50,000 to $74,999",CEN_PERC_HHINC_50000-74999,0.16
Region,MA,,Pioneer Valley,2022,5-Year-Estimates,Economic,"% of  Households with Income between $75,000 to $99,999",CEN_PERC_HHINC_75000-99999,0.12
Region,MA,,Pioneer Valley,2022,5-Year-Estimates,Economic,"% of  Households with Income between $100,000 to $149,999",CEN_PERC_HHINC_100000-149999,0.17
Region,MA,,Pioneer Valley,2022,5-Year-Estimates,Economic,"%  of Households with Income between $150,000 to $199,999",CEN_PERC_HHINC_150000-199999,0.08
Region,MA,,Pioneer Valley,2022,5-Year-Estimates,Economic,"% of  Households with Income between $200,000 or more",CEN_PERC_HHINC_200000_PLUS,0.09
Region,MA,,Pioneer Valley,2022,5-Year-Estimates,Economic,"% of Households with Income Less than $10,000",CEN_PERC_HHINC_0-9999,0.05
Region,MA,,Pioneer Valley,2022,5-Year-Estimates,Economic,Employment by sex - Female Total,EMP_FEMALE,"313,496.00"
Region,MA,,Pioneer Valley,2022,5-Year-Estimates,Economic,Employment by sex - Male Total,EMP_MALE,"324,654.00"
Region,MA,,Pioneer Valley,2022,5-Year-Estimates,Economic,Employment by sex and below the poverty line - Total,UNEMP_TOT_POV,"11,296.00"
Region,MA,,Pioneer Valley,2022,5-Year-Estimates,Economic,Employment by sex and below the poverty line - Total Percentage,UNEMP_TOT_POV_PERC,0.58
Region,MA,,Pioneer Valley,2022,5-Year-Estimates,Economic,Employment by sex and in poverty - Female,EMP_FEMALE_POV,"19,840.00"
Region,MA,,Pioneer Valley,2022,5-Year-Estimates,Economic,Employment by sex and in poverty - Male,EMP_MALE_POV,"15,230.00"
Region,MA,,Pioneer Valley,2022,5-Year-Estimates,Economic,Employment by sex and in poverty - Total,EMP_TOT_POV,"35,070.00"
Region,MA,,Pioneer Valley,2022,5-Year-Estimates,Economic,Family Economic Self Sufficiency,CEN_FAMECON_SELF,0
Region,MA,,Pioneer Valley,2022,5-Year-Estimates,Economic,"Households with Income between $10,000 to $14,999",CEN_HHINC_10000-14999,"15,351.00"
Region,MA,,Pioneer Valley,2022,5-Year-Estimates,Economic,"Households with Income between $15,000 to $24,999",CEN_HHINC_15000-24999,"22,064.00"
Region,MA,,Pioneer Valley,2022,5-Year-Estimates,Economic,"Households with Income between $25,000 to $34,999",CEN_HHINC_25000-34999,"21,139.00"
Region,MA,,Pioneer Valley,2022,5-Year-Estimates,Economic,"Households with Income between $35,000 to $49,999",CEN_HHINC_35000-49999,"28,909.00"
Region,MA,,Pioneer Valley,2022,5-Year-Estimates,Economic,"Households with Income between $50,000 to $74,999",CEN_HHINC_50000-74999,"42,827.00"
Region,MA,,Pioneer Valley,2022,5-Year-Estimates,Economic,"Households with Income between $75,000 to $99,999",CEN_HHINC_75000-99999,"34,054.00"
Region,MA,,Pioneer Valley,2022,5-Year-Estimates,Economic,"Households with Income between $100,000 to $149,999",CEN_HHINC_100000-149999,"47,811.00"
Region,MA,,Pioneer Valley,2022,5-Year-Estimates,Economic,"Households with Income between $150,000 to $199,999",CEN_HHINC_150000-199999,"23,353.00"
Region,MA,,Pioneer Valley,2022,5-Year-Estimates,Economic,"Households with Income between $200,000 or more",CEN_HHINC_200000_PLUS,"25,740.00"
Region,MA,,Pioneer Valley,2022,5-Year-Estimates,Economic,"Households with Income Less than $10,000",CEN_HHINC_0-9999,"14,780.00"
Region,MA,,Pioneer Valley,2022,5-Year-Estimates,Economic,Households with Retirement Income,CEN_RETINC,"66,889.00"
Region,MA,,Pioneer Valley,2022,5-Year-Estimates,Economic,Households with Social Security Income,CEN_SOCSECINC,"95,106.00"
Region,MA,,Pioneer Valley,2022,5-Year-Estimates,Economic,Median Family Income,CEN_MEDFAMINC,"283,517.00"
Region,MA,,Pioneer Valley,2022,5-Year-Estimates,Economic,Median Household Income,CEN_MEDHHINC,"221,027.00"
Region,MA,,Pioneer Valley,2022,5-Year-Estimates,Economic,Per Capita Income,CEN_PERCAPINC,"119,805.00"
Region,MA,,Pioneer Valley,2022,5-Year-Estimates,Economic,Percent of Employed Population in Poverty - Female,EMP_FEMALE_POV_PERC,0.13
Region,MA,,Pioneer Valley,2022,5-Year-Estimates,Economic,Percent of Employed Population in Poverty - Male,EMP_MALE_POV_PERC,0.09
Region,MA,,Pioneer Valley,2022,5-Year-Estimates,Economic,Percent of Unemployed Population in Poverty - Female,UNEMP_FEMALE_POV_PERC,0.68
Region,MA,,Pioneer Valley,2022,5-Year-Estimates,Economic,Percent of Unemployed Population in Poverty - Male,UNEMP_MALE_POV_PERC,0.48
Region,MA,,Pioneer Valley,2022,5-Year-Estimates,Economic,Population Living below Poverty,CEN_POOR,"23,183.00"
Region,MA,,Pioneer Valley,2022,5-Year-Estimates,Economic,Poverty Status Determined Population,CEN_POVTOTALPOP,"654,978.00"
Region,MA,,Pioneer Valley,2022,5-Year-Estimates,Economic,Self Employment Income-Household,CEN_SELFEMPINC,"28,589.00"
Region,MA,,Pioneer Valley,2022,5-Year-Estimates,Economic,Total population counted for unemployment by sex - Female,UNEMP_FEMALE,"19,412.00"
Region,MA,,Pioneer Valley,2022,5-Year-Estimates,Economic,Total population counted for unemployment by sex - Male,UNEMP_MALE,"19,542.00"
Region,MA,,Pioneer Valley,2022,5-Year-Estimates,Economic,Unemployment by sex and below the poverty line - Female,UNEMP_FEMALE_POV,"6,646.00"
Region,MA,,Pioneer Valley,2022,5-Year-Estimates,Economic,Unemployment by sex and below the poverty line - Male,UNEMP_MALE_POV,"4,650.00"
Region,MA,,PVPC Region,2022,5-Year-Estimates,Demographics,Population Total,CEN_POP,"618,506.00"
Region,MA,,PVPC Region,2022,5-Year-Estimates,Demographics,White Population,CEN_WHITE,"460,140.00"
Region,MA,,PVPC Region,2022,5-Year-Estimates,Demographics,Hispanic or Latino Population (of any race),CEN_HISPANIC,"134,084.00"
Region,MA,,PVPC Region,2022,5-Year-Estimates,Demographics,Black Population,CEN_BLACK,"44,410.00"
Region,MA,,PVPC Region,2022,5-Year-Estimates,Demographics,Other Races Population,CEN_OTHRACE,"32,389.00"
Region,MA,,PVPC Region,2022,5-Year-Estimates,Demographics,Asian Population,CEN_ASIAN,"19,601.00"
Region,MA,,PVPC Region,2022,5-Year-Estimates,Demographics,Age-3 to 4 Years Old,3_4_YEARS,"11,638.00"
Region,MA,,PVPC Region,2022,5-Year-Estimates,Demographics,Age-5 Years Old,5_YEARS,"5,943.00"
Region,MA,,PVPC Region,2022,5-Year-Estimates,Demographics,Age-6 to 8 Years Old,6_8_YEARS,"20,929.00"
Region,MA,,PVPC Region,2022,5-Year-Estimates,Demographics,Age-9 to 11 Years Old,9_11_YEARS,"19,922.00"
Region,MA,,PVPC Region,2022,5-Year-Estimates,Demographics,Age-12 to 14 Years Old,12_14_YEARS,"22,121.00"
Region,MA,,PVPC Region,2022,5-Year-Estimates,Demographics,Age-15 to 17 Years Old,15_17_YEARS,"22,579.00"
Region,MA,,PVPC Region,2022,5-Year-Estimates,Demographics,Age-18 to 19 Years Old,18_19_YEARS,"25,837.00"
Region,MA,,PVPC Region,2022,5-Year-Estimates,Demographics,Age-20 to 24 Years Old,20_24_YEARS,"52,710.00"
Region,MA,,PVPC Region,2022,5-Year-Estimates,Demographics,Age-25 to 29 Years Old,25_29_YEARS,"39,170.00"
Region,MA,,PVPC Region,2022,5-Year-Estimates,Demographics,Age-30 to 34 Years Old,30_34_YEARS,"38,320.00"
Region,MA,,PVPC Region,2022,5-Year-Estimates,Demographics,Age-35 to 39 Years Old,35_39_YEARS,"35,585.00"
Region,MA,,PVPC Region,2022,5-Year-Estimates,Demographics,Age-40 to 44 Years Old,40_44_YEARS,"35,942.00"
Region,MA,,PVPC Region,2022,5-Year-Estimates,Demographics,Age-45 to 49 Years Old,45_49_YEARS,"35,314.00"
Region,MA,,PVPC Region,2022,5-Year-Estimates,Demographics,Age-50 to 54 Years Old,50_54_YEARS,"39,124.00"
Region,MA,,PVPC Region,2022,5-Year-Estimates,Demographics,Age-55 to 59 Years Old,55_59_YEARS,"41,960.00"
Region,MA,,PVPC Region,2022,5-Year-Estimates,Demographics,Age-60 to 64 Years Old,60_64_YEARS,"42,573.00"
Region,MA,,PVPC Region,2022,5-Year-Estimates,Demographics,Age-65 to 69 Years Old,65_69_YEARS,"37,200.00"
Region,MA,,PVPC Region,2022,5-Year-Estimates,Demographics,Age-70 to 74 Years Old,70_74_YEARS,"28,265.00"
Region,MA,,PVPC Region,2022,5-Year-Estimates,Demographics,Age-75 to 79 Years Old,75_79_YEARS,"18,836.00"
Region,MA,,PVPC Region,2022,5-Year-Estimates,Demographics,Age-80 to 84 Years Old,80_84_YEARS,"11,023.00"
Region,MA,,PVPC Region,2022,5-Year-Estimates,Demographics,Age-85 & older,85+_YEARS,"14,866.00"
Region,MA,,PVPC Region,2022,5-Year-Estimates,Demographics,Age-Under 3 Years Old,UNDER_3_YEARS,"18,017.00"
Region,MA,,PVPC Region,2022,5-Year-Estimates,Demographics,Communities with High Poverty & Minority Segregation,MINORITY_POV_CONC,0
Region,MA,,PVPC Region,2022,5-Year-Estimates,Demographics,Households-Married Couples,CEN_MARRHOU,"102,465.00"
Region,MA,,PVPC Region,2022,5-Year-Estimates,Demographics,Households-Single Parent,CEN_SINGPARHOU,"22,657.00"
Region,MA,,PVPC Region,2022,5-Year-Estimates,Demographics,Households-Total,CEN_HOUSEHOLDS,"244,794.00"
Region,MA,,PVPC Region,2022,5-Year-Estimates,Demographics,Net Domestic Migration,CEN_NET_DOM_MIGR,0
Region,MA,,PVPC Region,2022,5-Year-Estimates,Demographics,Percent Elderly with Car Access,CAR_AGE_HOUSEHOLDER,0.84
Region,MA,,PVPC Region,2022,5-Year-Estimates,Demographics,Percent Grandparents Who Are Primary Caregiver,GRAND_CAREGIVER,0.46
Region,MA,,PVPC Region,2022,5-Year-Estimates,Demographics,Percent of Elderly Below Poverty Line,ELDERLY_POV,0.11
Region,MA,,PVPC Region,2022,5-Year-Estimates,Demographics,Percent of Elderly who Live Alone,ELDERLY_LIVEALONE,0.31
Region,MA,,PVPC Region,2022,5-Year-Estimates,Demographics,Percent of Population Who are Not White,MINORITY_PERCENT,0.26
Region,MA,,PVPC Region,2022,5-Year-Estimates,Demographics,Population 5+,CEN_POP_O4,"588,219.00"
Region,MA,,PVPC Region,2022,5-Year-Estimates,Demographics,Population 25+,CEN_POP_O24,"418,178.00"
Region,MA,,PVPC Region,2022,5-Year-Estimates,Demographics,Population 65+,CEN_POP_O64,"110,190.00"
Region,MA,,PVPC Region,2022,5-Year-Estimates,Demographics,Population Living in Rural Areas,CEN_RURALPOP,0
Region,MA,,PVPC Region,2022,5-Year-Estimates,Demographics,Population living in the same county as five years ago,CEN_SAMECOUNTY,0
Region,MA,,PVPC Region,2022,5-Year-Estimates,Demographics,Population living in the same house as five years ago,CEN_SAMEHOUSE,0
Region,MA,,PVPC Region,2022,5-Year-Estimates,Demographics,Population Living in Urban Areas,CEN_URBANPOP,0
Region,MA,,PVPC Region,2022,5-Year-Estimates,Demographics,Population Under 18,CEN_POP_U18,"121,149.00"
Region,MA,,PVPC Region,2022,5-Year-Estimates,Demographics,Population-Foreign Born,CEN_FORBORN,"56,665.00"
Region,MA,,PVPC Region,2022,5-Year-Estimates,Demographics,Single Parent Families,CEN_SINGPAR_CHILD,0
Region,MA,,PVPC Region,2022,5-Year-Estimates,Demographics,Speak an Asian Language at Home,CEN_ASIANLANG,"11,287.00"
Region,MA,,PVPC Region,2022,5-Year-Estimates,Demographics,Speak Only English at Home,CEN_ENGLISH,"454,402.00"
Region,MA,,PVPC Region,2022,5-Year-Estimates,Demographics,Speak Other Language at Home,CEN_OTHLANG,"5,475.00"
Region,MA,,PVPC Region,2022,5-Year-Estimates,Demographics,Speak Spanish at Home,CEN_SPANISH,"87,354.00"
Region,MA,,PVPC Region,2022,5-Year-Estimates,Demographics,"Two or More Races, Not Hispanic or Latino",CEN_TWO_MORE_NOT_HISP,"60,604.00"
Region,MA,,PVPC Region,2022,5-Year-Estimates,Economic,"% Households with Income between $10,000 to $14,999",CEN_PERC_HHINC_10000-14999,0.06
Region,MA,,PVPC Region,2022,5-Year-Estimates,Economic,"% Households with Income between $15,000 to $24,999",CEN_PERC_HHINC_15000-24999,0.08
Region,MA,,PVPC Region,2022,5-Year-Estimates,Economic,"%  Households with Income between $25,000 to $34,999",CEN_PERC_HHINC_25000-34999,0.09
Region,MA,,PVPC Region,2022,5-Year-Estimates,Economic,"%  Households with Income between $35,000 to $49,999",CEN_PERC_HHINC_35000-49999,0.11
Region,MA,,PVPC Region,2022,5-Year-Estimates,Economic,"% of  Households with Income between $50,000 to $74,999",CEN_PERC_HHINC_50000-74999,0.15
Region,MA,,PVPC Region,2022,5-Year-Estimates,Economic,"% of  Households with Income between $75,000 to $99,999",CEN_PERC_HHINC_75000-99999,0.12
Region,MA,,PVPC Region,2022,5-Year-Estimates,Economic,"% of  Households with Income between $100,000 to $149,999",CEN_PERC_HHINC_100000-149999,0.17
Region,MA,,PVPC Region,2022,5-Year-Estimates,Economic,"%  of Households with Income between $150,000 to $199,999",CEN_PERC_HHINC_150000-199999,0.09
Region,MA,,PVPC Region,2022,5-Year-Estimates,Economic,"% of  Households with Income between $200,000 or more",CEN_PERC_HHINC_200000_PLUS,0.1
Region,MA,,PVPC Region,2022,5-Year-Estimates,Economic,"% of Households with Income Less than $10,000",CEN_PERC_HHINC_0-9999,0.06
Region,MA,,PVPC Region,2022,5-Year-Estimates,Economic,Employment by sex - Female Total,EMP_FEMALE,"278,248.00"
Region,MA,,PVPC Region,2022,5-Year-Estimates,Economic,Employment by sex - Male Total,EMP_MALE,"287,870.00"
Region,MA,,PVPC Region,2022,5-Year-Estimates,Economic,Employment by sex and below the poverty line - Total,UNEMP_TOT_POV,"10,190.00"
Region,MA,,PVPC Region,2022,5-Year-Estimates,Economic,Employment by sex and below the poverty line - Total Percentage,UNEMP_TOT_POV_PERC,0.59
Region,MA,,PVPC Region,2022,5-Year-Estimates,Economic,Employment by sex and in poverty - Female,EMP_FEMALE_POV,"17,692.00"
Region,MA,,PVPC Region,2022,5-Year-Estimates,Economic,Employment by sex and in poverty - Male,EMP_MALE_POV,"13,240.00"
Region,MA,,PVPC Region,2022,5-Year-Estimates,Economic,Employment by sex and in poverty - Total,EMP_TOT_POV,"30,932.00"
Region,MA,,PVPC Region,2022,5-Year-Estimates,Economic,Employment by sex and in poverty - Total Percentage,EMP_TOT_POV_PERC,0.11
Region,MA,,PVPC Region,2022,5-Year-Estimates,Economic,Family Economic Self Sufficiency,CEN_FAMECON_SELF,0
Region,MA,,PVPC Region,2022,5-Year-Estimates,Economic,"Households with Income between $10,000 to $14,999",CEN_HHINC_10000-14999,"14,035.00"
Region,MA,,PVPC Region,2022,5-Year-Estimates,Economic,"Households with Income between $15,000 to $24,999",CEN_HHINC_15000-24999,"19,341.00"
Region,MA,,PVPC Region,2022,5-Year-Estimates,Economic,"Households with Income between $25,000 to $34,999",CEN_HHINC_25000-34999,"18,662.00"
Region,MA,,PVPC Region,2022,5-Year-Estimates,Economic,"Households with Income between $35,000 to $49,999",CEN_HHINC_35000-49999,"25,761.00"
Region,MA,,PVPC Region,2022,5-Year-Estimates,Economic,"Households with Income between $50,000 to $74,999",CEN_HHINC_50000-74999,"36,979.00"
Region,MA,,PVPC Region,2022,5-Year-Estimates,Economic,"Households with Income between $75,000 to $99,999",CEN_HHINC_75000-99999,"29,954.00"
Region,MA,,PVPC Region,2022,5-Year-Estimates,Economic,"Households with Income between $100,000 to $149,999",CEN_HHINC_100000-149999,"42,104.00"
Region,MA,,PVPC Region,2022,5-Year-Estimates,Economic,"Households with Income between $150,000 to $199,999",CEN_HHINC_150000-199999,"20,889.00"
Region,MA,,PVPC Region,2022,5-Year-Estimates,Economic,"Households with Income between $200,000 or more",CEN_HHINC_200000_PLUS,"23,566.00"
Region,MA,,PVPC Region,2022,5-Year-Estimates,Economic,"Households with Income Less than $10,000",CEN_HHINC_0-9999,"13,503.00"
Region,MA,,PVPC Region,2022,5-Year-Estimates,Economic,Households with Retirement Income,CEN_RETINC,"57,913.00"
Region,MA,,PVPC Region,2022,5-Year-Estimates,Economic,Households with Social Security Income,CEN_SOCSECINC,"83,008.00"
Region,MA,,PVPC Region,2022,5-Year-Estimates,Economic,Median Family Income,CEN_MEDFAMINC,"198,864.00"
Region,MA,,PVPC Region,2022,5-Year-Estimates,Economic,Median Household Income,CEN_MEDHHINC,"150,644.00"
Region,MA,,PVPC Region,2022,5-Year-Estimates,Economic,Per Capita Income,CEN_PERCAPINC,"79,523.00"
Region,MA,,PVPC Region,2022,5-Year-Estimates,Economic,Percent of Employed Population in Poverty - Female,EMP_FEMALE_POV_PERC,0.13
Region,MA,,PVPC Region,2022,5-Year-Estimates,Economic,Percent of Employed Population in Poverty - Male,EMP_MALE_POV_PERC,0.09
Region,MA,,PVPC Region,2022,5-Year-Estimates,Economic,Percent of Unemployed Population in Poverty - Female,UNEMP_FEMALE_POV_PERC,0.7
Region,MA,,PVPC Region,2022,5-Year-Estimates,Economic,Percent of Unemployed Population in Poverty - Male,UNEMP_MALE_POV_PERC,0.48
Region,MA,,PVPC Region,2022,5-Year-Estimates,Economic,Population Living below Poverty,CEN_POOR,"20,561.00"
Region,MA,,PVPC Region,2022,5-Year-Estimates,Economic,Poverty Status Determined Population,CEN_POVTOTALPOP,"585,098.00"
Region,MA,,PVPC Region,2022,5-Year-Estimates,Economic,Self Employment Income-Household,CEN_SELFEMPINC,"23,262.00"
Region,MA,,PVPC Region,2022,5-Year-Estimates,Economic,Total population counted for unemployment by sex - Female,UNEMP_FEMALE,"17,106.00"
Region,MA,,PVPC Region,2022,5-Year-Estimates,Economic,Total population counted for unemployment by sex - Male,UNEMP_MALE,"17,548.00"
Region,MA,,PVPC Region,2022,5-Year-Estimates,Economic,Unemployment by sex and below the poverty line - Female,UNEMP_FEMALE_POV,"5,976.00"
Region,MA,,PVPC Region,2022,5-Year-Estimates,Economic,Unemployment by sex and below the poverty line - Male,UNEMP_MALE_POV,"4,214.00"